timestamp,v3_price,v4_price,spot_price,perp_price,first_source,first_price,last_source,last_price,firstLastDiffPercent
2025-12-03T11:07:54.392Z,33.956363218116394,33.980787174793996,34.0365,34.0365,现货价格,34.0365,V3 池,33.956363218116394,0.235444
2025-12-03T11:07:54.397Z,33.956363218116394,33.980787174793996,34.0345,34.0345,现货价格,34.0345,V3 池,33.956363218116394,0.229581
2025-12-03T11:07:54.402Z,33.956363218116394,33.980787174793996,34.0345,34.0345,现货价格,34.0345,V3 池,33.956363218116394,0.229581
2025-12-03T11:07:54.407Z,33.956363218116394,33.980787174793996,34.0365,34.0365,现货价格,34.0365,V3 池,33.956363218116394,0.235444
2025-12-03T11:07:54.410Z,33.956363218116394,33.980787174793996,34.0365,34.0365,现货价格,34.0365,V3 池,33.956363218116394,0.235444
2025-12-03T11:07:54.413Z,33.956363218116394,33.980787174793996,34.0365,34.0365,现货价格,34.0365,V3 池,33.956363218116394,0.235444
2025-12-03T11:07:55.275Z,33.956363218116394,33.980787174793996,34.0495,34.0495,现货价格,34.0495,V3 池,33.956363218116394,0.273533
2025-12-03T11:07:55.308Z,33.956363218116394,33.980787174793996,34.0495,34.0495,现货价格,34.0495,V3 池,33.956363218116394,0.273533
2025-12-03T11:07:55.324Z,33.956363218116394,33.980787174793996,34.0495,34.0495,现货价格,34.0495,V3 池,33.956363218116394,0.273533
2025-12-03T11:07:55.408Z,33.956363218116394,33.98974859287868,34.0495,34.0495,现货价格,34.0495,V3 池,33.956363218116394,0.273533
2025-12-03T11:07:55.408Z,33.956363218116394,33.98974859287868,34.0345,34.0345,现货价格,34.0345,V3 池,33.956363218116394,0.229581
2025-12-03T11:07:55.409Z,33.956363218116394,33.98974859287868,34.0345,34.0345,现货价格,34.0345,V3 池,33.956363218116394,0.229581
2025-12-03T11:07:55.409Z,33.956363218116394,33.98974859287868,34.0495,34.0495,现货价格,34.0495,V3 池,33.956363218116394,0.273533
2025-12-03T11:07:55.410Z,33.956363218116394,33.99247200498683,34.0345,34.0345,现货价格,34.0345,V3 池,33.956363218116394,0.229581
2025-12-03T11:07:55.410Z,33.956363218116394,33.98974859287868,34.0495,34.0495,现货价格,34.0495,V3 池,33.956363218116394,0.273533
2025-12-03T11:07:55.411Z,33.956363218116394,33.99247200498683,34.0495,34.0495,现货价格,34.0495,V3 池,33.956363218116394,0.273533
2025-12-03T11:07:55.412Z,33.956363218116394,33.99247200498683,34.0495,34.0495,现货价格,34.0495,V3 池,33.956363218116394,0.273533
2025-12-03T11:07:55.413Z,33.956363218116394,33.98974859287868,34.0365,34.0365,现货价格,34.0365,V3 池,33.956363218116394,0.235444
2025-12-03T11:07:55.413Z,33.956363218116394,33.99247200498683,34.0345,34.0345,现货价格,34.0345,V3 池,33.956363218116394,0.229581
2025-12-03T11:07:55.414Z,33.956363218116394,33.99247200498683,34.0495,34.0495,现货价格,34.0495,V3 池,33.956363218116394,0.273533
2025-12-03T11:07:55.416Z,33.956363218116394,33.99247200498683,34.0365,34.0365,现货价格,34.0365,V3 池,33.956363218116394,0.235444
2025-12-03T11:07:55.442Z,33.956363218116394,33.99247200498683,34.0495,34.0495,现货价格,34.0495,V3 池,33.956363218116394,0.273533
2025-12-03T11:07:56.001Z,33.956363218116394,33.99247200498683,34.0495,34.0495,现货价格,34.0495,V3 池,33.956363218116394,0.273533
2025-12-03T11:07:56.013Z,33.956363218116394,33.99247200498683,34.0495,34.0495,现货价格,34.0495,V3 池,33.956363218116394,0.273533
2025-12-03T11:07:57.555Z,33.96376460869348,33.99247200498683,34.0495,34.0495,现货价格,34.0495,V3 池,33.96376460869348,0.251796
2025-12-03T11:07:57.555Z,33.96376460869348,33.99247200498683,34.0495,34.0495,现货价格,34.0495,V3 池,33.96376460869348,0.251796
2025-12-03T11:07:57.555Z,33.96376460869348,33.99247200498683,34.0495,34.0495,现货价格,34.0495,V3 池,33.96376460869348,0.251796
2025-12-03T11:07:57.557Z,33.96376460869348,33.995463670067075,34.0495,34.0495,现货价格,34.0495,V3 池,33.96376460869348,0.251796
2025-12-03T11:07:57.557Z,33.96376460869348,33.995463670067075,34.0495,34.0495,现货价格,34.0495,V3 池,33.96376460869348,0.251796
2025-12-03T11:07:57.557Z,33.96376460869348,33.995463670067075,34.0495,34.0495,现货价格,34.0495,V3 池,33.96376460869348,0.251796
2025-12-03T11:07:57.558Z,33.96376460869348,33.99247200498683,34.0495,34.0495,现货价格,34.0495,V3 池,33.96376460869348,0.251796
2025-12-03T11:07:57.558Z,33.96376460869348,33.99690718317054,34.0495,34.0495,现货价格,34.0495,V3 池,33.96376460869348,0.251796
2025-12-03T11:07:57.558Z,33.96376460869348,33.99690718317054,34.0495,34.0495,现货价格,34.0495,V3 池,33.96376460869348,0.251796
2025-12-03T11:07:57.559Z,33.96376460869348,33.995463670067075,34.0495,34.0495,现货价格,34.0495,V3 池,33.96376460869348,0.251796
2025-12-03T11:07:57.559Z,33.96376460869348,33.99247200498683,34.0495,34.0495,现货价格,34.0495,V3 池,33.96376460869348,0.251796
2025-12-03T11:07:57.560Z,33.96376460869348,33.99690718317054,34.0495,34.0495,现货价格,34.0495,V3 池,33.96376460869348,0.251796
2025-12-03T11:07:57.561Z,33.96376460869348,33.99690718317054,34.0495,34.0495,现货价格,34.0495,V3 池,33.96376460869348,0.251796
2025-12-03T11:07:57.562Z,33.96376460869348,33.995463670067075,34.0495,34.0495,现货价格,34.0495,V3 池,33.96376460869348,0.251796
2025-12-03T11:07:57.563Z,33.96376460869348,33.99690718317054,34.0495,34.0495,现货价格,34.0495,V3 池,33.96376460869348,0.251796
2025-12-03T11:07:57.564Z,33.96376460869348,33.99247200498683,34.0495,34.0495,现货价格,34.0495,V3 池,33.96376460869348,0.251796
2025-12-03T11:07:57.566Z,33.96376460869348,33.995463670067075,34.0495,34.0495,现货价格,34.0495,V3 池,33.96376460869348,0.251796
2025-12-03T11:07:57.567Z,33.96376460869348,33.99690718317054,34.0495,34.0495,现货价格,34.0495,V3 池,33.96376460869348,0.251796
2025-12-03T11:08:00.281Z,33.96376460869348,33.99690718317054,34.0545,34.0545,现货价格,34.0545,V3 池,33.96376460869348,0.266442
2025-12-03T11:08:00.309Z,33.96376460869348,33.99690718317054,34.0545,34.0545,现货价格,34.0545,V3 池,33.96376460869348,0.266442
2025-12-03T11:08:00.341Z,33.96376460869348,33.99690718317054,34.0545,34.0545,现货价格,34.0545,V3 池,33.96376460869348,0.266442
2025-12-03T11:08:00.440Z,33.96376460869348,33.99690718317054,34.0545,34.0545,现货价格,34.0545,V3 池,33.96376460869348,0.266442
2025-12-03T11:08:00.896Z,33.96376460869348,33.99690718317054,34.0545,34.0545,现货价格,34.0545,V3 池,33.96376460869348,0.266442
2025-12-03T11:08:01.014Z,33.96376460869348,33.99690718317054,34.0545,34.0545,现货价格,34.0545,V3 池,33.96376460869348,0.266442
2025-12-03T11:08:07.672Z,33.96376460869348,34.002245652067984,34.0425,34.0425,现货价格,34.0425,V3 池,33.96376460869348,0.231286
2025-12-03T11:08:07.676Z,33.96376460869348,34.002245652067984,34.0425,34.0425,现货价格,34.0425,V3 池,33.96376460869348,0.231286
2025-12-03T11:08:07.678Z,33.96376460869348,34.002245652067984,34.0425,34.0425,现货价格,34.0425,V3 池,33.96376460869348,0.231286
2025-12-03T11:08:07.680Z,33.96376460869348,34.002245652067984,34.0425,34.0425,现货价格,34.0425,V3 池,33.96376460869348,0.231286
2025-12-03T11:08:07.681Z,33.96376460869348,34.002245652067984,34.0425,34.0425,现货价格,34.0425,V3 池,33.96376460869348,0.231286
2025-12-03T11:08:07.682Z,33.96376460869348,34.002245652067984,34.0425,34.0425,现货价格,34.0425,V3 池,33.96376460869348,0.231286
2025-12-03T11:08:10.180Z,33.96376460869348,34.002245652067984,34.0495,34.0495,现货价格,34.0495,V3 池,33.96376460869348,0.251796
2025-12-03T11:08:10.218Z,33.96376460869348,34.002245652067984,34.0495,34.0495,现货价格,34.0495,V3 池,33.96376460869348,0.251796
2025-12-03T11:08:10.301Z,33.96376460869348,34.002245652067984,34.0495,34.0495,现货价格,34.0495,V3 池,33.96376460869348,0.251796
2025-12-03T11:08:10.464Z,33.96376460869348,34.002245652067984,34.0495,34.0495,现货价格,34.0495,V3 池,33.96376460869348,0.251796
2025-12-03T11:08:10.477Z,33.96376460869348,34.002245652067984,34.0495,34.0495,现货价格,34.0495,V3 池,33.96376460869348,0.251796
2025-12-03T11:08:10.549Z,33.96376460869348,34.002245652067984,34.0495,34.0495,现货价格,34.0495,V3 池,33.96376460869348,0.251796
2025-12-03T11:08:14.449Z,33.96376460869348,34.00702172361468,34.0495,34.0495,现货价格,34.0495,V3 池,33.96376460869348,0.251796
2025-12-03T11:08:14.449Z,33.96376460869348,34.00702172361468,34.0495,34.0495,现货价格,34.0495,V3 池,33.96376460869348,0.251796
2025-12-03T11:08:14.451Z,33.96376460869348,34.00702172361468,34.0495,34.0495,现货价格,34.0495,V3 池,33.96376460869348,0.251796
2025-12-03T11:08:14.452Z,33.96376460869348,34.00702172361468,34.0495,34.0495,现货价格,34.0495,V3 池,33.96376460869348,0.251796
2025-12-03T11:08:14.453Z,33.96376460869348,34.00702172361468,34.0495,34.0495,现货价格,34.0495,V3 池,33.96376460869348,0.251796
2025-12-03T11:08:14.453Z,33.96376460869348,34.00702172361468,34.0495,34.0495,现货价格,34.0495,V3 池,33.96376460869348,0.251796
2025-12-03T11:08:15.181Z,33.96376460869348,34.00702172361468,34.0485,34.0485,现货价格,34.0485,V3 池,33.96376460869348,0.248867
2025-12-03T11:08:15.221Z,33.96376460869348,34.00702172361468,34.0485,34.0485,现货价格,34.0485,V3 池,33.96376460869348,0.248867
2025-12-03T11:08:15.299Z,33.96376460869348,34.00702172361468,34.0485,34.0485,现货价格,34.0485,V3 池,33.96376460869348,0.248867
2025-12-03T11:08:15.470Z,33.96376460869348,34.00702172361468,34.0485,34.0485,现货价格,34.0485,V3 池,33.96376460869348,0.248867
2025-12-03T11:08:15.480Z,33.96376460869348,34.00702172361468,34.0485,34.0485,现货价格,34.0485,V3 池,33.96376460869348,0.248867
2025-12-03T11:08:15.536Z,33.96376460869348,34.00702172361468,34.0485,34.0485,现货价格,34.0485,V3 池,33.96376460869348,0.248867
2025-12-03T11:08:18.416Z,33.96993930388259,34.00702172361468,34.0485,34.0485,现货价格,34.0485,V3 池,33.96993930388259,0.230732
2025-12-03T11:08:18.416Z,33.96993930388259,34.00702172361468,34.0485,34.0485,现货价格,34.0485,V3 池,33.96993930388259,0.230732
2025-12-03T11:08:18.417Z,33.96993930388259,34.00702172361468,34.0485,34.0485,现货价格,34.0485,V3 池,33.96993930388259,0.230732
2025-12-03T11:08:18.417Z,33.96993930388259,34.00702172361468,34.0485,34.0485,现货价格,34.0485,V3 池,33.96993930388259,0.230732
2025-12-03T11:08:18.417Z,33.96993930388259,34.00702172361468,34.0485,34.0485,现货价格,34.0485,V3 池,33.96993930388259,0.230732
2025-12-03T11:08:18.419Z,33.96993930388259,34.00702172361468,34.0485,34.0485,现货价格,34.0485,V3 池,33.96993930388259,0.230732
2025-12-03T11:08:20.199Z,33.96993930388259,34.00702172361468,34.059,34.059,现货价格,34.059,V3 池,33.96993930388259,0.261489
2025-12-03T11:08:20.217Z,33.96993930388259,34.00702172361468,34.0595,34.0595,现货价格,34.0595,V3 池,33.96993930388259,0.262954
2025-12-03T11:08:20.292Z,33.96993930388259,34.00702172361468,34.059,34.059,现货价格,34.059,V3 池,33.96993930388259,0.261489
2025-12-03T11:08:20.473Z,33.96993930388259,34.00702172361468,34.0595,34.0595,现货价格,34.0595,V3 池,33.96993930388259,0.262954
2025-12-03T11:08:20.484Z,33.96993930388259,34.00702172361468,34.0595,34.0595,现货价格,34.0595,V3 池,33.96993930388259,0.262954
2025-12-03T11:08:20.665Z,33.96993930388259,34.00702172361468,34.0595,34.0595,现货价格,34.0595,V3 池,33.96993930388259,0.262954
2025-12-03T11:08:22.494Z,33.97688259795565,34.00702172361468,34.0605,34.0605,现货价格,34.0605,V3 池,33.97688259795565,0.245497
2025-12-03T11:08:22.494Z,33.97688259795565,34.00702172361468,34.0605,34.0605,现货价格,34.0605,V3 池,33.97688259795565,0.245497
2025-12-03T11:08:22.499Z,33.97688259795565,34.00702172361468,34.0605,34.0605,现货价格,34.0605,V3 池,33.97688259795565,0.245497
2025-12-03T11:08:22.500Z,33.97688259795565,34.00702172361468,34.0605,34.0605,现货价格,34.0605,V3 池,33.97688259795565,0.245497
2025-12-03T11:08:22.503Z,33.97688259795565,34.00702172361468,34.0605,34.0605,现货价格,34.0605,V3 池,33.97688259795565,0.245497
2025-12-03T11:08:22.509Z,33.97688259795565,34.00702172361468,34.0605,34.0605,现货价格,34.0605,V3 池,33.97688259795565,0.245497
2025-12-03T11:08:23.515Z,33.97688259795565,34.011354359994144,34.0605,34.0605,现货价格,34.0605,V3 池,33.97688259795565,0.245497
2025-12-03T11:08:23.515Z,33.97688259795565,34.011354359994144,34.0605,34.0605,现货价格,34.0605,V3 池,33.97688259795565,0.245497
2025-12-03T11:08:23.515Z,33.97688259795565,34.011354359994144,34.0605,34.0605,现货价格,34.0605,V3 池,33.97688259795565,0.245497
2025-12-03T11:08:23.516Z,33.97688259795565,34.011354359994144,34.0605,34.0605,现货价格,34.0605,V3 池,33.97688259795565,0.245497
2025-12-03T11:08:23.518Z,33.97688259795565,34.011354359994144,34.0605,34.0605,现货价格,34.0605,V3 池,33.97688259795565,0.245497
2025-12-03T11:08:23.521Z,33.97688259795565,34.011354359994144,34.0605,34.0605,现货价格,34.0605,V3 池,33.97688259795565,0.245497
2025-12-03T11:08:24.533Z,33.97688259795565,34.01376939875424,34.0605,34.0605,现货价格,34.0605,V3 池,33.97688259795565,0.245497
2025-12-03T11:08:24.533Z,33.97688259795565,34.01376939875424,34.0605,34.0605,现货价格,34.0605,V3 池,33.97688259795565,0.245497
2025-12-03T11:08:24.534Z,33.97688259795565,34.01376939875424,34.0605,34.0605,现货价格,34.0605,V3 池,33.97688259795565,0.245497
2025-12-03T11:08:24.535Z,33.97688259795565,34.01376939875424,34.0605,34.0605,现货价格,34.0605,V3 池,33.97688259795565,0.245497
2025-12-03T11:08:24.537Z,33.97688259795565,34.01376939875424,34.0605,34.0605,现货价格,34.0605,V3 池,33.97688259795565,0.245497
2025-12-03T11:08:24.537Z,33.97688259795565,34.01376939875424,34.0605,34.0605,现货价格,34.0605,V3 池,33.97688259795565,0.245497
2025-12-03T11:08:26.463Z,33.98088363694544,34.01376939875424,34.0605,34.0605,现货价格,34.0605,V3 池,33.98088363694544,0.233750
2025-12-03T11:08:26.463Z,33.98088363694544,34.01376939875424,34.0605,34.0605,现货价格,34.0605,V3 池,33.98088363694544,0.233750
2025-12-03T11:08:26.463Z,33.98088363694544,34.01376939875424,34.0605,34.0605,现货价格,34.0605,V3 池,33.98088363694544,0.233750
2025-12-03T11:08:26.465Z,33.98088363694544,34.01376939875424,34.0605,34.0605,现货价格,34.0605,V3 池,33.98088363694544,0.233750
2025-12-03T11:08:26.466Z,33.98088363694544,34.01376939875424,34.0605,34.0605,现货价格,34.0605,V3 池,33.98088363694544,0.233750
2025-12-03T11:08:26.466Z,33.98088363694544,34.01376939875424,34.0605,34.0605,现货价格,34.0605,V3 池,33.98088363694544,0.233750
2025-12-03T11:08:27.280Z,33.98088363694544,34.01376939875424,34.063,34.063,现货价格,34.063,V3 池,33.98088363694544,0.241072
2025-12-03T11:08:27.332Z,33.98088363694544,34.01376939875424,34.063,34.063,现货价格,34.063,V3 池,33.98088363694544,0.241072
2025-12-03T11:08:27.344Z,33.98088363694544,34.01376939875424,34.063,34.063,现货价格,34.063,V3 池,33.98088363694544,0.241072
2025-12-03T11:08:27.362Z,33.98088363694544,34.01376939875424,34.063,34.063,现货价格,34.063,V3 池,33.98088363694544,0.241072
2025-12-03T11:08:27.396Z,33.98088363694544,34.01376939875424,34.063,34.063,现货价格,34.063,V3 池,33.98088363694544,0.241072
2025-12-03T11:08:27.398Z,33.98088363694544,34.01376939875424,34.063,34.063,现货价格,34.063,V3 池,33.98088363694544,0.241072
2025-12-03T11:08:32.314Z,33.98088363694544,34.01376939875424,34.0375,34.0375,现货价格,34.0375,V3 池,33.98088363694544,0.166335
2025-12-03T11:08:32.340Z,33.98088363694544,34.01376939875424,34.0375,34.0375,现货价格,34.0375,V3 池,33.98088363694544,0.166335
2025-12-03T11:08:32.347Z,33.98088363694544,34.01376939875424,34.0375,34.0375,现货价格,34.0375,V3 池,33.98088363694544,0.166335
2025-12-03T11:08:32.362Z,33.98088363694544,34.01376939875424,34.0375,34.0375,现货价格,34.0375,V3 池,33.98088363694544,0.166335
2025-12-03T11:08:32.364Z,33.98088363694544,34.01376939875424,34.0375,34.0375,现货价格,34.0375,V3 池,33.98088363694544,0.166335
2025-12-03T11:08:32.476Z,33.98088363694544,34.01376939875424,34.0375,34.0375,现货价格,34.0375,V3 池,33.98088363694544,0.166335
2025-12-03T11:08:37.279Z,33.98088363694544,34.01376939875424,34.0495,34.0495,现货价格,34.0495,V3 池,33.98088363694544,0.201519
2025-12-03T11:08:37.369Z,33.98088363694544,34.01376939875424,34.0495,34.0495,现货价格,34.0495,V3 池,33.98088363694544,0.201519
2025-12-03T11:08:37.371Z,33.98088363694544,34.01376939875424,34.0495,34.0495,现货价格,34.0495,V3 池,33.98088363694544,0.201519
2025-12-03T11:08:37.389Z,33.98088363694544,34.01376939875424,34.0495,34.0495,现货价格,34.0495,V3 池,33.98088363694544,0.201519
2025-12-03T11:08:37.394Z,33.98088363694544,34.01376939875424,34.0495,34.0495,现货价格,34.0495,V3 池,33.98088363694544,0.201519
2025-12-03T11:08:37.395Z,33.98088363694544,34.01376939875424,34.0495,34.0495,现货价格,34.0495,V3 池,33.98088363694544,0.201519
2025-12-03T11:08:42.275Z,33.98088363694544,34.01376939875424,34.0415,34.0415,现货价格,34.0415,V3 池,33.98088363694544,0.178066
2025-12-03T11:08:42.356Z,33.98088363694544,34.01376939875424,34.0415,34.0415,现货价格,34.0415,V3 池,33.98088363694544,0.178066
2025-12-03T11:08:42.375Z,33.98088363694544,34.01376939875424,34.0415,34.0415,现货价格,34.0415,V3 池,33.98088363694544,0.178066
2025-12-03T11:08:42.386Z,33.98088363694544,34.01376939875424,34.0415,34.0415,现货价格,34.0415,V3 池,33.98088363694544,0.178066
2025-12-03T11:08:42.395Z,33.98088363694544,34.01376939875424,34.0415,34.0415,现货价格,34.0415,V3 池,33.98088363694544,0.178066
2025-12-03T11:08:42.487Z,33.98088363694544,34.01376939875424,34.0415,34.0415,现货价格,34.0415,V3 池,33.98088363694544,0.178066
2025-12-03T11:08:42.870Z,33.98088363694544,34.01376939875424,34.0415,34.0415,现货价格,34.0415,V3 池,33.98088363694544,0.178066
2025-12-03T11:08:47.317Z,33.98088363694544,34.01376939875424,34.0155,34.0155,现货价格,34.0155,V3 池,33.98088363694544,0.101766
2025-12-03T11:08:47.355Z,33.98088363694544,34.01376939875424,34.0155,34.0155,现货价格,34.0155,V3 池,33.98088363694544,0.101766
2025-12-03T11:08:47.365Z,33.98088363694544,34.01376939875424,34.0155,34.0155,现货价格,34.0155,V3 池,33.98088363694544,0.101766
2025-12-03T11:08:47.403Z,33.98088363694544,34.01376939875424,34.0155,34.0155,现货价格,34.0155,V3 池,33.98088363694544,0.101766
2025-12-03T11:08:47.460Z,33.98088363694544,34.01376939875424,34.0155,34.0155,现货价格,34.0155,V3 池,33.98088363694544,0.101766
2025-12-03T11:08:47.562Z,33.98088363694544,34.01376939875424,34.0155,34.0155,现货价格,34.0155,V3 池,33.98088363694544,0.101766
2025-12-03T11:08:47.916Z,33.98088363694544,34.01376939875424,34.0155,34.0155,现货价格,34.0155,V3 池,33.98088363694544,0.101766
2025-12-03T11:09:03.481Z,33.98088363694544,34.0205244332112,33.9985,33.9985,V4 池,34.0205244332112,V3 池,33.98088363694544,0.116520
2025-12-03T11:09:03.483Z,33.98088363694544,34.0205244332112,34.001,34.001,V4 池,34.0205244332112,V3 池,33.98088363694544,0.116520
2025-12-03T11:09:03.487Z,33.98088363694544,34.0205244332112,34.001,34.001,V4 池,34.0205244332112,V3 池,33.98088363694544,0.116520
2025-12-03T11:09:03.488Z,33.98088363694544,34.0205244332112,33.9985,33.9985,V4 池,34.0205244332112,V3 池,33.98088363694544,0.116520
2025-12-03T11:09:03.492Z,33.98088363694544,34.0205244332112,33.9985,33.9985,V4 池,34.0205244332112,V3 池,33.98088363694544,0.116520
2025-12-03T11:09:03.492Z,33.98088363694544,34.0205244332112,34.001,34.001,V4 池,34.0205244332112,V3 池,33.98088363694544,0.116520
2025-12-03T11:09:03.504Z,33.98088363694544,34.0205244332112,34.001,34.001,V4 池,34.0205244332112,V3 池,33.98088363694544,0.116520
2025-12-03T11:09:04.590Z,33.98088363694544,34.0205244332112,33.9875,33.9875,V4 池,34.0205244332112,V3 池,33.98088363694544,0.116520
2025-12-03T11:09:04.728Z,33.98088363694544,34.0205244332112,33.9875,33.9875,V4 池,34.0205244332112,V3 池,33.98088363694544,0.116520
2025-12-03T11:09:04.734Z,33.98088363694544,34.0205244332112,33.9875,33.9875,V4 池,34.0205244332112,V3 池,33.98088363694544,0.116520
2025-12-03T11:09:04.841Z,33.98088363694544,34.0205244332112,33.9875,33.9875,V4 池,34.0205244332112,V3 池,33.98088363694544,0.116520
2025-12-03T11:09:04.868Z,33.98088363694544,34.0205244332112,33.9875,33.9875,V4 池,34.0205244332112,V3 池,33.98088363694544,0.116520
2025-12-03T11:09:04.884Z,33.98088363694544,34.0205244332112,33.9875,33.9875,V4 池,34.0205244332112,V3 池,33.98088363694544,0.116520
2025-12-03T11:09:04.921Z,33.98088363694544,34.0205244332112,33.9875,33.9875,V4 池,34.0205244332112,V3 池,33.98088363694544,0.116520
2025-12-03T11:09:08.366Z,33.98088363694544,34.017057166709236,33.9875,33.9875,V4 池,34.017057166709236,V3 池,33.98088363694544,0.106339
2025-12-03T11:09:08.366Z,33.98088363694544,34.017057166709236,33.9875,33.9875,V4 池,34.017057166709236,V3 池,33.98088363694544,0.106339
2025-12-03T11:09:08.366Z,33.98088363694544,34.017057166709236,33.9875,33.9875,V4 池,34.017057166709236,V3 池,33.98088363694544,0.106339
2025-12-03T11:09:08.366Z,33.98088363694544,34.017057166709236,33.9875,33.9875,V4 池,34.017057166709236,V3 池,33.98088363694544,0.106339
2025-12-03T11:09:08.367Z,33.98088363694544,34.017057166709236,33.9875,33.9875,V4 池,34.017057166709236,V3 池,33.98088363694544,0.106339
2025-12-03T11:09:08.368Z,33.98088363694544,34.017057166709236,33.9875,33.9875,V4 池,34.017057166709236,V3 池,33.98088363694544,0.106339
2025-12-03T11:09:08.368Z,33.98088363694544,34.017057166709236,33.9875,33.9875,V4 池,34.017057166709236,V3 池,33.98088363694544,0.106339
2025-12-03T11:09:09.529Z,33.98088363694544,34.017057166709236,33.9725,33.9725,V4 池,34.017057166709236,合约价格,33.9725,0.130985
2025-12-03T11:09:09.587Z,33.98088363694544,34.00975270747507,33.9725,33.9725,V4 池,34.00975270747507,合约价格,33.9725,0.109535
2025-12-03T11:09:09.634Z,33.98088363694544,34.00975270747507,33.9725,33.9725,V4 池,34.00975270747507,合约价格,33.9725,0.109535
2025-12-03T11:09:09.671Z,33.98088363694544,34.00975270747507,33.9725,33.9725,V4 池,34.00975270747507,合约价格,33.9725,0.109535
2025-12-03T11:09:09.861Z,33.98088363694544,34.00975270747507,33.9725,33.9725,V4 池,34.00975270747507,合约价格,33.9725,0.109535
2025-12-03T11:09:09.880Z,33.98088363694544,34.00975270747507,33.9725,33.9725,V4 池,34.00975270747507,合约价格,33.9725,0.109535
2025-12-03T11:09:09.933Z,33.98088363694544,34.00975270747507,33.9725,33.9725,V4 池,34.00975270747507,合约价格,33.9725,0.109535
2025-12-03T11:09:09.949Z,33.98088363694544,34.00975270747507,33.9725,33.9725,V4 池,34.00975270747507,合约价格,33.9725,0.109535
2025-12-03T11:09:14.526Z,33.98088363694544,34.00975270747507,33.9645,33.9645,V4 池,34.00975270747507,合约价格,33.9645,0.133058
2025-12-03T11:09:14.658Z,33.98088363694544,34.00975270747507,33.9645,33.9645,V4 池,34.00975270747507,合约价格,33.9645,0.133058
2025-12-03T11:09:14.678Z,33.98088363694544,34.00975270747507,33.9645,33.9645,V4 池,34.00975270747507,合约价格,33.9645,0.133058
2025-12-03T11:09:14.797Z,33.98088363694544,34.00975270747507,33.9645,33.9645,V4 池,34.00975270747507,合约价格,33.9645,0.133058
2025-12-03T11:09:14.886Z,33.98088363694544,34.00975270747507,33.9645,33.9645,V4 池,34.00975270747507,合约价格,33.9645,0.133058
2025-12-03T11:09:14.887Z,33.98088363694544,34.00975270747507,33.9645,33.9645,V4 池,34.00975270747507,合约价格,33.9645,0.133058
2025-12-03T11:09:14.897Z,33.98088363694544,34.00975270747507,33.9645,33.9645,V4 池,34.00975270747507,合约价格,33.9645,0.133058
2025-12-03T11:09:18.467Z,33.98088363694544,34.0075663063423,33.9645,33.9645,V4 池,34.0075663063423,合约价格,33.9645,0.126637
2025-12-03T11:09:18.467Z,33.98088363694544,34.0075663063423,33.9645,33.9645,V4 池,34.0075663063423,合约价格,33.9645,0.126637
2025-12-03T11:09:18.469Z,33.98088363694544,34.0075663063423,33.9645,33.9645,V4 池,34.0075663063423,合约价格,33.9645,0.126637
2025-12-03T11:09:18.469Z,33.98088363694544,34.0075663063423,33.9645,33.9645,V4 池,34.0075663063423,合约价格,33.9645,0.126637
2025-12-03T11:09:18.471Z,33.98088363694544,34.0075663063423,33.9645,33.9645,V4 池,34.0075663063423,合约价格,33.9645,0.126637
2025-12-03T11:09:18.471Z,33.98088363694544,34.0075663063423,33.9645,33.9645,V4 池,34.0075663063423,合约价格,33.9645,0.126637
2025-12-03T11:09:18.471Z,33.98088363694544,34.0075663063423,33.9645,33.9645,V4 池,34.0075663063423,合约价格,33.9645,0.126637
2025-12-03T11:09:19.533Z,33.98088363694544,34.0075663063423,33.9565,33.9565,V4 池,34.0075663063423,合约价格,33.9565,0.150162
2025-12-03T11:09:19.651Z,33.98088363694544,34.0075663063423,33.9565,33.9565,V4 池,34.0075663063423,合约价格,33.9565,0.150162
2025-12-03T11:09:19.674Z,33.98088363694544,34.0075663063423,33.9565,33.9565,V4 池,34.0075663063423,合约价格,33.9565,0.150162
2025-12-03T11:09:19.798Z,33.98088363694544,34.0075663063423,33.9565,33.9565,V4 池,34.0075663063423,合约价格,33.9565,0.150162
2025-12-03T11:09:19.894Z,33.98088363694544,34.0075663063423,33.9565,33.9565,V4 池,34.0075663063423,合约价格,33.9565,0.150162
2025-12-03T11:09:19.964Z,33.98088363694544,34.0075663063423,33.9565,33.9565,V4 池,34.0075663063423,合约价格,33.9565,0.150162
2025-12-03T11:09:19.965Z,33.98088363694544,34.0075663063423,33.9565,33.9565,V4 池,34.0075663063423,合约价格,33.9565,0.150162
2025-12-03T11:09:21.427Z,33.98088363694544,34.005460036397395,33.9565,33.9565,V4 池,34.005460036397395,合约价格,33.9565,0.143977
2025-12-03T11:09:21.427Z,33.98088363694544,34.005460036397395,33.9565,33.9565,V4 池,34.005460036397395,合约价格,33.9565,0.143977
2025-12-03T11:09:21.428Z,33.98088363694544,34.005460036397395,33.9565,33.9565,V4 池,34.005460036397395,合约价格,33.9565,0.143977
2025-12-03T11:09:21.429Z,33.98088363694544,34.005460036397395,33.9565,33.9565,V4 池,34.005460036397395,合约价格,33.9565,0.143977
2025-12-03T11:09:21.429Z,33.98088363694544,34.005460036397395,33.9565,33.9565,V4 池,34.005460036397395,合约价格,33.9565,0.143977
2025-12-03T11:09:21.430Z,33.98088363694544,34.005460036397395,33.9565,33.9565,V4 池,34.005460036397395,合约价格,33.9565,0.143977
2025-12-03T11:09:21.430Z,33.98088363694544,34.005460036397395,33.9565,33.9565,V4 池,34.005460036397395,合约价格,33.9565,0.143977
2025-12-03T11:09:24.492Z,33.98088363694544,33.999843514578856,33.9565,33.9565,V4 池,33.999843514578856,合约价格,33.9565,0.127482
2025-12-03T11:09:24.492Z,33.98088363694544,33.999843514578856,33.9565,33.9565,V4 池,33.999843514578856,合约价格,33.9565,0.127482
2025-12-03T11:09:24.492Z,33.98088363694544,33.999843514578856,33.9565,33.9565,V4 池,33.999843514578856,合约价格,33.9565,0.127482
2025-12-03T11:09:24.494Z,33.98088363694544,33.999843514578856,33.9565,33.9565,V4 池,33.999843514578856,合约价格,33.9565,0.127482
2025-12-03T11:09:24.494Z,33.98088363694544,33.999843514578856,33.9565,33.9565,V4 池,33.999843514578856,合约价格,33.9565,0.127482
2025-12-03T11:09:24.494Z,33.98088363694544,33.999843514578856,33.9565,33.9565,V4 池,33.999843514578856,合约价格,33.9565,0.127482
2025-12-03T11:09:24.497Z,33.98088363694544,33.999843514578856,33.9565,33.9565,V4 池,33.999843514578856,合约价格,33.9565,0.127482
2025-12-03T11:09:24.535Z,33.98088363694544,33.999843514578856,33.9575,33.9575,V4 池,33.999843514578856,合约价格,33.9575,0.124540
2025-12-03T11:09:24.643Z,33.98088363694544,33.999843514578856,33.9575,33.9575,V4 池,33.999843514578856,合约价格,33.9575,0.124540
2025-12-03T11:09:24.669Z,33.98088363694544,33.999843514578856,33.9575,33.9575,V4 池,33.999843514578856,合约价格,33.9575,0.124540
2025-12-03T11:09:24.826Z,33.98088363694544,33.999843514578856,33.9575,33.9575,V4 池,33.999843514578856,合约价格,33.9575,0.124540
2025-12-03T11:09:24.853Z,33.98088363694544,33.999843514578856,33.9575,33.9575,V4 池,33.999843514578856,合约价格,33.9575,0.124540
2025-12-03T11:09:24.908Z,33.98088363694544,33.999843514578856,33.9575,33.9575,V4 池,33.999843514578856,合约价格,33.9575,0.124540
2025-12-03T11:09:24.956Z,33.98088363694544,33.999843514578856,33.9575,33.9575,V4 池,33.999843514578856,合约价格,33.9575,0.124540
2025-12-03T11:09:29.507Z,33.98088363694544,33.993778764369985,33.9575,33.9575,V4 池,33.993778764369985,合约价格,33.9575,0.106722
2025-12-03T11:09:29.508Z,33.98088363694544,33.993778764369985,33.9575,33.9575,V4 池,33.993778764369985,合约价格,33.9575,0.106722
2025-12-03T11:09:29.508Z,33.98088363694544,33.993778764369985,33.9575,33.9575,V4 池,33.993778764369985,合约价格,33.9575,0.106722
2025-12-03T11:09:29.508Z,33.98088363694544,33.993778764369985,33.9575,33.9575,V4 池,33.993778764369985,合约价格,33.9575,0.106722
2025-12-03T11:09:29.510Z,33.98088363694544,33.993778764369985,33.9575,33.9575,V4 池,33.993778764369985,合约价格,33.9575,0.106722
2025-12-03T11:09:29.511Z,33.98088363694544,33.993778764369985,33.9575,33.9575,V4 池,33.993778764369985,合约价格,33.9575,0.106722
2025-12-03T11:09:29.512Z,33.98088363694544,33.993778764369985,33.9575,33.9575,V4 池,33.993778764369985,合约价格,33.9575,0.106722
2025-12-03T11:10:14.547Z,33.98088363694544,33.993778764369985,33.9485,33.9485,V4 池,33.993778764369985,合约价格,33.9485,0.133197
2025-12-03T11:10:14.648Z,33.98088363694544,33.993778764369985,33.9485,33.9485,V4 池,33.993778764369985,合约价格,33.9485,0.133197
2025-12-03T11:10:14.675Z,33.98088363694544,33.993778764369985,33.9485,33.9485,V4 池,33.993778764369985,合约价格,33.9485,0.133197
2025-12-03T11:10:14.811Z,33.98088363694544,33.993778764369985,33.9485,33.9485,V4 池,33.993778764369985,合约价格,33.9485,0.133197
2025-12-03T11:10:14.850Z,33.98088363694544,33.993778764369985,33.9485,33.9485,V4 池,33.993778764369985,合约价格,33.9485,0.133197
2025-12-03T11:10:14.887Z,33.98088363694544,33.993778764369985,33.9485,33.9485,V4 池,33.993778764369985,合约价格,33.9485,0.133197
2025-12-03T11:10:14.907Z,33.98088363694544,33.993778764369985,33.9485,33.9485,V4 池,33.993778764369985,合约价格,33.9485,0.133197
2025-12-03T11:10:16.526Z,33.98088363694544,33.99334177532774,33.9485,33.9485,V4 池,33.99334177532774,合约价格,33.9485,0.131913
2025-12-03T11:10:16.527Z,33.98088363694544,33.99334177532774,33.9485,33.9485,V4 池,33.99334177532774,合约价格,33.9485,0.131913
2025-12-03T11:10:16.528Z,33.98088363694544,33.99334177532774,33.9485,33.9485,V4 池,33.99334177532774,合约价格,33.9485,0.131913
2025-12-03T11:10:16.529Z,33.98088363694544,33.99334177532774,33.9485,33.9485,V4 池,33.99334177532774,合约价格,33.9485,0.131913
2025-12-03T11:10:16.530Z,33.98088363694544,33.99334177532774,33.9485,33.9485,V4 池,33.99334177532774,合约价格,33.9485,0.131913
2025-12-03T11:10:16.531Z,33.98088363694544,33.99334177532774,33.9485,33.9485,V4 池,33.99334177532774,合约价格,33.9485,0.131913
2025-12-03T11:10:16.531Z,33.98088363694544,33.99334177532774,33.9485,33.9485,V4 池,33.99334177532774,合约价格,33.9485,0.131913
2025-12-03T11:10:19.551Z,33.98088363694544,33.97842421223067,33.9205,33.9205,V3 池,33.98088363694544,合约价格,33.9205,0.177699
2025-12-03T11:10:19.653Z,33.98088363694544,33.97842421223067,33.9205,33.9205,V3 池,33.98088363694544,合约价格,33.9205,0.177699
2025-12-03T11:10:19.679Z,33.98088363694544,33.97842421223067,33.9205,33.9205,V3 池,33.98088363694544,合约价格,33.9205,0.177699
2025-12-03T11:10:19.807Z,33.98088363694544,33.97842421223067,33.9205,33.9205,V3 池,33.98088363694544,合约价格,33.9205,0.177699
2025-12-03T11:10:19.864Z,33.98088363694544,33.97842421223067,33.9205,33.9205,V3 池,33.98088363694544,合约价格,33.9205,0.177699
2025-12-03T11:10:19.887Z,33.98088363694544,33.97842421223067,33.9205,33.9205,V3 池,33.98088363694544,合约价格,33.9205,0.177699
2025-12-03T11:10:19.916Z,33.98088363694544,33.97842421223067,33.9205,33.9205,V3 池,33.98088363694544,合约价格,33.9205,0.177699
2025-12-03T11:10:22.499Z,33.98088363694544,33.97586124051694,33.9205,33.9205,V3 池,33.98088363694544,合约价格,33.9205,0.177699
2025-12-03T11:10:22.499Z,33.98088363694544,33.97586124051694,33.9205,33.9205,V3 池,33.98088363694544,合约价格,33.9205,0.177699
2025-12-03T11:10:22.499Z,33.98088363694544,33.97586124051694,33.9205,33.9205,V3 池,33.98088363694544,合约价格,33.9205,0.177699
2025-12-03T11:10:22.500Z,33.98088363694544,33.97586124051694,33.9205,33.9205,V3 池,33.98088363694544,合约价格,33.9205,0.177699
2025-12-03T11:10:22.500Z,33.98088363694544,33.97586124051694,33.9205,33.9205,V3 池,33.98088363694544,合约价格,33.9205,0.177699
2025-12-03T11:10:22.501Z,33.98088363694544,33.97586124051694,33.9205,33.9205,V3 池,33.98088363694544,合约价格,33.9205,0.177699
2025-12-03T11:10:22.502Z,33.98088363694544,33.97586124051694,33.9205,33.9205,V3 池,33.98088363694544,合约价格,33.9205,0.177699
2025-12-03T11:10:24.545Z,33.98088363694544,33.97586124051694,33.9165,33.9165,V3 池,33.98088363694544,合约价格,33.9165,0.189470
2025-12-03T11:10:24.679Z,33.98088363694544,33.97586124051694,33.9165,33.9165,V3 池,33.98088363694544,合约价格,33.9165,0.189470
2025-12-03T11:10:24.681Z,33.98088363694544,33.97586124051694,33.9165,33.9165,V3 池,33.98088363694544,合约价格,33.9165,0.189470
2025-12-03T11:10:24.805Z,33.98088363694544,33.97586124051694,33.9165,33.9165,V3 池,33.98088363694544,合约价格,33.9165,0.189470
2025-12-03T11:10:24.859Z,33.98088363694544,33.97586124051694,33.9165,33.9165,V3 池,33.98088363694544,合约价格,33.9165,0.189470
2025-12-03T11:10:24.890Z,33.98088363694544,33.97586124051694,33.9165,33.9165,V3 池,33.98088363694544,合约价格,33.9165,0.189470
2025-12-03T11:10:24.928Z,33.98088363694544,33.97586124051694,33.9165,33.9165,V3 池,33.98088363694544,合约价格,33.9165,0.189470
2025-12-03T11:10:25.445Z,33.98088363694544,33.95403936770544,33.9165,33.9165,V3 池,33.98088363694544,合约价格,33.9165,0.189470
2025-12-03T11:10:25.445Z,33.98088363694544,33.95403936770544,33.9165,33.9165,V3 池,33.98088363694544,合约价格,33.9165,0.189470
2025-12-03T11:10:25.445Z,33.98088363694544,33.95403936770544,33.9165,33.9165,V3 池,33.98088363694544,合约价格,33.9165,0.189470
2025-12-03T11:10:25.445Z,33.98088363694544,33.95403936770544,33.9165,33.9165,V3 池,33.98088363694544,合约价格,33.9165,0.189470
2025-12-03T11:10:25.447Z,33.98088363694544,33.95403936770544,33.9165,33.9165,V3 池,33.98088363694544,合约价格,33.9165,0.189470
2025-12-03T11:10:25.447Z,33.98088363694544,33.95403936770544,33.9165,33.9165,V3 池,33.98088363694544,合约价格,33.9165,0.189470
2025-12-03T11:10:25.456Z,33.98088363694544,33.95403936770544,33.9165,33.9165,V3 池,33.98088363694544,合约价格,33.9165,0.189470
2025-12-03T11:10:29.549Z,33.98088363694544,33.95403936770544,33.9165,33.9165,V3 池,33.98088363694544,合约价格,33.9165,0.189470
2025-12-03T11:10:29.653Z,33.98088363694544,33.95403936770544,33.9165,33.9165,V3 池,33.98088363694544,合约价格,33.9165,0.189470
2025-12-03T11:10:29.685Z,33.98088363694544,33.95403936770544,33.9165,33.9165,V3 池,33.98088363694544,合约价格,33.9165,0.189470
2025-12-03T11:10:29.805Z,33.98088363694544,33.95403936770544,33.912,33.912,V3 池,33.98088363694544,合约价格,33.912,0.202713
2025-12-03T11:10:29.912Z,33.98088363694544,33.95403936770544,33.912,33.912,V3 池,33.98088363694544,合约价格,33.912,0.202713
2025-12-03T11:10:29.941Z,33.98088363694544,33.95403936770544,33.912,33.912,V3 池,33.98088363694544,合约价格,33.912,0.202713
2025-12-03T11:10:29.946Z,33.98088363694544,33.95403936770544,33.912,33.912,V3 池,33.98088363694544,合约价格,33.912,0.202713
2025-12-03T11:10:31.430Z,33.98088363694544,33.951858336790565,33.9165,33.9165,V3 池,33.98088363694544,合约价格,33.9165,0.189470
2025-12-03T11:10:31.430Z,33.98088363694544,33.951858336790565,33.912,33.912,V3 池,33.98088363694544,合约价格,33.912,0.202713
2025-12-03T11:10:31.431Z,33.98088363694544,33.951858336790565,33.912,33.912,V3 池,33.98088363694544,合约价格,33.912,0.202713
2025-12-03T11:10:31.432Z,33.98088363694544,33.951858336790565,33.9165,33.9165,V3 池,33.98088363694544,合约价格,33.9165,0.189470
2025-12-03T11:10:31.433Z,33.98088363694544,33.951858336790565,33.912,33.912,V3 池,33.98088363694544,合约价格,33.912,0.202713
2025-12-03T11:10:31.434Z,33.98088363694544,33.951858336790565,33.9165,33.9165,V3 池,33.98088363694544,合约价格,33.9165,0.189470
2025-12-03T11:10:31.434Z,33.98088363694544,33.951858336790565,33.912,33.912,V3 池,33.98088363694544,合约价格,33.912,0.202713
2025-12-03T11:10:34.552Z,33.98088363694544,33.951858336790565,33.8925,33.8925,V3 池,33.98088363694544,合约价格,33.8925,0.260098
2025-12-03T11:10:34.732Z,33.98088363694544,33.951858336790565,33.8925,33.8925,V3 池,33.98088363694544,合约价格,33.8925,0.260098
2025-12-03T11:10:34.863Z,33.98088363694544,33.951858336790565,33.8925,33.8925,V3 池,33.98088363694544,合约价格,33.8925,0.260098
2025-12-03T11:10:34.867Z,33.98088363694544,33.951858336790565,33.8925,33.8925,V3 池,33.98088363694544,合约价格,33.8925,0.260098
2025-12-03T11:10:35.091Z,33.98088363694544,33.951858336790565,33.8925,33.8925,V3 池,33.98088363694544,合约价格,33.8925,0.260098
2025-12-03T11:10:35.125Z,33.98088363694544,33.951858336790565,33.8925,33.8925,V3 池,33.98088363694544,合约价格,33.8925,0.260098
2025-12-03T11:10:35.160Z,33.98088363694544,33.951858336790565,33.8925,33.8925,V3 池,33.98088363694544,合约价格,33.8925,0.260098
2025-12-03T11:10:37.449Z,33.98088363694544,33.93005958090974,33.8925,33.8925,V3 池,33.98088363694544,合约价格,33.8925,0.260098
2025-12-03T11:10:37.449Z,33.98088363694544,33.93005958090974,33.8925,33.8925,V3 池,33.98088363694544,合约价格,33.8925,0.260098
2025-12-03T11:10:37.450Z,33.98088363694544,33.93005958090974,33.8925,33.8925,V3 池,33.98088363694544,合约价格,33.8925,0.260098
2025-12-03T11:10:37.452Z,33.98088363694544,33.93005958090974,33.8925,33.8925,V3 池,33.98088363694544,合约价格,33.8925,0.260098
2025-12-03T11:10:37.452Z,33.98088363694544,33.93005958090974,33.8925,33.8925,V3 池,33.98088363694544,合约价格,33.8925,0.260098
2025-12-03T11:10:37.452Z,33.98088363694544,33.93005958090974,33.8925,33.8925,V3 池,33.98088363694544,合约价格,33.8925,0.260098
2025-12-03T11:10:37.454Z,33.98088363694544,33.93005958090974,33.8925,33.8925,V3 池,33.98088363694544,合约价格,33.8925,0.260098
2025-12-03T11:10:39.561Z,33.98088363694544,33.93005958090974,33.8835,33.8835,V3 池,33.98088363694544,合约价格,33.8835,0.286584
2025-12-03T11:10:39.708Z,33.98088363694544,33.93005958090974,33.8835,33.8835,V3 池,33.98088363694544,合约价格,33.8835,0.286584
2025-12-03T11:10:39.778Z,33.98088363694544,33.93005958090974,33.8835,33.8835,V3 池,33.98088363694544,合约价格,33.8835,0.286584
2025-12-03T11:10:39.820Z,33.98088363694544,33.93005958090974,33.8835,33.8835,V3 池,33.98088363694544,合约价格,33.8835,0.286584
2025-12-03T11:10:39.954Z,33.98088363694544,33.93005958090974,33.883,33.883,V3 池,33.98088363694544,合约价格,33.883,0.288055
2025-12-03T11:10:40.005Z,33.98088363694544,33.93005958090974,33.8835,33.8835,V3 池,33.98088363694544,合约价格,33.8835,0.286584
2025-12-03T11:10:40.115Z,33.98088363694544,33.93005958090974,33.883,33.883,V3 池,33.98088363694544,合约价格,33.883,0.288055
2025-12-03T11:10:43.663Z,33.98088363694544,33.927880860055,33.8835,33.8835,V3 池,33.98088363694544,合约价格,33.8835,0.286584
2025-12-03T11:10:43.664Z,33.98088363694544,33.927880860055,33.8835,33.8835,V3 池,33.98088363694544,合约价格,33.8835,0.286584
2025-12-03T11:10:43.664Z,33.98088363694544,33.927880860055,33.883,33.883,V3 池,33.98088363694544,合约价格,33.883,0.288055
2025-12-03T11:10:43.664Z,33.98088363694544,33.927880860055,33.883,33.883,V3 池,33.98088363694544,合约价格,33.883,0.288055
2025-12-03T11:10:43.666Z,33.98088363694544,33.927880860055,33.8835,33.8835,V3 池,33.98088363694544,合约价格,33.8835,0.286584
2025-12-03T11:10:43.666Z,33.98088363694544,33.927880860055,33.8835,33.8835,V3 池,33.98088363694544,合约价格,33.8835,0.286584
2025-12-03T11:10:43.667Z,33.98088363694544,33.927880860055,33.8835,33.8835,V3 池,33.98088363694544,合约价格,33.8835,0.286584
2025-12-03T11:10:44.768Z,33.98088363694544,33.927880860055,33.8725,33.8725,V3 池,33.98088363694544,合约价格,33.8725,0.318955
2025-12-03T11:10:44.806Z,33.98088363694544,33.927880860055,33.8725,33.8725,V3 池,33.98088363694544,合约价格,33.8725,0.318955
2025-12-03T11:10:44.809Z,33.98088363694544,33.927880860055,33.8725,33.8725,V3 池,33.98088363694544,合约价格,33.8725,0.318955
2025-12-03T11:10:44.862Z,33.98088363694544,33.927880860055,33.8725,33.8725,V3 池,33.98088363694544,合约价格,33.8725,0.318955
2025-12-03T11:10:44.895Z,33.98088363694544,33.927880860055,33.8725,33.8725,V3 池,33.98088363694544,合约价格,33.8725,0.318955
2025-12-03T11:10:45.091Z,33.98088363694544,33.927880860055,33.8725,33.8725,V3 池,33.98088363694544,合约价格,33.8725,0.318955
2025-12-03T11:10:45.497Z,33.95997998938374,33.927880860055,33.8725,33.8725,V3 池,33.95997998938374,合约价格,33.8725,0.257597
2025-12-03T11:10:45.498Z,33.95997998938374,33.927880860055,33.8725,33.8725,V3 池,33.95997998938374,合约价格,33.8725,0.257597
2025-12-03T11:10:45.498Z,33.95997998938374,33.927880860055,33.8725,33.8725,V3 池,33.95997998938374,合约价格,33.8725,0.257597
2025-12-03T11:10:45.499Z,33.95997998938374,33.927880860055,33.8725,33.8725,V3 池,33.95997998938374,合约价格,33.8725,0.257597
2025-12-03T11:10:45.500Z,33.95997998938374,33.927880860055,33.883,33.883,V3 池,33.95997998938374,合约价格,33.883,0.226679
2025-12-03T11:10:45.501Z,33.95997998938374,33.927880860055,33.8725,33.8725,V3 池,33.95997998938374,合约价格,33.8725,0.257597
2025-12-03T11:10:45.502Z,33.95997998938374,33.927880860055,33.8725,33.8725,V3 池,33.95997998938374,合约价格,33.8725,0.257597
2025-12-03T11:10:45.765Z,33.95997998938374,33.927880860055,33.8665,33.8665,V3 池,33.95997998938374,合约价格,33.8665,0.275265
2025-12-03T11:10:47.540Z,33.95997998938374,33.90610518846456,33.8725,33.8725,V3 池,33.95997998938374,合约价格,33.8725,0.257597
2025-12-03T11:10:47.540Z,33.95997998938374,33.90610518846456,33.8725,33.8725,V3 池,33.95997998938374,合约价格,33.8725,0.257597
2025-12-03T11:10:47.540Z,33.95997998938374,33.90610518846456,33.8725,33.8725,V3 池,33.95997998938374,合约价格,33.8725,0.257597
2025-12-03T11:10:47.542Z,33.95997998938374,33.90610518846456,33.8725,33.8725,V3 池,33.95997998938374,合约价格,33.8725,0.257597
2025-12-03T11:10:47.543Z,33.95997998938374,33.90610518846456,33.8665,33.8665,V3 池,33.95997998938374,合约价格,33.8665,0.275265
2025-12-03T11:10:47.543Z,33.95997998938374,33.90610518846456,33.8725,33.8725,V3 池,33.95997998938374,合约价格,33.8725,0.257597
2025-12-03T11:10:47.544Z,33.95997998938374,33.90610518846456,33.8725,33.8725,V3 池,33.95997998938374,合约价格,33.8725,0.257597
2025-12-03T11:10:49.585Z,33.95997998938374,33.90610518846456,33.8625,33.8625,V3 池,33.95997998938374,合约价格,33.8625,0.287044
2025-12-03T11:10:49.783Z,33.95997998938374,33.90610518846456,33.8565,33.8565,V3 池,33.95997998938374,合约价格,33.8565,0.304712
2025-12-03T11:10:49.876Z,33.95997998938374,33.90610518846456,33.8565,33.8565,V3 池,33.95997998938374,合约价格,33.8565,0.304712
2025-12-03T11:10:49.878Z,33.95997998938374,33.90610518846456,33.8565,33.8565,V3 池,33.95997998938374,合约价格,33.8565,0.304712
2025-12-03T11:10:49.903Z,33.95997998938374,33.90610518846456,33.8565,33.8565,V3 池,33.95997998938374,合约价格,33.8565,0.304712
2025-12-03T11:10:49.904Z,33.95997998938374,33.90610518846456,33.8565,33.8565,V3 池,33.95997998938374,合约价格,33.8565,0.304712
2025-12-03T11:10:50.011Z,33.95997998938374,33.90610518846456,33.8565,33.8565,V3 池,33.95997998938374,合约价格,33.8565,0.304712
2025-12-03T11:10:52.516Z,33.95997998938374,33.90566988888831,33.8565,33.8565,V3 池,33.95997998938374,合约价格,33.8565,0.304712
2025-12-03T11:10:52.517Z,33.95997998938374,33.90566988888831,33.8565,33.8565,V3 池,33.95997998938374,合约价格,33.8565,0.304712
2025-12-03T11:10:52.518Z,33.95997998938374,33.90566988888831,33.8625,33.8625,V3 池,33.95997998938374,合约价格,33.8625,0.287044
2025-12-03T11:10:52.519Z,33.95997998938374,33.90566988888831,33.8565,33.8565,V3 池,33.95997998938374,合约价格,33.8565,0.304712
2025-12-03T11:10:52.523Z,33.95997998938374,33.90566988888831,33.8565,33.8565,V3 池,33.95997998938374,合约价格,33.8565,0.304712
2025-12-03T11:10:52.524Z,33.95997998938374,33.90566988888831,33.8565,33.8565,V3 池,33.95997998938374,合约价格,33.8565,0.304712
2025-12-03T11:10:52.526Z,33.95997998938374,33.90566988888831,33.8565,33.8565,V3 池,33.95997998938374,合约价格,33.8565,0.304712
2025-12-03T11:10:54.711Z,33.95997998938374,33.90566988888831,33.8535,33.8535,V3 池,33.95997998938374,合约价格,33.8535,0.313546
2025-12-03T11:10:54.730Z,33.95997998938374,33.90566988888831,33.8535,33.8535,V3 池,33.95997998938374,合约价格,33.8535,0.313546
2025-12-03T11:10:54.762Z,33.95997998938374,33.90566988888831,33.8535,33.8535,V3 池,33.95997998938374,合约价格,33.8535,0.313546
2025-12-03T11:10:54.857Z,33.95997998938374,33.90566988888831,33.8535,33.8535,V3 池,33.95997998938374,合约价格,33.8535,0.313546
2025-12-03T11:10:54.863Z,33.95997998938374,33.90566988888831,33.8535,33.8535,V3 池,33.95997998938374,合约价格,33.8535,0.313546
2025-12-03T11:10:54.945Z,33.95997998938374,33.90566988888831,33.8535,33.8535,V3 池,33.95997998938374,合约价格,33.8535,0.313546
2025-12-03T11:10:55.147Z,33.95997998938374,33.90566988888831,33.8535,33.8535,V3 池,33.95997998938374,合约价格,33.8535,0.313546
2025-12-03T11:10:55.567Z,33.95997998938374,33.90349351674421,33.8535,33.8535,V3 池,33.95997998938374,合约价格,33.8535,0.313546
2025-12-03T11:10:55.567Z,33.95997998938374,33.90349351674421,33.8535,33.8535,V3 池,33.95997998938374,合约价格,33.8535,0.313546
2025-12-03T11:10:55.567Z,33.95997998938374,33.90349351674421,33.8535,33.8535,V3 池,33.95997998938374,合约价格,33.8535,0.313546
2025-12-03T11:10:55.568Z,33.95997998938374,33.90349351674421,33.8535,33.8535,V3 池,33.95997998938374,合约价格,33.8535,0.313546
2025-12-03T11:10:55.569Z,33.95997998938374,33.90349351674421,33.8535,33.8535,V3 池,33.95997998938374,合约价格,33.8535,0.313546
2025-12-03T11:10:55.569Z,33.95997998938374,33.90349351674421,33.8535,33.8535,V3 池,33.95997998938374,合约价格,33.8535,0.313546
2025-12-03T11:10:55.569Z,33.95997998938374,33.90349351674421,33.8535,33.8535,V3 池,33.95997998938374,合约价格,33.8535,0.313546
2025-12-03T11:10:56.709Z,33.93992857427412,33.90349351674421,33.8535,33.8535,V3 池,33.93992857427412,合约价格,33.8535,0.254652
2025-12-03T11:10:56.709Z,33.93992857427412,33.90349351674421,33.8535,33.8535,V3 池,33.93992857427412,合约价格,33.8535,0.254652
2025-12-03T11:10:56.709Z,33.93992857427412,33.90349351674421,33.8535,33.8535,V3 池,33.93992857427412,合约价格,33.8535,0.254652
2025-12-03T11:10:56.709Z,33.93992857427412,33.90349351674421,33.8535,33.8535,V3 池,33.93992857427412,合约价格,33.8535,0.254652
2025-12-03T11:10:56.710Z,33.93992857427412,33.90349351674421,33.8535,33.8535,V3 池,33.93992857427412,合约价格,33.8535,0.254652
2025-12-03T11:10:56.711Z,33.93992857427412,33.90349351674421,33.8535,33.8535,V3 池,33.93992857427412,合约价格,33.8535,0.254652
2025-12-03T11:10:56.726Z,33.93992857427412,33.90349351674421,33.8535,33.8535,V3 池,33.93992857427412,合约价格,33.8535,0.254652
2025-12-03T11:10:59.578Z,33.93992857427412,33.90349351674421,33.8485,33.8485,V3 池,33.93992857427412,合约价格,33.8485,0.269384
2025-12-03T11:10:59.669Z,33.93992857427412,33.90349351674421,33.8485,33.8485,V3 池,33.93992857427412,合约价格,33.8485,0.269384
2025-12-03T11:10:59.682Z,33.93992857427412,33.90349351674421,33.8485,33.8485,V3 池,33.93992857427412,合约价格,33.8485,0.269384
2025-12-03T11:10:59.883Z,33.93992857427412,33.90349351674421,33.845,33.845,V3 池,33.93992857427412,合约价格,33.845,0.279696
2025-12-03T11:10:59.918Z,33.93992857427412,33.90349351674421,33.845,33.845,V3 池,33.93992857427412,合约价格,33.845,0.279696
2025-12-03T11:10:59.965Z,33.93992857427412,33.90349351674421,33.845,33.845,V3 池,33.93992857427412,合约价格,33.845,0.279696
2025-12-03T11:11:00.030Z,33.93992857427412,33.90349351674421,33.845,33.845,V3 池,33.93992857427412,合约价格,33.845,0.279696
2025-12-03T11:11:02.495Z,33.93992857427412,33.89479012331991,33.845,33.845,V3 池,33.93992857427412,合约价格,33.845,0.279696
2025-12-03T11:11:02.496Z,33.93992857427412,33.89479012331991,33.8485,33.8485,V3 池,33.93992857427412,合约价格,33.8485,0.269384
2025-12-03T11:11:02.496Z,33.93992857427412,33.89479012331991,33.845,33.845,V3 池,33.93992857427412,合约价格,33.845,0.279696
2025-12-03T11:11:02.499Z,33.93992857427412,33.89479012331991,33.8485,33.8485,V3 池,33.93992857427412,合约价格,33.8485,0.269384
2025-12-03T11:11:02.500Z,33.93992857427412,33.89479012331991,33.845,33.845,V3 池,33.93992857427412,合约价格,33.845,0.279696
2025-12-03T11:11:02.500Z,33.93992857427412,33.89479012331991,33.845,33.845,V3 池,33.93992857427412,合约价格,33.845,0.279696
2025-12-03T11:11:02.500Z,33.93992857427412,33.89479012331991,33.8485,33.8485,V3 池,33.93992857427412,合约价格,33.8485,0.269384
2025-12-03T11:11:04.666Z,33.93992857427412,33.89479012331991,33.8435,33.8435,V3 池,33.93992857427412,合约价格,33.8435,0.284115
2025-12-03T11:11:04.702Z,33.93992857427412,33.89479012331991,33.8435,33.8435,V3 池,33.93992857427412,合约价格,33.8435,0.284115
2025-12-03T11:11:04.759Z,33.93992857427412,33.89479012331991,33.8435,33.8435,V3 池,33.93992857427412,合约价格,33.8435,0.284115
2025-12-03T11:11:04.898Z,33.93992857427412,33.89479012331991,33.8435,33.8435,V3 池,33.93992857427412,合约价格,33.8435,0.284115
2025-12-03T11:11:04.935Z,33.93992857427412,33.89479012331991,33.8435,33.8435,V3 池,33.93992857427412,合约价格,33.8435,0.284115
2025-12-03T11:11:04.938Z,33.93992857427412,33.89479012331991,33.8435,33.8435,V3 池,33.93992857427412,合约价格,33.8435,0.284115
2025-12-03T11:11:05.033Z,33.93992857427412,33.89479012331991,33.8435,33.8435,V3 池,33.93992857427412,合约价格,33.8435,0.284115
2025-12-03T11:11:09.509Z,33.93992857427412,33.8860900808483,33.8435,33.8435,V3 池,33.93992857427412,合约价格,33.8435,0.284115
2025-12-03T11:11:09.510Z,33.93992857427412,33.8860900808483,33.8435,33.8435,V3 池,33.93992857427412,合约价格,33.8435,0.284115
2025-12-03T11:11:09.510Z,33.93992857427412,33.8860900808483,33.8435,33.8435,V3 池,33.93992857427412,合约价格,33.8435,0.284115
2025-12-03T11:11:09.511Z,33.93992857427412,33.8860900808483,33.8435,33.8435,V3 池,33.93992857427412,合约价格,33.8435,0.284115
2025-12-03T11:11:09.511Z,33.93992857427412,33.8860900808483,33.8435,33.8435,V3 池,33.93992857427412,合约价格,33.8435,0.284115
2025-12-03T11:11:09.512Z,33.93992857427412,33.8860900808483,33.8435,33.8435,V3 池,33.93992857427412,合约价格,33.8435,0.284115
2025-12-03T11:11:09.513Z,33.93992857427412,33.8860900808483,33.8435,33.8435,V3 池,33.93992857427412,合约价格,33.8435,0.284115
2025-12-03T11:11:09.659Z,33.93992857427412,33.8860900808483,33.871,33.871,V3 池,33.93992857427412,合约价格,33.871,0.203090
2025-12-03T11:11:09.697Z,33.93992857427412,33.8860900808483,33.871,33.871,V3 池,33.93992857427412,合约价格,33.871,0.203090
2025-12-03T11:11:09.813Z,33.93992857427412,33.8860900808483,33.871,33.871,V3 池,33.93992857427412,合约价格,33.871,0.203090
2025-12-03T11:11:09.835Z,33.93992857427412,33.8860900808483,33.871,33.871,V3 池,33.93992857427412,合约价格,33.871,0.203090
2025-12-03T11:11:09.861Z,33.93992857427412,33.8860900808483,33.871,33.871,V3 池,33.93992857427412,合约价格,33.871,0.203090
2025-12-03T11:11:09.897Z,33.93992857427412,33.8860900808483,33.871,33.871,V3 池,33.93992857427412,合约价格,33.871,0.203090
2025-12-03T11:11:09.918Z,33.93992857427412,33.8860900808483,33.871,33.871,V3 池,33.93992857427412,合约价格,33.871,0.203090
2025-12-03T11:11:14.559Z,33.93992857427412,33.8860900808483,33.8775,33.8775,V3 池,33.93992857427412,合约价格,33.8775,0.183938
2025-12-03T11:11:14.660Z,33.93992857427412,33.8860900808483,33.8775,33.8775,V3 池,33.93992857427412,合约价格,33.8775,0.183938
2025-12-03T11:11:14.815Z,33.93992857427412,33.8860900808483,33.8775,33.8775,V3 池,33.93992857427412,合约价格,33.8775,0.183938
2025-12-03T11:11:14.864Z,33.93992857427412,33.8860900808483,33.8775,33.8775,V3 池,33.93992857427412,合约价格,33.8775,0.183938
2025-12-03T11:11:14.898Z,33.93992857427412,33.8860900808483,33.8775,33.8775,V3 池,33.93992857427412,合约价格,33.8775,0.183938
2025-12-03T11:11:14.900Z,33.93992857427412,33.8860900808483,33.8775,33.8775,V3 池,33.93992857427412,合约价格,33.8775,0.183938
2025-12-03T11:11:14.914Z,33.93992857427412,33.8860900808483,33.8775,33.8775,V3 池,33.93992857427412,合约价格,33.8775,0.183938
2025-12-03T11:11:19.560Z,33.93992857427412,33.8860900808483,33.8865,33.8865,V3 池,33.93992857427412,V4 池,33.8860900808483,0.158629
2025-12-03T11:11:19.688Z,33.93992857427412,33.8860900808483,33.8875,33.8875,V3 池,33.93992857427412,V4 池,33.8860900808483,0.158629
2025-12-03T11:11:19.799Z,33.93992857427412,33.8860900808483,33.8875,33.8875,V3 池,33.93992857427412,V4 池,33.8860900808483,0.158629
2025-12-03T11:11:19.824Z,33.93992857427412,33.8860900808483,33.8875,33.8875,V3 池,33.93992857427412,V4 池,33.8860900808483,0.158629
2025-12-03T11:11:19.884Z,33.93992857427412,33.8860900808483,33.8875,33.8875,V3 池,33.93992857427412,V4 池,33.8860900808483,0.158629
2025-12-03T11:11:19.904Z,33.93992857427412,33.8860900808483,33.8875,33.8875,V3 池,33.93992857427412,V4 池,33.8860900808483,0.158629
2025-12-03T11:11:19.919Z,33.93992857427412,33.8860900808483,33.8875,33.8875,V3 池,33.93992857427412,V4 池,33.8860900808483,0.158629
2025-12-03T11:11:24.557Z,33.93992857427412,33.8860900808483,33.889,33.889,V3 池,33.93992857427412,V4 池,33.8860900808483,0.158629
2025-12-03T11:11:24.712Z,33.93992857427412,33.8860900808483,33.889,33.889,V3 池,33.93992857427412,V4 池,33.8860900808483,0.158629
2025-12-03T11:11:24.814Z,33.93992857427412,33.8860900808483,33.8895,33.8895,V3 池,33.93992857427412,V4 池,33.8860900808483,0.158629
2025-12-03T11:11:24.912Z,33.93992857427412,33.8860900808483,33.8895,33.8895,V3 池,33.93992857427412,V4 池,33.8860900808483,0.158629
2025-12-03T11:11:24.914Z,33.93992857427412,33.8860900808483,33.8895,33.8895,V3 池,33.93992857427412,V4 池,33.8860900808483,0.158629
2025-12-03T11:11:24.919Z,33.93992857427412,33.8860900808483,33.8895,33.8895,V3 池,33.93992857427412,V4 池,33.8860900808483,0.158629
2025-12-03T11:11:24.921Z,33.93992857427412,33.8860900808483,33.8895,33.8895,V3 池,33.93992857427412,V4 池,33.8860900808483,0.158629
2025-12-03T11:11:29.551Z,33.93992857427412,33.8860900808483,33.885,33.885,V3 池,33.93992857427412,合约价格,33.885,0.161841
2025-12-03T11:11:29.661Z,33.93992857427412,33.8860900808483,33.885,33.885,V3 池,33.93992857427412,合约价格,33.885,0.161841
2025-12-03T11:11:29.689Z,33.93992857427412,33.8860900808483,33.885,33.885,V3 池,33.93992857427412,合约价格,33.885,0.161841
2025-12-03T11:11:29.813Z,33.93992857427412,33.8860900808483,33.8855,33.8855,V3 池,33.93992857427412,合约价格,33.8855,0.160367
2025-12-03T11:11:29.865Z,33.93992857427412,33.8860900808483,33.8855,33.8855,V3 池,33.93992857427412,合约价格,33.8855,0.160367
2025-12-03T11:11:29.900Z,33.93992857427412,33.8860900808483,33.8855,33.8855,V3 池,33.93992857427412,合约价格,33.8855,0.160367
2025-12-03T11:11:29.916Z,33.93992857427412,33.8860900808483,33.8855,33.8855,V3 池,33.93992857427412,合约价格,33.8855,0.160367
2025-12-03T11:11:34.551Z,33.93992857427412,33.8860900808483,33.89,33.89,V3 池,33.93992857427412,V4 池,33.8860900808483,0.158629
2025-12-03T11:11:34.701Z,33.93992857427412,33.8860900808483,33.89,33.89,V3 池,33.93992857427412,V4 池,33.8860900808483,0.158629
2025-12-03T11:11:34.826Z,33.93992857427412,33.8860900808483,33.89,33.89,V3 池,33.93992857427412,V4 池,33.8860900808483,0.158629
2025-12-03T11:11:34.847Z,33.93992857427412,33.8860900808483,33.89,33.89,V3 池,33.93992857427412,V4 池,33.8860900808483,0.158629
2025-12-03T11:11:34.875Z,33.93992857427412,33.8860900808483,33.89,33.89,V3 池,33.93992857427412,V4 池,33.8860900808483,0.158629
2025-12-03T11:11:34.898Z,33.93992857427412,33.8860900808483,33.89,33.89,V3 池,33.93992857427412,V4 池,33.8860900808483,0.158629
2025-12-03T11:11:34.921Z,33.93992857427412,33.8860900808483,33.8815,33.8815,V3 池,33.93992857427412,合约价格,33.8815,0.172153
2025-12-03T11:11:39.560Z,33.93992857427412,33.8860900808483,33.8815,33.8815,V3 池,33.93992857427412,合约价格,33.8815,0.172153
2025-12-03T11:11:39.688Z,33.93992857427412,33.8860900808483,33.8815,33.8815,V3 池,33.93992857427412,合约价格,33.8815,0.172153
2025-12-03T11:11:39.692Z,33.93992857427412,33.8860900808483,33.8815,33.8815,V3 池,33.93992857427412,合约价格,33.8815,0.172153
2025-12-03T11:11:39.817Z,33.93992857427412,33.8860900808483,33.8815,33.8815,V3 池,33.93992857427412,合约价格,33.8815,0.172153
2025-12-03T11:11:39.871Z,33.93992857427412,33.8860900808483,33.8815,33.8815,V3 池,33.93992857427412,合约价格,33.8815,0.172153
2025-12-03T11:11:39.899Z,33.93992857427412,33.8860900808483,33.8815,33.8815,V3 池,33.93992857427412,合约价格,33.8815,0.172153
2025-12-03T11:11:39.919Z,33.93992857427412,33.8860900808483,33.8815,33.8815,V3 池,33.93992857427412,合约价格,33.8815,0.172153
2025-12-03T11:11:44.553Z,33.93992857427412,33.8860900808483,33.8855,33.8855,V3 池,33.93992857427412,合约价格,33.8855,0.160367
2025-12-03T11:11:44.663Z,33.93992857427412,33.8860900808483,33.8855,33.8855,V3 池,33.93992857427412,合约价格,33.8855,0.160367
2025-12-03T11:11:44.705Z,33.93992857427412,33.8860900808483,33.8855,33.8855,V3 池,33.93992857427412,合约价格,33.8855,0.160367
2025-12-03T11:11:44.907Z,33.93992857427412,33.8860900808483,33.8855,33.8855,V3 池,33.93992857427412,合约价格,33.8855,0.160367
2025-12-03T11:11:44.921Z,33.93992857427412,33.8860900808483,33.8855,33.8855,V3 池,33.93992857427412,合约价格,33.8855,0.160367
2025-12-03T11:11:44.932Z,33.93992857427412,33.8860900808483,33.8855,33.8855,V3 池,33.93992857427412,合约价格,33.8855,0.160367
2025-12-03T11:11:44.946Z,33.93992857427412,33.8860900808483,33.8855,33.8855,V3 池,33.93992857427412,合约价格,33.8855,0.160367
2025-12-03T11:11:49.557Z,33.93992857427412,33.8860900808483,33.8835,33.8835,V3 池,33.93992857427412,合约价格,33.8835,0.166260
2025-12-03T11:11:49.664Z,33.93992857427412,33.8860900808483,33.8835,33.8835,V3 池,33.93992857427412,合约价格,33.8835,0.166260
2025-12-03T11:11:49.691Z,33.93992857427412,33.8860900808483,33.8835,33.8835,V3 池,33.93992857427412,合约价格,33.8835,0.166260
2025-12-03T11:11:49.818Z,33.93992857427412,33.8860900808483,33.8835,33.8835,V3 池,33.93992857427412,合约价格,33.8835,0.166260
2025-12-03T11:11:49.882Z,33.93992857427412,33.8860900808483,33.8835,33.8835,V3 池,33.93992857427412,合约价格,33.8835,0.166260
2025-12-03T11:11:49.906Z,33.93992857427412,33.8860900808483,33.8835,33.8835,V3 池,33.93992857427412,合约价格,33.8835,0.166260
2025-12-03T11:11:49.923Z,33.93992857427412,33.8860900808483,33.8835,33.8835,V3 池,33.93992857427412,合约价格,33.8835,0.166260
2025-12-03T11:11:54.561Z,33.93992857427412,33.8860900808483,33.8875,33.8875,V3 池,33.93992857427412,V4 池,33.8860900808483,0.158629
2025-12-03T11:11:54.670Z,33.93992857427412,33.8860900808483,33.8875,33.8875,V3 池,33.93992857427412,V4 池,33.8860900808483,0.158629
2025-12-03T11:11:54.718Z,33.93992857427412,33.8860900808483,33.8875,33.8875,V3 池,33.93992857427412,V4 池,33.8860900808483,0.158629
2025-12-03T11:11:54.819Z,33.93992857427412,33.8860900808483,33.8875,33.8875,V3 池,33.93992857427412,V4 池,33.8860900808483,0.158629
2025-12-03T11:11:54.867Z,33.93992857427412,33.8860900808483,33.8875,33.8875,V3 池,33.93992857427412,V4 池,33.8860900808483,0.158629
2025-12-03T11:11:54.904Z,33.93992857427412,33.8860900808483,33.8875,33.8875,V3 池,33.93992857427412,V4 池,33.8860900808483,0.158629
2025-12-03T11:11:54.926Z,33.93992857427412,33.8860900808483,33.8875,33.8875,V3 池,33.93992857427412,V4 池,33.8860900808483,0.158629
2025-12-03T11:11:59.642Z,33.93992857427412,33.8860900808483,33.8725,33.8725,V3 池,33.93992857427412,合约价格,33.8725,0.198670
2025-12-03T11:11:59.681Z,33.93992857427412,33.8860900808483,33.8725,33.8725,V3 池,33.93992857427412,合约价格,33.8725,0.198670
2025-12-03T11:11:59.807Z,33.93992857427412,33.8860900808483,33.8725,33.8725,V3 池,33.93992857427412,合约价格,33.8725,0.198670
2025-12-03T11:11:59.830Z,33.93992857427412,33.8860900808483,33.8725,33.8725,V3 池,33.93992857427412,合约价格,33.8725,0.198670
2025-12-03T11:11:59.883Z,33.93992857427412,33.8860900808483,33.8725,33.8725,V3 池,33.93992857427412,合约价格,33.8725,0.198670
2025-12-03T11:11:59.921Z,33.93992857427412,33.8860900808483,33.8725,33.8725,V3 池,33.93992857427412,合约价格,33.8725,0.198670
2025-12-03T11:11:59.933Z,33.93992857427412,33.8860900808483,33.8725,33.8725,V3 池,33.93992857427412,合约价格,33.8725,0.198670
2025-12-03T11:12:04.639Z,33.93992857427412,33.8860900808483,33.8625,33.8625,V3 池,33.93992857427412,合约价格,33.8625,0.228134
2025-12-03T11:12:04.696Z,33.93992857427412,33.8860900808483,33.8625,33.8625,V3 池,33.93992857427412,合约价格,33.8625,0.228134
2025-12-03T11:12:04.700Z,33.93992857427412,33.8860900808483,33.8625,33.8625,V3 池,33.93992857427412,合约价格,33.8625,0.228134
2025-12-03T11:12:04.820Z,33.93992857427412,33.8860900808483,33.8625,33.8625,V3 池,33.93992857427412,合约价格,33.8625,0.228134
2025-12-03T11:12:04.876Z,33.93992857427412,33.8860900808483,33.8625,33.8625,V3 池,33.93992857427412,合约价格,33.8625,0.228134
2025-12-03T11:12:04.908Z,33.93992857427412,33.8860900808483,33.8625,33.8625,V3 池,33.93992857427412,合约价格,33.8625,0.228134
2025-12-03T11:12:04.942Z,33.93992857427412,33.8860900808483,33.8625,33.8625,V3 池,33.93992857427412,合约价格,33.8625,0.228134
2025-12-03T11:12:09.562Z,33.93992857427412,33.8860900808483,33.8795,33.8795,V3 池,33.93992857427412,合约价格,33.8795,0.178046
2025-12-03T11:12:09.672Z,33.93992857427412,33.8860900808483,33.8795,33.8795,V3 池,33.93992857427412,合约价格,33.8795,0.178046
2025-12-03T11:12:09.694Z,33.93992857427412,33.8860900808483,33.8795,33.8795,V3 池,33.93992857427412,合约价格,33.8795,0.178046
2025-12-03T11:12:09.824Z,33.93992857427412,33.8860900808483,33.8795,33.8795,V3 池,33.93992857427412,合约价格,33.8795,0.178046
2025-12-03T11:12:09.880Z,33.93992857427412,33.8860900808483,33.8795,33.8795,V3 池,33.93992857427412,合约价格,33.8795,0.178046
2025-12-03T11:12:09.945Z,33.93992857427412,33.8860900808483,33.8795,33.8795,V3 池,33.93992857427412,合约价格,33.8795,0.178046
2025-12-03T11:12:09.947Z,33.93992857427412,33.8860900808483,33.8795,33.8795,V3 池,33.93992857427412,合约价格,33.8795,0.178046
2025-12-03T11:12:14.557Z,33.93992857427412,33.8860900808483,33.8795,33.8795,V3 池,33.93992857427412,合约价格,33.8795,0.178046
2025-12-03T11:12:14.668Z,33.93992857427412,33.8860900808483,33.8795,33.8795,V3 池,33.93992857427412,合约价格,33.8795,0.178046
2025-12-03T11:12:14.701Z,33.93992857427412,33.8860900808483,33.8795,33.8795,V3 池,33.93992857427412,合约价格,33.8795,0.178046
2025-12-03T11:12:14.881Z,33.93992857427412,33.8860900808483,33.8795,33.8795,V3 池,33.93992857427412,合约价格,33.8795,0.178046
2025-12-03T11:12:14.918Z,33.93992857427412,33.8860900808483,33.8795,33.8795,V3 池,33.93992857427412,合约价格,33.8795,0.178046
2025-12-03T11:12:14.937Z,33.93992857427412,33.8860900808483,33.8795,33.8795,V3 池,33.93992857427412,合约价格,33.8795,0.178046
2025-12-03T11:12:14.966Z,33.93992857427412,33.8860900808483,33.8795,33.8795,V3 池,33.93992857427412,合约价格,33.8795,0.178046
2025-12-03T11:12:19.559Z,33.93992857427412,33.8860900808483,33.8715,33.8715,V3 池,33.93992857427412,合约价格,33.8715,0.201617
2025-12-03T11:12:19.669Z,33.93992857427412,33.8860900808483,33.8715,33.8715,V3 池,33.93992857427412,合约价格,33.8715,0.201617
2025-12-03T11:12:19.695Z,33.93992857427412,33.8860900808483,33.8715,33.8715,V3 池,33.93992857427412,合约价格,33.8715,0.201617
2025-12-03T11:12:19.824Z,33.93992857427412,33.8860900808483,33.8715,33.8715,V3 池,33.93992857427412,合约价格,33.8715,0.201617
2025-12-03T11:12:19.891Z,33.93992857427412,33.8860900808483,33.8715,33.8715,V3 池,33.93992857427412,合约价格,33.8715,0.201617
2025-12-03T11:12:19.907Z,33.93992857427412,33.8860900808483,33.8715,33.8715,V3 池,33.93992857427412,合约价格,33.8715,0.201617
2025-12-03T11:12:19.927Z,33.93992857427412,33.8860900808483,33.8715,33.8715,V3 池,33.93992857427412,合约价格,33.8715,0.201617
2025-12-03T11:12:24.561Z,33.93992857427412,33.8860900808483,33.8795,33.8795,V3 池,33.93992857427412,合约价格,33.8795,0.178046
2025-12-03T11:12:24.670Z,33.93992857427412,33.8860900808483,33.8795,33.8795,V3 池,33.93992857427412,合约价格,33.8795,0.178046
2025-12-03T11:12:24.733Z,33.93992857427412,33.8860900808483,33.8795,33.8795,V3 池,33.93992857427412,合约价格,33.8795,0.178046
2025-12-03T11:12:24.827Z,33.93992857427412,33.8860900808483,33.8795,33.8795,V3 池,33.93992857427412,合约价格,33.8795,0.178046
2025-12-03T11:12:24.871Z,33.93992857427412,33.8860900808483,33.8795,33.8795,V3 池,33.93992857427412,合约价格,33.8795,0.178046
2025-12-03T11:12:24.907Z,33.93992857427412,33.8860900808483,33.8795,33.8795,V3 池,33.93992857427412,合约价格,33.8795,0.178046
2025-12-03T11:12:24.927Z,33.93992857427412,33.8860900808483,33.8795,33.8795,V3 池,33.93992857427412,合约价格,33.8795,0.178046
2025-12-03T11:12:29.572Z,33.93992857427412,33.8860900808483,33.8915,33.8915,V3 池,33.93992857427412,V4 池,33.8860900808483,0.158629
2025-12-03T11:12:29.666Z,33.93992857427412,33.8860900808483,33.8915,33.8915,V3 池,33.93992857427412,V4 池,33.8860900808483,0.158629
2025-12-03T11:12:29.709Z,33.93992857427412,33.8860900808483,33.8915,33.8915,V3 池,33.93992857427412,V4 池,33.8860900808483,0.158629
2025-12-03T11:12:29.825Z,33.93992857427412,33.8860900808483,33.8915,33.8915,V3 池,33.93992857427412,V4 池,33.8860900808483,0.158629
2025-12-03T11:12:29.873Z,33.93992857427412,33.8860900808483,33.8915,33.8915,V3 池,33.93992857427412,V4 池,33.8860900808483,0.158629
2025-12-03T11:12:29.925Z,33.93992857427412,33.8860900808483,33.8915,33.8915,V3 池,33.93992857427412,V4 池,33.8860900808483,0.158629
2025-12-03T11:12:29.933Z,33.93992857427412,33.8860900808483,33.8915,33.8915,V3 池,33.93992857427412,V4 池,33.8860900808483,0.158629
2025-12-03T11:12:34.560Z,33.93992857427412,33.8860900808483,33.8855,33.8855,V3 池,33.93992857427412,合约价格,33.8855,0.160367
2025-12-03T11:12:34.667Z,33.93992857427412,33.8860900808483,33.8855,33.8855,V3 池,33.93992857427412,合约价格,33.8855,0.160367
2025-12-03T11:12:34.699Z,33.93992857427412,33.8860900808483,33.8855,33.8855,V3 池,33.93992857427412,合约价格,33.8855,0.160367
2025-12-03T11:12:34.834Z,33.93992857427412,33.8860900808483,33.8855,33.8855,V3 池,33.93992857427412,合约价格,33.8855,0.160367
2025-12-03T11:12:34.871Z,33.93992857427412,33.8860900808483,33.8855,33.8855,V3 池,33.93992857427412,合约价格,33.8855,0.160367
2025-12-03T11:12:34.911Z,33.93992857427412,33.8860900808483,33.8855,33.8855,V3 池,33.93992857427412,合约价格,33.8855,0.160367
2025-12-03T11:12:34.930Z,33.93992857427412,33.8860900808483,33.8855,33.8855,V3 池,33.93992857427412,合约价格,33.8855,0.160367
2025-12-03T11:12:39.573Z,33.93992857427412,33.8860900808483,33.892,33.892,V3 池,33.93992857427412,V4 池,33.8860900808483,0.158629
2025-12-03T11:12:39.670Z,33.93992857427412,33.8860900808483,33.892,33.892,V3 池,33.93992857427412,V4 池,33.8860900808483,0.158629
2025-12-03T11:12:39.700Z,33.93992857427412,33.8860900808483,33.892,33.892,V3 池,33.93992857427412,V4 池,33.8860900808483,0.158629
2025-12-03T11:12:39.843Z,33.93992857427412,33.8860900808483,33.892,33.892,V3 池,33.93992857427412,V4 池,33.8860900808483,0.158629
2025-12-03T11:12:39.928Z,33.93992857427412,33.8860900808483,33.892,33.892,V3 池,33.93992857427412,V4 池,33.8860900808483,0.158629
2025-12-03T11:12:39.981Z,33.93992857427412,33.8860900808483,33.892,33.892,V3 池,33.93992857427412,V4 池,33.8860900808483,0.158629
2025-12-03T11:12:39.988Z,33.93992857427412,33.8860900808483,33.892,33.892,V3 池,33.93992857427412,V4 池,33.8860900808483,0.158629
2025-12-03T11:12:44.560Z,33.93992857427412,33.8860900808483,33.8875,33.8875,V3 池,33.93992857427412,V4 池,33.8860900808483,0.158629
2025-12-03T11:12:44.698Z,33.93992857427412,33.8860900808483,33.8855,33.8855,V3 池,33.93992857427412,合约价格,33.8855,0.160367
2025-12-03T11:12:44.700Z,33.93992857427412,33.8860900808483,33.8855,33.8855,V3 池,33.93992857427412,合约价格,33.8855,0.160367
2025-12-03T11:12:44.831Z,33.93992857427412,33.8860900808483,33.8855,33.8855,V3 池,33.93992857427412,合约价格,33.8855,0.160367
2025-12-03T11:12:44.889Z,33.93992857427412,33.8860900808483,33.8855,33.8855,V3 池,33.93992857427412,合约价格,33.8855,0.160367
2025-12-03T11:12:44.929Z,33.93992857427412,33.8860900808483,33.8855,33.8855,V3 池,33.93992857427412,合约价格,33.8855,0.160367
2025-12-03T11:12:44.987Z,33.93992857427412,33.8860900808483,33.8855,33.8855,V3 池,33.93992857427412,合约价格,33.8855,0.160367
2025-12-03T11:12:49.561Z,33.93992857427412,33.8860900808483,33.8905,33.8905,V3 池,33.93992857427412,V4 池,33.8860900808483,0.158629
2025-12-03T11:12:49.670Z,33.93992857427412,33.8860900808483,33.8905,33.8905,V3 池,33.93992857427412,V4 池,33.8860900808483,0.158629
2025-12-03T11:12:49.699Z,33.93992857427412,33.8860900808483,33.8905,33.8905,V3 池,33.93992857427412,V4 池,33.8860900808483,0.158629
2025-12-03T11:12:49.829Z,33.93992857427412,33.8860900808483,33.8905,33.8905,V3 池,33.93992857427412,V4 池,33.8860900808483,0.158629
2025-12-03T11:12:49.934Z,33.93992857427412,33.8860900808483,33.8905,33.8905,V3 池,33.93992857427412,V4 池,33.8860900808483,0.158629
2025-12-03T11:12:49.947Z,33.93992857427412,33.8860900808483,33.8905,33.8905,V3 池,33.93992857427412,V4 池,33.8860900808483,0.158629
2025-12-03T11:12:49.977Z,33.93992857427412,33.8860900808483,33.8905,33.8905,V3 池,33.93992857427412,V4 池,33.8860900808483,0.158629
2025-12-03T11:12:54.562Z,33.93992857427412,33.8860900808483,33.8905,33.8905,V3 池,33.93992857427412,V4 池,33.8860900808483,0.158629
2025-12-03T11:12:54.709Z,33.93992857427412,33.8860900808483,33.8905,33.8905,V3 池,33.93992857427412,V4 池,33.8860900808483,0.158629
2025-12-03T11:12:54.763Z,33.93992857427412,33.8860900808483,33.8905,33.8905,V3 池,33.93992857427412,V4 池,33.8860900808483,0.158629
2025-12-03T11:12:54.840Z,33.93992857427412,33.8860900808483,33.8905,33.8905,V3 池,33.93992857427412,V4 池,33.8860900808483,0.158629
2025-12-03T11:12:54.879Z,33.93992857427412,33.8860900808483,33.8905,33.8905,V3 池,33.93992857427412,V4 池,33.8860900808483,0.158629
2025-12-03T11:12:54.913Z,33.93992857427412,33.8860900808483,33.8905,33.8905,V3 池,33.93992857427412,V4 池,33.8860900808483,0.158629
2025-12-03T11:12:54.942Z,33.93992857427412,33.8860900808483,33.8905,33.8905,V3 池,33.93992857427412,V4 池,33.8860900808483,0.158629
2025-12-03T11:12:59.563Z,33.93992857427412,33.8860900808483,33.8805,33.8805,V3 池,33.93992857427412,合约价格,33.8805,0.175099
2025-12-03T11:12:59.679Z,33.93992857427412,33.8860900808483,33.8805,33.8805,V3 池,33.93992857427412,合约价格,33.8805,0.175099
2025-12-03T11:12:59.718Z,33.93992857427412,33.8860900808483,33.8805,33.8805,V3 池,33.93992857427412,合约价格,33.8805,0.175099
2025-12-03T11:12:59.844Z,33.93992857427412,33.8860900808483,33.8805,33.8805,V3 池,33.93992857427412,合约价格,33.8805,0.175099
2025-12-03T11:12:59.881Z,33.93992857427412,33.8860900808483,33.8805,33.8805,V3 池,33.93992857427412,合约价格,33.8805,0.175099
2025-12-03T11:12:59.917Z,33.93992857427412,33.8860900808483,33.8805,33.8805,V3 池,33.93992857427412,合约价格,33.8805,0.175099
2025-12-03T11:12:59.936Z,33.93992857427412,33.8860900808483,33.8805,33.8805,V3 池,33.93992857427412,合约价格,33.8805,0.175099
2025-12-03T11:13:04.564Z,33.93992857427412,33.8860900808483,33.8475,33.8475,V3 池,33.93992857427412,合约价格,33.8475,0.272330
2025-12-03T11:13:04.680Z,33.93992857427412,33.8860900808483,33.8475,33.8475,V3 池,33.93992857427412,合约价格,33.8475,0.272330
2025-12-03T11:13:04.704Z,33.93992857427412,33.8860900808483,33.8475,33.8475,V3 池,33.93992857427412,合约价格,33.8475,0.272330
2025-12-03T11:13:04.832Z,33.93992857427412,33.8860900808483,33.8475,33.8475,V3 池,33.93992857427412,合约价格,33.8475,0.272330
2025-12-03T11:13:04.879Z,33.93992857427412,33.8860900808483,33.8475,33.8475,V3 池,33.93992857427412,合约价格,33.8475,0.272330
2025-12-03T11:13:04.914Z,33.93992857427412,33.8860900808483,33.8475,33.8475,V3 池,33.93992857427412,合约价格,33.8475,0.272330
2025-12-03T11:13:04.938Z,33.93992857427412,33.8860900808483,33.8475,33.8475,V3 池,33.93992857427412,合约价格,33.8475,0.272330
2025-12-03T11:13:09.604Z,33.93992857427412,33.8860900808483,33.8325,33.8325,V3 池,33.93992857427412,合约价格,33.8325,0.316526
2025-12-03T11:13:09.708Z,33.93992857427412,33.8860900808483,33.8325,33.8325,V3 池,33.93992857427412,合约价格,33.8325,0.316526
2025-12-03T11:13:09.712Z,33.93992857427412,33.8860900808483,33.8325,33.8325,V3 池,33.93992857427412,合约价格,33.8325,0.316526
2025-12-03T11:13:09.883Z,33.93992857427412,33.8860900808483,33.8325,33.8325,V3 池,33.93992857427412,合约价格,33.8325,0.316526
2025-12-03T11:13:09.958Z,33.93992857427412,33.8860900808483,33.8325,33.8325,V3 池,33.93992857427412,合约价格,33.8325,0.316526
2025-12-03T11:13:09.967Z,33.93992857427412,33.8860900808483,33.8325,33.8325,V3 池,33.93992857427412,合约价格,33.8325,0.316526
2025-12-03T11:13:10.065Z,33.93992857427412,33.8860900808483,33.8325,33.8325,V3 池,33.93992857427412,合约价格,33.8325,0.316526
2025-12-03T11:13:13.471Z,33.93992857427412,33.877393387609395,33.8325,33.8325,V3 池,33.93992857427412,合约价格,33.8325,0.316526
2025-12-03T11:13:13.471Z,33.93992857427412,33.877393387609395,33.8325,33.8325,V3 池,33.93992857427412,合约价格,33.8325,0.316526
2025-12-03T11:13:13.472Z,33.93992857427412,33.877393387609395,33.8325,33.8325,V3 池,33.93992857427412,合约价格,33.8325,0.316526
2025-12-03T11:13:13.473Z,33.93992857427412,33.877393387609395,33.8325,33.8325,V3 池,33.93992857427412,合约价格,33.8325,0.316526
2025-12-03T11:13:13.474Z,33.93992857427412,33.877393387609395,33.8325,33.8325,V3 池,33.93992857427412,合约价格,33.8325,0.316526
2025-12-03T11:13:13.500Z,33.93992857427412,33.877393387609395,33.8325,33.8325,V3 池,33.93992857427412,合约价格,33.8325,0.316526
2025-12-03T11:13:13.569Z,33.93992857427412,33.877393387609395,33.8325,33.8325,V3 池,33.93992857427412,合约价格,33.8325,0.316526
2025-12-03T11:13:14.568Z,33.93992857427412,33.877393387609395,33.8395,33.8395,V3 池,33.93992857427412,合约价格,33.8395,0.295901
2025-12-03T11:13:14.680Z,33.93992857427412,33.877393387609395,33.8395,33.8395,V3 池,33.93992857427412,合约价格,33.8395,0.295901
2025-12-03T11:13:14.772Z,33.93992857427412,33.877393387609395,33.8395,33.8395,V3 池,33.93992857427412,合约价格,33.8395,0.295901
2025-12-03T11:13:14.840Z,33.93992857427412,33.877393387609395,33.8395,33.8395,V3 池,33.93992857427412,合约价格,33.8395,0.295901
2025-12-03T11:13:14.886Z,33.93992857427412,33.877393387609395,33.8395,33.8395,V3 池,33.93992857427412,合约价格,33.8395,0.295901
2025-12-03T11:13:14.922Z,33.93992857427412,33.877393387609395,33.8395,33.8395,V3 池,33.93992857427412,合约价格,33.8395,0.295901
2025-12-03T11:13:14.937Z,33.93992857427412,33.877393387609395,33.8395,33.8395,V3 池,33.93992857427412,合约价格,33.8395,0.295901
2025-12-03T11:13:17.543Z,33.91987632923231,33.877393387609395,33.8395,33.8395,V3 池,33.91987632923231,合约价格,33.8395,0.236959
2025-12-03T11:13:17.543Z,33.91987632923231,33.877393387609395,33.8395,33.8395,V3 池,33.91987632923231,合约价格,33.8395,0.236959
2025-12-03T11:13:17.543Z,33.91987632923231,33.877393387609395,33.8395,33.8395,V3 池,33.91987632923231,合约价格,33.8395,0.236959
2025-12-03T11:13:17.545Z,33.91987632923231,33.877393387609395,33.8395,33.8395,V3 池,33.91987632923231,合约价格,33.8395,0.236959
2025-12-03T11:13:17.545Z,33.91987632923231,33.877393387609395,33.8395,33.8395,V3 池,33.91987632923231,合约价格,33.8395,0.236959
2025-12-03T11:13:17.546Z,33.91987632923231,33.877393387609395,33.8395,33.8395,V3 池,33.91987632923231,合约价格,33.8395,0.236959
2025-12-03T11:13:17.547Z,33.91987632923231,33.877393387609395,33.8395,33.8395,V3 池,33.91987632923231,合约价格,33.8395,0.236959
2025-12-03T11:13:19.568Z,33.91987632923231,33.877393387609395,33.8335,33.8335,V3 池,33.91987632923231,合约价格,33.8335,0.254648
2025-12-03T11:13:19.680Z,33.91987632923231,33.877393387609395,33.8355,33.8355,V3 池,33.91987632923231,合约价格,33.8355,0.248752
2025-12-03T11:13:19.708Z,33.91987632923231,33.877393387609395,33.8335,33.8335,V3 池,33.91987632923231,合约价格,33.8335,0.254648
2025-12-03T11:13:19.912Z,33.91987632923231,33.877393387609395,33.8355,33.8355,V3 池,33.91987632923231,合约价格,33.8355,0.248752
2025-12-03T11:13:19.922Z,33.91987632923231,33.877393387609395,33.8285,33.8285,V3 池,33.91987632923231,合约价格,33.8285,0.269389
2025-12-03T11:13:19.947Z,33.91987632923231,33.877393387609395,33.8355,33.8355,V3 池,33.91987632923231,合约价格,33.8355,0.248752
2025-12-03T11:13:19.950Z,33.91987632923231,33.877393387609395,33.8355,33.8355,V3 池,33.91987632923231,合约价格,33.8355,0.248752
2025-12-03T11:13:21.510Z,33.91987632923231,33.85563468990694,33.8335,33.8335,V3 池,33.91987632923231,合约价格,33.8335,0.254648
2025-12-03T11:13:21.510Z,33.91987632923231,33.85563468990694,33.8355,33.8355,V3 池,33.91987632923231,合约价格,33.8355,0.248752
2025-12-03T11:13:21.510Z,33.91987632923231,33.85563468990694,33.8355,33.8355,V3 池,33.91987632923231,合约价格,33.8355,0.248752
2025-12-03T11:13:21.510Z,33.91987632923231,33.85563468990694,33.8285,33.8285,V3 池,33.91987632923231,合约价格,33.8285,0.269389
2025-12-03T11:13:21.511Z,33.91987632923231,33.85563468990694,33.8335,33.8335,V3 池,33.91987632923231,合约价格,33.8335,0.254648
2025-12-03T11:13:21.512Z,33.91987632923231,33.85563468990694,33.8355,33.8355,V3 池,33.91987632923231,合约价格,33.8355,0.248752
2025-12-03T11:13:21.512Z,33.91987632923231,33.85563468990694,33.8355,33.8355,V3 池,33.91987632923231,合约价格,33.8355,0.248752
2025-12-03T11:13:22.557Z,33.91987632923231,33.856381309004114,33.8355,33.8355,V3 池,33.91987632923231,合约价格,33.8355,0.248752
2025-12-03T11:13:22.557Z,33.91987632923231,33.856381309004114,33.8355,33.8355,V3 池,33.91987632923231,合约价格,33.8355,0.248752
2025-12-03T11:13:22.558Z,33.91987632923231,33.856381309004114,33.8285,33.8285,V3 池,33.91987632923231,合约价格,33.8285,0.269389
2025-12-03T11:13:22.558Z,33.91987632923231,33.856381309004114,33.8335,33.8335,V3 池,33.91987632923231,合约价格,33.8335,0.254648
2025-12-03T11:13:22.558Z,33.91987632923231,33.856381309004114,33.8355,33.8355,V3 池,33.91987632923231,合约价格,33.8355,0.248752
2025-12-03T11:13:22.559Z,33.91987632923231,33.856381309004114,33.8335,33.8335,V3 池,33.91987632923231,合约价格,33.8335,0.254648
2025-12-03T11:13:22.560Z,33.91987632923231,33.856381309004114,33.8355,33.8355,V3 池,33.91987632923231,合约价格,33.8355,0.248752
2025-12-03T11:13:24.591Z,33.91987632923231,33.856381309004114,33.8465,33.8465,V3 池,33.91987632923231,合约价格,33.8465,0.216323
2025-12-03T11:13:24.680Z,33.91987632923231,33.856381309004114,33.8465,33.8465,V3 池,33.91987632923231,合约价格,33.8465,0.216323
2025-12-03T11:13:24.710Z,33.91987632923231,33.856381309004114,33.8465,33.8465,V3 池,33.91987632923231,合约价格,33.8465,0.216323
2025-12-03T11:13:24.839Z,33.91987632923231,33.856381309004114,33.8465,33.8465,V3 池,33.91987632923231,合约价格,33.8465,0.216323
2025-12-03T11:13:24.889Z,33.91987632923231,33.856381309004114,33.8465,33.8465,V3 池,33.91987632923231,合约价格,33.8465,0.216323
2025-12-03T11:13:24.919Z,33.91987632923231,33.856381309004114,33.8465,33.8465,V3 池,33.91987632923231,合约价格,33.8465,0.216323
2025-12-03T11:13:24.950Z,33.91987632923231,33.856381309004114,33.8465,33.8465,V3 池,33.91987632923231,合约价格,33.8465,0.216323
2025-12-03T11:13:29.637Z,33.91987632923231,33.856381309004114,33.8495,33.8495,V3 池,33.91987632923231,合约价格,33.8495,0.207478
2025-12-03T11:13:29.678Z,33.91987632923231,33.856381309004114,33.8495,33.8495,V3 池,33.91987632923231,合约价格,33.8495,0.207478
2025-12-03T11:13:29.710Z,33.91987632923231,33.856381309004114,33.8495,33.8495,V3 池,33.91987632923231,合约价格,33.8495,0.207478
2025-12-03T11:13:29.855Z,33.91987632923231,33.856381309004114,33.8495,33.8495,V3 池,33.91987632923231,合约价格,33.8495,0.207478
2025-12-03T11:13:29.886Z,33.91987632923231,33.856381309004114,33.8495,33.8495,V3 池,33.91987632923231,合约价格,33.8495,0.207478
2025-12-03T11:13:29.924Z,33.91987632923231,33.856381309004114,33.8495,33.8495,V3 池,33.91987632923231,合约价格,33.8495,0.207478
2025-12-03T11:13:29.937Z,33.91987632923231,33.856381309004114,33.8495,33.8495,V3 池,33.91987632923231,合约价格,33.8495,0.207478
2025-12-03T11:13:34.569Z,33.91987632923231,33.856381309004114,33.853,33.853,V3 池,33.91987632923231,合约价格,33.853,0.197160
2025-12-03T11:13:34.684Z,33.91987632923231,33.856381309004114,33.853,33.853,V3 池,33.91987632923231,合约价格,33.853,0.197160
2025-12-03T11:13:34.711Z,33.91987632923231,33.856381309004114,33.853,33.853,V3 池,33.91987632923231,合约价格,33.853,0.197160
2025-12-03T11:13:34.847Z,33.91987632923231,33.856381309004114,33.853,33.853,V3 池,33.91987632923231,合约价格,33.853,0.197160
2025-12-03T11:13:34.892Z,33.91987632923231,33.856381309004114,33.853,33.853,V3 池,33.91987632923231,合约价格,33.853,0.197160
2025-12-03T11:13:34.938Z,33.91987632923231,33.856381309004114,33.853,33.853,V3 池,33.91987632923231,合约价格,33.853,0.197160
2025-12-03T11:13:34.940Z,33.91987632923231,33.856381309004114,33.853,33.853,V3 池,33.91987632923231,合约价格,33.853,0.197160
2025-12-03T11:13:36.530Z,33.91987632923231,33.85668796554996,33.853,33.853,V3 池,33.91987632923231,合约价格,33.853,0.197160
2025-12-03T11:13:36.530Z,33.91987632923231,33.85668796554996,33.853,33.853,V3 池,33.91987632923231,合约价格,33.853,0.197160
2025-12-03T11:13:36.530Z,33.91987632923231,33.85668796554996,33.853,33.853,V3 池,33.91987632923231,合约价格,33.853,0.197160
2025-12-03T11:13:36.531Z,33.91987632923231,33.85668796554996,33.853,33.853,V3 池,33.91987632923231,合约价格,33.853,0.197160
2025-12-03T11:13:36.531Z,33.91987632923231,33.85668796554996,33.853,33.853,V3 池,33.91987632923231,合约价格,33.853,0.197160
2025-12-03T11:13:36.532Z,33.91987632923231,33.85668796554996,33.853,33.853,V3 池,33.91987632923231,合约价格,33.853,0.197160
2025-12-03T11:13:36.536Z,33.91987632923231,33.85668796554996,33.853,33.853,V3 池,33.91987632923231,合约价格,33.853,0.197160
2025-12-03T11:13:37.446Z,33.91987632923231,33.85678057777536,33.853,33.853,V3 池,33.91987632923231,合约价格,33.853,0.197160
2025-12-03T11:13:37.446Z,33.91987632923231,33.85678057777536,33.853,33.853,V3 池,33.91987632923231,合约价格,33.853,0.197160
2025-12-03T11:13:37.446Z,33.91987632923231,33.85678057777536,33.853,33.853,V3 池,33.91987632923231,合约价格,33.853,0.197160
2025-12-03T11:13:37.448Z,33.91987632923231,33.85678057777536,33.853,33.853,V3 池,33.91987632923231,合约价格,33.853,0.197160
2025-12-03T11:13:37.448Z,33.91987632923231,33.85678057777536,33.853,33.853,V3 池,33.91987632923231,合约价格,33.853,0.197160
2025-12-03T11:13:37.449Z,33.91987632923231,33.85678057777536,33.853,33.853,V3 池,33.91987632923231,合约价格,33.853,0.197160
2025-12-03T11:13:37.449Z,33.91987632923231,33.85678057777536,33.853,33.853,V3 池,33.91987632923231,合约价格,33.853,0.197160
2025-12-03T11:13:39.412Z,33.91987632923231,33.857045100079546,33.853,33.853,V3 池,33.91987632923231,合约价格,33.853,0.197160
2025-12-03T11:13:39.412Z,33.91987632923231,33.857045100079546,33.853,33.853,V3 池,33.91987632923231,合约价格,33.853,0.197160
2025-12-03T11:13:39.413Z,33.91987632923231,33.857045100079546,33.853,33.853,V3 池,33.91987632923231,合约价格,33.853,0.197160
2025-12-03T11:13:39.413Z,33.91987632923231,33.857045100079546,33.853,33.853,V3 池,33.91987632923231,合约价格,33.853,0.197160
2025-12-03T11:13:39.415Z,33.91987632923231,33.857045100079546,33.853,33.853,V3 池,33.91987632923231,合约价格,33.853,0.197160
2025-12-03T11:13:39.415Z,33.91987632923231,33.857045100079546,33.853,33.853,V3 池,33.91987632923231,合约价格,33.853,0.197160
2025-12-03T11:13:39.415Z,33.91987632923231,33.857045100079546,33.853,33.853,V3 池,33.91987632923231,合约价格,33.853,0.197160
2025-12-03T11:13:39.576Z,33.91987632923231,33.857045100079546,33.8695,33.8695,V3 池,33.91987632923231,V4 池,33.857045100079546,0.185234
2025-12-03T11:13:39.682Z,33.91987632923231,33.857045100079546,33.8695,33.8695,V3 池,33.91987632923231,V4 池,33.857045100079546,0.185234
2025-12-03T11:13:39.712Z,33.91987632923231,33.857045100079546,33.8695,33.8695,V3 池,33.91987632923231,V4 池,33.857045100079546,0.185234
2025-12-03T11:13:39.839Z,33.91987632923231,33.857045100079546,33.8695,33.8695,V3 池,33.91987632923231,V4 池,33.857045100079546,0.185234
2025-12-03T11:13:39.890Z,33.91987632923231,33.857045100079546,33.8695,33.8695,V3 池,33.91987632923231,V4 池,33.857045100079546,0.185234
2025-12-03T11:13:39.924Z,33.91987632923231,33.857045100079546,33.8695,33.8695,V3 池,33.91987632923231,V4 池,33.857045100079546,0.185234
2025-12-03T11:13:39.940Z,33.91987632923231,33.857045100079546,33.8695,33.8695,V3 池,33.91987632923231,V4 池,33.857045100079546,0.185234
2025-12-03T11:13:44.624Z,33.91987632923231,33.857045100079546,33.8495,33.8495,V3 池,33.91987632923231,合约价格,33.8495,0.207478
2025-12-03T11:13:44.708Z,33.91987632923231,33.857045100079546,33.8495,33.8495,V3 池,33.91987632923231,合约价格,33.8495,0.207478
2025-12-03T11:13:44.717Z,33.91987632923231,33.857045100079546,33.8495,33.8495,V3 池,33.91987632923231,合约价格,33.8495,0.207478
2025-12-03T11:13:44.845Z,33.91987632923231,33.857045100079546,33.8495,33.8495,V3 池,33.91987632923231,合约价格,33.8495,0.207478
2025-12-03T11:13:44.889Z,33.91987632923231,33.857045100079546,33.8495,33.8495,V3 池,33.91987632923231,合约价格,33.8495,0.207478
2025-12-03T11:13:44.928Z,33.91987632923231,33.857045100079546,33.8495,33.8495,V3 池,33.91987632923231,合约价格,33.8495,0.207478
2025-12-03T11:13:44.942Z,33.91987632923231,33.857045100079546,33.8495,33.8495,V3 池,33.91987632923231,合约价格,33.8495,0.207478
2025-12-03T11:13:47.446Z,33.91987632923231,33.85711410121443,33.8495,33.8495,V3 池,33.91987632923231,合约价格,33.8495,0.207478
2025-12-03T11:13:47.446Z,33.91987632923231,33.85711410121443,33.8495,33.8495,V3 池,33.91987632923231,合约价格,33.8495,0.207478
2025-12-03T11:13:47.447Z,33.91987632923231,33.85711410121443,33.8495,33.8495,V3 池,33.91987632923231,合约价格,33.8495,0.207478
2025-12-03T11:13:47.448Z,33.91987632923231,33.85711410121443,33.8495,33.8495,V3 池,33.91987632923231,合约价格,33.8495,0.207478
2025-12-03T11:13:47.448Z,33.91987632923231,33.85711410121443,33.8495,33.8495,V3 池,33.91987632923231,合约价格,33.8495,0.207478
2025-12-03T11:13:47.449Z,33.91987632923231,33.85711410121443,33.8495,33.8495,V3 池,33.91987632923231,合约价格,33.8495,0.207478
2025-12-03T11:13:47.450Z,33.91987632923231,33.85711410121443,33.8495,33.8495,V3 池,33.91987632923231,合约价格,33.8495,0.207478
2025-12-03T11:13:48.465Z,33.91987632923231,33.85716407752144,33.8495,33.8495,V3 池,33.91987632923231,合约价格,33.8495,0.207478
2025-12-03T11:13:48.465Z,33.91987632923231,33.85716407752144,33.8495,33.8495,V3 池,33.91987632923231,合约价格,33.8495,0.207478
2025-12-03T11:13:48.467Z,33.91987632923231,33.85716407752144,33.8495,33.8495,V3 池,33.91987632923231,合约价格,33.8495,0.207478
2025-12-03T11:13:48.468Z,33.91987632923231,33.85716407752144,33.8495,33.8495,V3 池,33.91987632923231,合约价格,33.8495,0.207478
2025-12-03T11:13:48.468Z,33.91987632923231,33.85716407752144,33.8495,33.8495,V3 池,33.91987632923231,合约价格,33.8495,0.207478
2025-12-03T11:13:48.469Z,33.91987632923231,33.85716407752144,33.8495,33.8495,V3 池,33.91987632923231,合约价格,33.8495,0.207478
2025-12-03T11:13:48.469Z,33.91987632923231,33.85716407752144,33.8495,33.8495,V3 池,33.91987632923231,合约价格,33.8495,0.207478
2025-12-03T11:13:49.572Z,33.91987632923231,33.85716407752144,33.8495,33.8495,V3 池,33.91987632923231,合约价格,33.8495,0.207478
2025-12-03T11:13:49.686Z,33.91987632923231,33.85716407752144,33.8495,33.8495,V3 池,33.91987632923231,合约价格,33.8495,0.207478
2025-12-03T11:13:49.709Z,33.91987632923231,33.85716407752144,33.8495,33.8495,V3 池,33.91987632923231,合约价格,33.8495,0.207478
2025-12-03T11:13:49.842Z,33.91987632923231,33.85716407752144,33.8495,33.8495,V3 池,33.91987632923231,合约价格,33.8495,0.207478
2025-12-03T11:13:49.894Z,33.91987632923231,33.85716407752144,33.8495,33.8495,V3 池,33.91987632923231,合约价格,33.8495,0.207478
2025-12-03T11:13:49.942Z,33.91987632923231,33.85716407752144,33.8495,33.8495,V3 池,33.91987632923231,合约价格,33.8495,0.207478
2025-12-03T11:13:49.952Z,33.91987632923231,33.85716407752144,33.8495,33.8495,V3 池,33.91987632923231,合约价格,33.8495,0.207478
2025-12-03T11:13:50.491Z,33.91987632923231,33.85716896451189,33.8495,33.8495,V3 池,33.91987632923231,合约价格,33.8495,0.207478
2025-12-03T11:13:50.491Z,33.91987632923231,33.85716896451189,33.8495,33.8495,V3 池,33.91987632923231,合约价格,33.8495,0.207478
2025-12-03T11:13:50.491Z,33.91987632923231,33.85716896451189,33.8495,33.8495,V3 池,33.91987632923231,合约价格,33.8495,0.207478
2025-12-03T11:13:50.491Z,33.91987632923231,33.85716896451189,33.8495,33.8495,V3 池,33.91987632923231,合约价格,33.8495,0.207478
2025-12-03T11:13:50.493Z,33.91987632923231,33.85716896451189,33.8495,33.8495,V3 池,33.91987632923231,合约价格,33.8495,0.207478
2025-12-03T11:13:50.493Z,33.91987632923231,33.85716896451189,33.8495,33.8495,V3 池,33.91987632923231,合约价格,33.8495,0.207478
2025-12-03T11:13:50.493Z,33.91987632923231,33.85716896451189,33.8495,33.8495,V3 池,33.91987632923231,合约价格,33.8495,0.207478
2025-12-03T11:13:54.578Z,33.91987632923231,33.85716896451189,33.8495,33.8495,V3 池,33.91987632923231,合约价格,33.8495,0.207478
2025-12-03T11:13:54.713Z,33.91987632923231,33.85716896451189,33.8495,33.8495,V3 池,33.91987632923231,合约价格,33.8495,0.207478
2025-12-03T11:13:54.747Z,33.91987632923231,33.85716896451189,33.8495,33.8495,V3 池,33.91987632923231,合约价格,33.8495,0.207478
2025-12-03T11:13:54.870Z,33.91987632923231,33.85716896451189,33.8495,33.8495,V3 池,33.91987632923231,合约价格,33.8495,0.207478
2025-12-03T11:13:54.888Z,33.91987632923231,33.85716896451189,33.8495,33.8495,V3 池,33.91987632923231,合约价格,33.8495,0.207478
2025-12-03T11:13:54.951Z,33.91987632923231,33.85716896451189,33.8495,33.8495,V3 池,33.91987632923231,合约价格,33.8495,0.207478
2025-12-03T11:13:54.955Z,33.91987632923231,33.85716896451189,33.8495,33.8495,V3 池,33.91987632923231,合约价格,33.8495,0.207478
2025-12-03T11:13:59.579Z,33.87915388932998,33.8476636264431,33.7735,33.7735,V3 池,33.87915388932998,合约价格,33.7735,0.311855
2025-12-03T11:13:59.687Z,33.87915388932998,33.8476636264431,33.7735,33.7735,V3 池,33.87915388932998,合约价格,33.7735,0.311855
2025-12-03T11:13:59.712Z,33.87915388932998,33.8476636264431,33.7735,33.7735,V3 池,33.87915388932998,合约价格,33.7735,0.311855
2025-12-03T11:13:59.880Z,33.87915388932998,33.8476636264431,33.77,33.77,V3 池,33.87915388932998,合约价格,33.77,0.322186
2025-12-03T11:13:59.942Z,33.87915388932998,33.8476636264431,33.77,33.77,V3 池,33.87915388932998,合约价格,33.77,0.322186
2025-12-03T11:13:59.982Z,33.87915388932998,33.8476636264431,33.77,33.77,V3 池,33.87915388932998,合约价格,33.77,0.322186
2025-12-03T11:13:59.988Z,33.87915388932998,33.8476636264431,33.77,33.77,V3 池,33.87915388932998,合约价格,33.77,0.322186
2025-12-03T11:14:00.446Z,33.849688093398065,33.8476636264431,33.77,33.77,V3 池,33.849688093398065,合约价格,33.77,0.235418
2025-12-03T11:14:00.446Z,33.849688093398065,33.8476636264431,33.7735,33.7735,V3 池,33.849688093398065,合约价格,33.7735,0.225078
2025-12-03T11:14:00.447Z,33.849688093398065,33.8476636264431,33.7735,33.7735,V3 池,33.849688093398065,合约价格,33.7735,0.225078
2025-12-03T11:14:00.448Z,33.849688093398065,33.8476636264431,33.77,33.77,V3 池,33.849688093398065,合约价格,33.77,0.235418
2025-12-03T11:14:00.448Z,33.849688093398065,33.8476636264431,33.77,33.77,V3 池,33.849688093398065,合约价格,33.77,0.235418
2025-12-03T11:14:00.449Z,33.849688093398065,33.8476636264431,33.7735,33.7735,V3 池,33.849688093398065,合约价格,33.7735,0.225078
2025-12-03T11:14:00.451Z,33.849688093398065,33.8476636264431,33.77,33.77,V3 池,33.849688093398065,合约价格,33.77,0.235418
2025-12-03T11:14:02.460Z,33.849688093398065,33.841557549845675,33.7735,33.7735,V3 池,33.849688093398065,合约价格,33.7735,0.225078
2025-12-03T11:14:02.460Z,33.849688093398065,33.841557549845675,33.7735,33.7735,V3 池,33.849688093398065,合约价格,33.7735,0.225078
2025-12-03T11:14:02.461Z,33.849688093398065,33.841557549845675,33.77,33.77,V3 池,33.849688093398065,合约价格,33.77,0.235418
2025-12-03T11:14:02.461Z,33.849688093398065,33.841557549845675,33.77,33.77,V3 池,33.849688093398065,合约价格,33.77,0.235418
2025-12-03T11:14:02.462Z,33.849688093398065,33.841557549845675,33.77,33.77,V3 池,33.849688093398065,合约价格,33.77,0.235418
2025-12-03T11:14:02.463Z,33.849688093398065,33.841557549845675,33.7735,33.7735,V3 池,33.849688093398065,合约价格,33.7735,0.225078
2025-12-03T11:14:02.464Z,33.849688093398065,33.841557549845675,33.77,33.77,V3 池,33.849688093398065,合约价格,33.77,0.235418
2025-12-03T11:14:04.490Z,33.849688093398065,33.84172209717898,33.7735,33.7735,V3 池,33.849688093398065,合约价格,33.7735,0.225078
2025-12-03T11:14:04.490Z,33.849688093398065,33.84172209717898,33.77,33.77,V3 池,33.849688093398065,合约价格,33.77,0.235418
2025-12-03T11:14:04.490Z,33.849688093398065,33.84172209717898,33.77,33.77,V3 池,33.849688093398065,合约价格,33.77,0.235418
2025-12-03T11:14:04.492Z,33.849688093398065,33.84172209717898,33.77,33.77,V3 池,33.849688093398065,合约价格,33.77,0.235418
2025-12-03T11:14:04.492Z,33.849688093398065,33.835942104025854,33.7735,33.7735,V3 池,33.849688093398065,合约价格,33.7735,0.225078
2025-12-03T11:14:04.493Z,33.849688093398065,33.835942104025854,33.77,33.77,V3 池,33.849688093398065,合约价格,33.77,0.235418
2025-12-03T11:14:04.493Z,33.849688093398065,33.84172209717898,33.7735,33.7735,V3 池,33.849688093398065,合约价格,33.7735,0.225078
2025-12-03T11:14:04.493Z,33.849688093398065,33.835942104025854,33.77,33.77,V3 池,33.849688093398065,合约价格,33.77,0.235418
2025-12-03T11:14:04.494Z,33.849688093398065,33.835942104025854,33.77,33.77,V3 池,33.849688093398065,合约价格,33.77,0.235418
2025-12-03T11:14:04.495Z,33.849688093398065,33.835942104025854,33.7735,33.7735,V3 池,33.849688093398065,合约价格,33.7735,0.225078
2025-12-03T11:14:04.495Z,33.849688093398065,33.84172209717898,33.77,33.77,V3 池,33.849688093398065,合约价格,33.77,0.235418
2025-12-03T11:14:04.495Z,33.849688093398065,33.84172209717898,33.7735,33.7735,V3 池,33.849688093398065,合约价格,33.7735,0.225078
2025-12-03T11:14:04.497Z,33.849688093398065,33.835942104025854,33.77,33.77,V3 池,33.849688093398065,合约价格,33.77,0.235418
2025-12-03T11:14:04.498Z,33.849688093398065,33.835942104025854,33.7735,33.7735,V3 池,33.849688093398065,合约价格,33.7735,0.225078
2025-12-03T11:14:04.584Z,33.849688093398065,33.835942104025854,33.7595,33.7595,V3 池,33.849688093398065,合约价格,33.7595,0.266437
2025-12-03T11:14:04.688Z,33.849688093398065,33.835942104025854,33.7595,33.7595,V3 池,33.849688093398065,合约价格,33.7595,0.266437
2025-12-03T11:14:04.715Z,33.849688093398065,33.835942104025854,33.7595,33.7595,V3 池,33.849688093398065,合约价格,33.7595,0.266437
2025-12-03T11:14:04.849Z,33.849688093398065,33.835942104025854,33.7595,33.7595,V3 池,33.849688093398065,合约价格,33.7595,0.266437
2025-12-03T11:14:04.903Z,33.849688093398065,33.835942104025854,33.7595,33.7595,V3 池,33.849688093398065,合约价格,33.7595,0.266437
2025-12-03T11:14:04.951Z,33.849688093398065,33.835942104025854,33.7595,33.7595,V3 池,33.849688093398065,合约价格,33.7595,0.266437
2025-12-03T11:14:04.964Z,33.849688093398065,33.835942104025854,33.7595,33.7595,V3 池,33.849688093398065,合约价格,33.7595,0.266437
2025-12-03T11:14:09.569Z,33.849688093398065,33.81408644720077,33.7595,33.7595,V3 池,33.849688093398065,合约价格,33.7595,0.266437
2025-12-03T11:14:09.569Z,33.849688093398065,33.81408644720077,33.7595,33.7595,V3 池,33.849688093398065,合约价格,33.7595,0.266437
2025-12-03T11:14:09.569Z,33.849688093398065,33.81408644720077,33.7595,33.7595,V3 池,33.849688093398065,合约价格,33.7595,0.266437
2025-12-03T11:14:09.570Z,33.849688093398065,33.81408644720077,33.7595,33.7595,V3 池,33.849688093398065,合约价格,33.7595,0.266437
2025-12-03T11:14:09.571Z,33.849688093398065,33.81408644720077,33.7595,33.7595,V3 池,33.849688093398065,合约价格,33.7595,0.266437
2025-12-03T11:14:09.571Z,33.849688093398065,33.81408644720077,33.7595,33.7595,V3 池,33.849688093398065,合约价格,33.7595,0.266437
2025-12-03T11:14:09.572Z,33.849688093398065,33.81408644720077,33.7595,33.7595,V3 池,33.849688093398065,合约价格,33.7595,0.266437
2025-12-03T11:14:09.575Z,33.849688093398065,33.81408644720077,33.7755,33.7755,V3 池,33.849688093398065,合约价格,33.7755,0.219169
2025-12-03T11:14:09.711Z,33.849688093398065,33.81408644720077,33.7755,33.7755,V3 池,33.849688093398065,合约价格,33.7755,0.219169
2025-12-03T11:14:09.715Z,33.849688093398065,33.81408644720077,33.7755,33.7755,V3 池,33.849688093398065,合约价格,33.7755,0.219169
2025-12-03T11:14:09.847Z,33.849688093398065,33.81408644720077,33.7755,33.7755,V3 池,33.849688093398065,合约价格,33.7755,0.219169
2025-12-03T11:14:09.888Z,33.849688093398065,33.81408644720077,33.7755,33.7755,V3 池,33.849688093398065,合约价格,33.7755,0.219169
2025-12-03T11:14:09.943Z,33.849688093398065,33.81408644720077,33.7755,33.7755,V3 池,33.849688093398065,合约价格,33.7755,0.219169
2025-12-03T11:14:09.943Z,33.849688093398065,33.81408644720077,33.7755,33.7755,V3 池,33.849688093398065,合约价格,33.7755,0.219169
2025-12-03T11:14:14.437Z,33.849688093398065,33.81190204626489,33.7755,33.7755,V3 池,33.849688093398065,合约价格,33.7755,0.219169
2025-12-03T11:14:14.437Z,33.849688093398065,33.81190204626489,33.7755,33.7755,V3 池,33.849688093398065,合约价格,33.7755,0.219169
2025-12-03T11:14:14.438Z,33.849688093398065,33.81190204626489,33.7755,33.7755,V3 池,33.849688093398065,合约价格,33.7755,0.219169
2025-12-03T11:14:14.439Z,33.849688093398065,33.81190204626489,33.7755,33.7755,V3 池,33.849688093398065,合约价格,33.7755,0.219169
2025-12-03T11:14:14.439Z,33.849688093398065,33.81190204626489,33.7755,33.7755,V3 池,33.849688093398065,合约价格,33.7755,0.219169
2025-12-03T11:14:14.440Z,33.849688093398065,33.81190204626489,33.7755,33.7755,V3 池,33.849688093398065,合约价格,33.7755,0.219169
2025-12-03T11:14:14.441Z,33.849688093398065,33.81190204626489,33.7755,33.7755,V3 池,33.849688093398065,合约价格,33.7755,0.219169
2025-12-03T11:14:14.579Z,33.849688093398065,33.81190204626489,33.7855,33.7855,V3 池,33.849688093398065,合约价格,33.7855,0.189627
2025-12-03T11:14:14.737Z,33.849688093398065,33.81190204626489,33.7855,33.7855,V3 池,33.849688093398065,合约价格,33.7855,0.189627
2025-12-03T11:14:14.748Z,33.849688093398065,33.81190204626489,33.7855,33.7855,V3 池,33.849688093398065,合约价格,33.7855,0.189627
2025-12-03T11:14:14.846Z,33.849688093398065,33.81190204626489,33.7855,33.7855,V3 池,33.849688093398065,合约价格,33.7855,0.189627
2025-12-03T11:14:14.896Z,33.849688093398065,33.81190204626489,33.7855,33.7855,V3 池,33.849688093398065,合约价格,33.7855,0.189627
2025-12-03T11:14:14.927Z,33.849688093398065,33.81190204626489,33.7855,33.7855,V3 池,33.849688093398065,合约价格,33.7855,0.189627
2025-12-03T11:14:14.955Z,33.849688093398065,33.81190204626489,33.7855,33.7855,V3 池,33.849688093398065,合约价格,33.7855,0.189627
2025-12-03T11:14:19.615Z,33.849688093398065,33.81190204626489,33.8015,33.8015,V3 池,33.849688093398065,合约价格,33.8015,0.142359
2025-12-03T11:14:19.685Z,33.849688093398065,33.81190204626489,33.8015,33.8015,V3 池,33.849688093398065,合约价格,33.8015,0.142359
2025-12-03T11:14:19.715Z,33.849688093398065,33.81190204626489,33.8015,33.8015,V3 池,33.849688093398065,合约价格,33.8015,0.142359
2025-12-03T11:14:19.846Z,33.849688093398065,33.81190204626489,33.8015,33.8015,V3 池,33.849688093398065,合约价格,33.8015,0.142359
2025-12-03T11:14:19.889Z,33.849688093398065,33.81190204626489,33.8015,33.8015,V3 池,33.849688093398065,合约价格,33.8015,0.142359
2025-12-03T11:14:19.938Z,33.849688093398065,33.81190204626489,33.8015,33.8015,V3 池,33.849688093398065,合约价格,33.8015,0.142359
2025-12-03T11:14:19.956Z,33.849688093398065,33.81190204626489,33.8015,33.8015,V3 池,33.849688093398065,合约价格,33.8015,0.142359
2025-12-03T11:14:24.579Z,33.849688093398065,33.81190204626489,33.811,33.811,V3 池,33.849688093398065,合约价格,33.811,0.114294
2025-12-03T11:14:24.682Z,33.849688093398065,33.81190204626489,33.811,33.811,V3 池,33.849688093398065,合约价格,33.811,0.114294
2025-12-03T11:14:24.717Z,33.849688093398065,33.81190204626489,33.8155,33.8155,V3 池,33.849688093398065,V4 池,33.81190204626489,0.111629
2025-12-03T11:14:24.856Z,33.849688093398065,33.81190204626489,33.8155,33.8155,V3 池,33.849688093398065,V4 池,33.81190204626489,0.111629
2025-12-03T11:14:24.896Z,33.849688093398065,33.81190204626489,33.8155,33.8155,V3 池,33.849688093398065,V4 池,33.81190204626489,0.111629
2025-12-03T11:14:24.945Z,33.849688093398065,33.81190204626489,33.8175,33.8175,V3 池,33.849688093398065,V4 池,33.81190204626489,0.111629
2025-12-03T11:14:24.946Z,33.849688093398065,33.81190204626489,33.8175,33.8175,V3 池,33.849688093398065,V4 池,33.81190204626489,0.111629
2025-12-03T11:14:29.577Z,33.849688093398065,33.81190204626489,33.8095,33.8095,V3 池,33.849688093398065,合约价格,33.8095,0.118725
2025-12-03T11:14:29.688Z,33.849688093398065,33.81190204626489,33.8145,33.8145,V3 池,33.849688093398065,V4 池,33.81190204626489,0.111629
2025-12-03T11:14:29.726Z,33.849688093398065,33.81190204626489,33.8095,33.8095,V3 池,33.849688093398065,合约价格,33.8095,0.118725
2025-12-03T11:14:29.863Z,33.849688093398065,33.81190204626489,33.8095,33.8095,V3 池,33.849688093398065,合约价格,33.8095,0.118725
2025-12-03T11:14:29.902Z,33.849688093398065,33.81190204626489,33.8145,33.8145,V3 池,33.849688093398065,V4 池,33.81190204626489,0.111629
2025-12-03T11:14:29.935Z,33.849688093398065,33.81190204626489,33.8145,33.8145,V3 池,33.849688093398065,V4 池,33.81190204626489,0.111629
2025-12-03T11:14:30.056Z,33.849688093398065,33.81190204626489,33.8145,33.8145,V3 池,33.849688093398065,V4 池,33.81190204626489,0.111629
2025-12-03T11:14:34.580Z,33.849688093398065,33.81190204626489,33.8255,33.8255,V3 池,33.849688093398065,V4 池,33.81190204626489,0.111629
2025-12-03T11:14:34.684Z,33.849688093398065,33.81190204626489,33.8255,33.8255,V3 池,33.849688093398065,V4 池,33.81190204626489,0.111629
2025-12-03T11:14:34.728Z,33.849688093398065,33.81190204626489,33.8255,33.8255,V3 池,33.849688093398065,V4 池,33.81190204626489,0.111629
2025-12-03T11:14:34.847Z,33.849688093398065,33.81190204626489,33.8255,33.8255,V3 池,33.849688093398065,V4 池,33.81190204626489,0.111629
2025-12-03T11:14:34.892Z,33.849688093398065,33.81190204626489,33.8255,33.8255,V3 池,33.849688093398065,V4 池,33.81190204626489,0.111629
2025-12-03T11:14:34.936Z,33.849688093398065,33.81190204626489,33.8255,33.8255,V3 池,33.849688093398065,V4 池,33.81190204626489,0.111629
2025-12-03T11:14:34.976Z,33.849688093398065,33.81190204626489,33.8255,33.8255,V3 池,33.849688093398065,V4 池,33.81190204626489,0.111629
2025-12-03T11:14:39.631Z,33.849688093398065,33.81190204626489,33.84,33.84,V3 池,33.849688093398065,V4 池,33.81190204626489,0.111629
2025-12-03T11:14:39.739Z,33.849688093398065,33.81190204626489,33.844,33.844,V3 池,33.849688093398065,V4 池,33.81190204626489,0.111629
2025-12-03T11:14:39.742Z,33.849688093398065,33.81190204626489,33.84,33.84,V3 池,33.849688093398065,V4 池,33.81190204626489,0.111629
2025-12-03T11:14:39.851Z,33.849688093398065,33.81190204626489,33.84,33.84,V3 池,33.849688093398065,V4 池,33.81190204626489,0.111629
2025-12-03T11:14:39.914Z,33.849688093398065,33.81190204626489,33.844,33.844,V3 池,33.849688093398065,V4 池,33.81190204626489,0.111629
2025-12-03T11:14:39.935Z,33.849688093398065,33.81190204626489,33.844,33.844,V3 池,33.849688093398065,V4 池,33.81190204626489,0.111629
2025-12-03T11:14:39.947Z,33.849688093398065,33.81190204626489,33.844,33.844,V3 池,33.849688093398065,V4 池,33.81190204626489,0.111629
2025-12-03T11:14:44.582Z,33.849688093398065,33.81190204626489,33.8275,33.8275,V3 池,33.849688093398065,V4 池,33.81190204626489,0.111629
2025-12-03T11:14:44.690Z,33.849688093398065,33.81190204626489,33.8275,33.8275,V3 池,33.849688093398065,V4 池,33.81190204626489,0.111629
2025-12-03T11:14:44.716Z,33.849688093398065,33.81190204626489,33.8275,33.8275,V3 池,33.849688093398065,V4 池,33.81190204626489,0.111629
2025-12-03T11:14:44.860Z,33.849688093398065,33.81190204626489,33.8275,33.8275,V3 池,33.849688093398065,V4 池,33.81190204626489,0.111629
2025-12-03T11:14:44.897Z,33.849688093398065,33.81190204626489,33.8275,33.8275,V3 池,33.849688093398065,V4 池,33.81190204626489,0.111629
2025-12-03T11:14:44.934Z,33.849688093398065,33.81190204626489,33.8275,33.8275,V3 池,33.849688093398065,V4 池,33.81190204626489,0.111629
2025-12-03T11:14:44.951Z,33.849688093398065,33.81190204626489,33.8275,33.8275,V3 池,33.849688093398065,V4 池,33.81190204626489,0.111629
2025-12-03T11:14:47.494Z,33.849688093398065,33.81200193657717,33.8275,33.8275,V3 池,33.849688093398065,V4 池,33.81200193657717,0.111334
2025-12-03T11:14:47.494Z,33.849688093398065,33.81200193657717,33.8275,33.8275,V3 池,33.849688093398065,V4 池,33.81200193657717,0.111334
2025-12-03T11:14:47.494Z,33.849688093398065,33.81200193657717,33.8275,33.8275,V3 池,33.849688093398065,V4 池,33.81200193657717,0.111334
2025-12-03T11:14:47.495Z,33.849688093398065,33.81200193657717,33.8275,33.8275,V3 池,33.849688093398065,V4 池,33.81200193657717,0.111334
2025-12-03T11:14:47.496Z,33.849688093398065,33.81200193657717,33.8275,33.8275,V3 池,33.849688093398065,V4 池,33.81200193657717,0.111334
2025-12-03T11:14:47.496Z,33.849688093398065,33.81200193657717,33.8275,33.8275,V3 池,33.849688093398065,V4 池,33.81200193657717,0.111334
2025-12-03T11:14:47.496Z,33.849688093398065,33.81200193657717,33.8275,33.8275,V3 池,33.849688093398065,V4 池,33.81200193657717,0.111334
2025-12-03T11:14:48.401Z,33.849688093398065,33.81445148480579,33.8275,33.8275,V3 池,33.849688093398065,V4 池,33.81445148480579,0.104097
2025-12-03T11:14:48.401Z,33.849688093398065,33.81445148480579,33.8275,33.8275,V3 池,33.849688093398065,V4 池,33.81445148480579,0.104097
2025-12-03T11:14:48.401Z,33.849688093398065,33.81445148480579,33.8275,33.8275,V3 池,33.849688093398065,V4 池,33.81445148480579,0.104097
2025-12-03T11:14:48.402Z,33.849688093398065,33.81445148480579,33.8275,33.8275,V3 池,33.849688093398065,V4 池,33.81445148480579,0.104097
2025-12-03T11:14:48.402Z,33.849688093398065,33.81445148480579,33.8275,33.8275,V3 池,33.849688093398065,V4 池,33.81445148480579,0.104097
2025-12-03T11:14:48.403Z,33.849688093398065,33.81445148480579,33.8275,33.8275,V3 池,33.849688093398065,V4 池,33.81445148480579,0.104097
2025-12-03T11:14:48.403Z,33.849688093398065,33.81445148480579,33.8275,33.8275,V3 池,33.849688093398065,V4 池,33.81445148480579,0.104097
2025-12-03T11:14:49.702Z,33.849688093398065,33.81445148480579,33.836,33.836,V3 池,33.849688093398065,V4 池,33.81445148480579,0.104097
2025-12-03T11:14:49.717Z,33.849688093398065,33.81445148480579,33.8365,33.8365,V3 池,33.849688093398065,V4 池,33.81445148480579,0.104097
2025-12-03T11:14:49.874Z,33.849688093398065,33.81445148480579,33.836,33.836,V3 池,33.849688093398065,V4 池,33.81445148480579,0.104097
2025-12-03T11:14:49.915Z,33.849688093398065,33.81445148480579,33.836,33.836,V3 池,33.849688093398065,V4 池,33.81445148480579,0.104097
2025-12-03T11:14:50.005Z,33.849688093398065,33.81445148480579,33.836,33.836,V3 池,33.849688093398065,V4 池,33.81445148480579,0.104097
2025-12-03T11:14:50.045Z,33.849688093398065,33.81445148480579,33.836,33.836,V3 池,33.849688093398065,V4 池,33.81445148480579,0.104097
2025-12-03T11:14:50.135Z,33.849688093398065,33.81445148480579,33.836,33.836,V3 池,33.849688093398065,V4 池,33.81445148480579,0.104097
2025-12-03T11:14:54.689Z,33.849688093398065,33.81445148480579,33.8055,33.8055,V3 池,33.849688093398065,合约价格,33.8055,0.130542
2025-12-03T11:14:54.736Z,33.849688093398065,33.81445148480579,33.8055,33.8055,V3 池,33.849688093398065,合约价格,33.8055,0.130542
2025-12-03T11:14:54.770Z,33.849688093398065,33.81445148480579,33.8055,33.8055,V3 池,33.849688093398065,合约价格,33.8055,0.130542
2025-12-03T11:14:54.881Z,33.849688093398065,33.81445148480579,33.7995,33.7995,V3 池,33.849688093398065,合约价格,33.7995,0.148268
2025-12-03T11:14:54.917Z,33.849688093398065,33.81445148480579,33.7995,33.7995,V3 池,33.849688093398065,合约价格,33.7995,0.148268
2025-12-03T11:14:54.934Z,33.849688093398065,33.81445148480579,33.7995,33.7995,V3 池,33.849688093398065,合约价格,33.7995,0.148268
2025-12-03T11:14:54.956Z,33.849688093398065,33.81445148480579,33.7995,33.7995,V3 池,33.849688093398065,合约价格,33.7995,0.148268
2025-12-03T11:14:58.456Z,33.849688093398065,33.814496812431976,33.8055,33.8055,V3 池,33.849688093398065,合约价格,33.8055,0.130542
2025-12-03T11:14:58.456Z,33.849688093398065,33.814496812431976,33.8055,33.8055,V3 池,33.849688093398065,合约价格,33.8055,0.130542
2025-12-03T11:14:58.457Z,33.849688093398065,33.814496812431976,33.7995,33.7995,V3 池,33.849688093398065,合约价格,33.7995,0.148268
2025-12-03T11:14:58.457Z,33.849688093398065,33.814496812431976,33.7995,33.7995,V3 池,33.849688093398065,合约价格,33.7995,0.148268
2025-12-03T11:14:58.458Z,33.849688093398065,33.814496812431976,33.7995,33.7995,V3 池,33.849688093398065,合约价格,33.7995,0.148268
2025-12-03T11:14:58.458Z,33.849688093398065,33.814496812431976,33.7995,33.7995,V3 池,33.849688093398065,合约价格,33.7995,0.148268
2025-12-03T11:14:58.459Z,33.849688093398065,33.814496812431976,33.8055,33.8055,V3 池,33.849688093398065,合约价格,33.8055,0.130542
2025-12-03T11:14:59.473Z,33.849688093398065,33.81462473591779,33.7995,33.7995,V3 池,33.849688093398065,合约价格,33.7995,0.148268
2025-12-03T11:14:59.473Z,33.849688093398065,33.81462473591779,33.7995,33.7995,V3 池,33.849688093398065,合约价格,33.7995,0.148268
2025-12-03T11:14:59.474Z,33.849688093398065,33.81462473591779,33.8055,33.8055,V3 池,33.849688093398065,合约价格,33.8055,0.130542
2025-12-03T11:14:59.476Z,33.849688093398065,33.81462473591779,33.7995,33.7995,V3 池,33.849688093398065,合约价格,33.7995,0.148268
2025-12-03T11:14:59.476Z,33.849688093398065,33.81462473591779,33.7995,33.7995,V3 池,33.849688093398065,合约价格,33.7995,0.148268
2025-12-03T11:14:59.476Z,33.849688093398065,33.81462473591779,33.8055,33.8055,V3 池,33.849688093398065,合约价格,33.8055,0.130542
2025-12-03T11:14:59.476Z,33.849688093398065,33.81462473591779,33.8055,33.8055,V3 池,33.849688093398065,合约价格,33.8055,0.130542
2025-12-03T11:14:59.588Z,33.849688093398065,33.81462473591779,33.7995,33.7995,V3 池,33.849688093398065,合约价格,33.7995,0.148268
2025-12-03T11:14:59.689Z,33.849688093398065,33.81462473591779,33.7995,33.7995,V3 池,33.849688093398065,合约价格,33.7995,0.148268
2025-12-03T11:14:59.720Z,33.849688093398065,33.81462473591779,33.7995,33.7995,V3 池,33.849688093398065,合约价格,33.7995,0.148268
2025-12-03T11:14:59.937Z,33.849688093398065,33.81462473591779,33.7945,33.7945,V3 池,33.849688093398065,合约价格,33.7945,0.163039
2025-12-03T11:14:59.951Z,33.849688093398065,33.81462473591779,33.7945,33.7945,V3 池,33.849688093398065,合约价格,33.7945,0.163039
2025-12-03T11:14:59.976Z,33.849688093398065,33.81462473591779,33.7995,33.7995,V3 池,33.849688093398065,合约价格,33.7995,0.148268
2025-12-03T11:15:00.269Z,33.849688093398065,33.81462473591779,33.7945,33.7945,V3 池,33.849688093398065,合约价格,33.7945,0.163039
2025-12-03T11:15:00.601Z,33.849688093398065,33.81468612661447,33.7995,33.7995,V3 池,33.849688093398065,合约价格,33.7995,0.148268
2025-12-03T11:15:00.601Z,33.849688093398065,33.81468612661447,33.7945,33.7945,V3 池,33.849688093398065,合约价格,33.7945,0.163039
2025-12-03T11:15:00.601Z,33.849688093398065,33.81468612661447,33.7995,33.7995,V3 池,33.849688093398065,合约价格,33.7995,0.148268
2025-12-03T11:15:00.602Z,33.849688093398065,33.81468612661447,33.7945,33.7945,V3 池,33.849688093398065,合约价格,33.7945,0.163039
2025-12-03T11:15:00.603Z,33.849688093398065,33.81468612661447,33.7945,33.7945,V3 池,33.849688093398065,合约价格,33.7945,0.163039
2025-12-03T11:15:00.605Z,33.849688093398065,33.81468612661447,33.7995,33.7995,V3 池,33.849688093398065,合约价格,33.7995,0.148268
2025-12-03T11:15:00.605Z,33.849688093398065,33.81468612661447,33.7995,33.7995,V3 池,33.849688093398065,合约价格,33.7995,0.148268
2025-12-03T11:15:04.584Z,33.849688093398065,33.81468612661447,33.7995,33.7995,V3 池,33.849688093398065,合约价格,33.7995,0.148268
2025-12-03T11:15:04.701Z,33.849688093398065,33.81468612661447,33.7995,33.7995,V3 池,33.849688093398065,合约价格,33.7995,0.148268
2025-12-03T11:15:04.720Z,33.849688093398065,33.81468612661447,33.7995,33.7995,V3 池,33.849688093398065,合约价格,33.7995,0.148268
2025-12-03T11:15:04.859Z,33.849688093398065,33.81468612661447,33.7995,33.7995,V3 池,33.849688093398065,合约价格,33.7995,0.148268
2025-12-03T11:15:04.932Z,33.849688093398065,33.81468612661447,33.7995,33.7995,V3 池,33.849688093398065,合约价格,33.7995,0.148268
2025-12-03T11:15:04.991Z,33.849688093398065,33.81468612661447,33.7995,33.7995,V3 池,33.849688093398065,合约价格,33.7995,0.148268
2025-12-03T11:15:05.125Z,33.849688093398065,33.81468612661447,33.7995,33.7995,V3 池,33.849688093398065,合约价格,33.7995,0.148268
2025-12-03T11:15:09.588Z,33.849688093398065,33.81468612661447,33.786,33.786,V3 池,33.849688093398065,合约价格,33.786,0.188150
2025-12-03T11:15:09.720Z,33.849688093398065,33.81468612661447,33.786,33.786,V3 池,33.849688093398065,合约价格,33.786,0.188150
2025-12-03T11:15:09.734Z,33.849688093398065,33.81468612661447,33.786,33.786,V3 池,33.849688093398065,合约价格,33.786,0.188150
2025-12-03T11:15:09.859Z,33.849688093398065,33.81468612661447,33.786,33.786,V3 池,33.849688093398065,合约价格,33.786,0.188150
2025-12-03T11:15:09.913Z,33.849688093398065,33.81468612661447,33.786,33.786,V3 池,33.849688093398065,合约价格,33.786,0.188150
2025-12-03T11:15:09.949Z,33.849688093398065,33.81468612661447,33.786,33.786,V3 池,33.849688093398065,合约价格,33.786,0.188150
2025-12-03T11:15:09.949Z,33.849688093398065,33.81468612661447,33.786,33.786,V3 池,33.849688093398065,合约价格,33.786,0.188150
2025-12-03T11:15:10.390Z,33.849688093398065,33.8147507312053,33.786,33.786,V3 池,33.849688093398065,合约价格,33.786,0.188150
2025-12-03T11:15:10.391Z,33.849688093398065,33.8147507312053,33.786,33.786,V3 池,33.849688093398065,合约价格,33.786,0.188150
2025-12-03T11:15:10.394Z,33.849688093398065,33.8147507312053,33.786,33.786,V3 池,33.849688093398065,合约价格,33.786,0.188150
2025-12-03T11:15:10.394Z,33.849688093398065,33.8147507312053,33.786,33.786,V3 池,33.849688093398065,合约价格,33.786,0.188150
2025-12-03T11:15:10.396Z,33.849688093398065,33.8147507312053,33.786,33.786,V3 池,33.849688093398065,合约价格,33.786,0.188150
2025-12-03T11:15:10.398Z,33.849688093398065,33.8147507312053,33.786,33.786,V3 池,33.849688093398065,合约价格,33.786,0.188150
2025-12-03T11:15:10.398Z,33.849688093398065,33.8147507312053,33.786,33.786,V3 池,33.849688093398065,合约价格,33.786,0.188150
2025-12-03T11:15:11.428Z,33.849688093398065,33.81479856589953,33.786,33.786,V3 池,33.849688093398065,合约价格,33.786,0.188150
2025-12-03T11:15:11.428Z,33.849688093398065,33.81479856589953,33.786,33.786,V3 池,33.849688093398065,合约价格,33.786,0.188150
2025-12-03T11:15:11.428Z,33.849688093398065,33.81479856589953,33.786,33.786,V3 池,33.849688093398065,合约价格,33.786,0.188150
2025-12-03T11:15:11.429Z,33.849688093398065,33.81479856589953,33.786,33.786,V3 池,33.849688093398065,合约价格,33.786,0.188150
2025-12-03T11:15:11.429Z,33.849688093398065,33.81479856589953,33.786,33.786,V3 池,33.849688093398065,合约价格,33.786,0.188150
2025-12-03T11:15:11.430Z,33.849688093398065,33.81479856589953,33.786,33.786,V3 池,33.849688093398065,合约价格,33.786,0.188150
2025-12-03T11:15:11.431Z,33.849688093398065,33.81479856589953,33.786,33.786,V3 池,33.849688093398065,合约价格,33.786,0.188150
2025-12-03T11:15:14.596Z,33.849688093398065,33.81479856589953,33.7725,33.7725,V3 池,33.849688093398065,合约价格,33.7725,0.228032
2025-12-03T11:15:14.696Z,33.849688093398065,33.81479856589953,33.7725,33.7725,V3 池,33.849688093398065,合约价格,33.7725,0.228032
2025-12-03T11:15:14.721Z,33.849688093398065,33.81479856589953,33.7785,33.7785,V3 池,33.849688093398065,合约价格,33.7785,0.210306
2025-12-03T11:15:14.859Z,33.849688093398065,33.81479856589953,33.7785,33.7785,V3 池,33.849688093398065,合约价格,33.7785,0.210306
2025-12-03T11:15:14.898Z,33.849688093398065,33.81479856589953,33.7725,33.7725,V3 池,33.849688093398065,合约价格,33.7725,0.228032
2025-12-03T11:15:14.934Z,33.849688093398065,33.81479856589953,33.7785,33.7785,V3 池,33.849688093398065,合约价格,33.7785,0.210306
2025-12-03T11:15:14.950Z,33.849688093398065,33.81479856589953,33.7785,33.7785,V3 池,33.849688093398065,合约价格,33.7785,0.210306
2025-12-03T11:15:19.755Z,33.849688093398065,33.81479856589953,33.774,33.774,V3 池,33.849688093398065,合约价格,33.774,0.223601
2025-12-03T11:15:19.871Z,33.849688093398065,33.81479856589953,33.774,33.774,V3 池,33.849688093398065,合约价格,33.774,0.223601
2025-12-03T11:15:19.898Z,33.849688093398065,33.81479856589953,33.774,33.774,V3 池,33.849688093398065,合约价格,33.774,0.223601
2025-12-03T11:15:19.949Z,33.849688093398065,33.81479856589953,33.774,33.774,V3 池,33.849688093398065,合约价格,33.774,0.223601
2025-12-03T11:15:20.013Z,33.849688093398065,33.81479856589953,33.774,33.774,V3 池,33.849688093398065,合约价格,33.774,0.223601
2025-12-03T11:15:20.165Z,33.849688093398065,33.81479856589953,33.774,33.774,V3 池,33.849688093398065,合约价格,33.774,0.223601
2025-12-03T11:15:20.216Z,33.849688093398065,33.81479856589953,33.774,33.774,V3 池,33.849688093398065,合约价格,33.774,0.223601
2025-12-03T11:15:24.588Z,33.849688093398065,33.81479856589953,33.7765,33.7765,V3 池,33.849688093398065,合约价格,33.7765,0.216215
2025-12-03T11:15:24.742Z,33.849688093398065,33.81479856589953,33.7765,33.7765,V3 池,33.849688093398065,合约价格,33.7765,0.216215
2025-12-03T11:15:24.764Z,33.849688093398065,33.81479856589953,33.7765,33.7765,V3 池,33.849688093398065,合约价格,33.7765,0.216215
2025-12-03T11:15:24.859Z,33.849688093398065,33.81479856589953,33.7765,33.7765,V3 池,33.849688093398065,合约价格,33.7765,0.216215
2025-12-03T11:15:24.946Z,33.849688093398065,33.81479856589953,33.7765,33.7765,V3 池,33.849688093398065,合约价格,33.7765,0.216215
2025-12-03T11:15:24.952Z,33.849688093398065,33.81479856589953,33.7765,33.7765,V3 池,33.849688093398065,合约价格,33.7765,0.216215
2025-12-03T11:15:25.046Z,33.849688093398065,33.81479856589953,33.7765,33.7765,V3 池,33.849688093398065,合约价格,33.7765,0.216215
2025-12-03T11:15:29.694Z,33.849688093398065,33.81479856589953,33.7695,33.7695,V3 池,33.849688093398065,合约价格,33.7695,0.236895
2025-12-03T11:15:29.723Z,33.849688093398065,33.81479856589953,33.776,33.776,V3 池,33.849688093398065,合约价格,33.776,0.217692
2025-12-03T11:15:29.844Z,33.849688093398065,33.81479856589953,33.776,33.776,V3 池,33.849688093398065,合约价格,33.776,0.217692
2025-12-03T11:15:29.911Z,33.849688093398065,33.81479856589953,33.776,33.776,V3 池,33.849688093398065,合约价格,33.776,0.217692
2025-12-03T11:15:29.917Z,33.849688093398065,33.81479856589953,33.7695,33.7695,V3 池,33.849688093398065,合约价格,33.7695,0.236895
2025-12-03T11:15:29.952Z,33.849688093398065,33.81479856589953,33.7695,33.7695,V3 池,33.849688093398065,合约价格,33.7695,0.236895
2025-12-03T11:15:30.009Z,33.849688093398065,33.81479856589953,33.7695,33.7695,V3 池,33.849688093398065,合约价格,33.7695,0.236895
2025-12-03T11:15:34.732Z,33.849688093398065,33.81479856589953,33.7805,33.7805,V3 池,33.849688093398065,合约价格,33.7805,0.204398
2025-12-03T11:15:34.745Z,33.849688093398065,33.81479856589953,33.7805,33.7805,V3 池,33.849688093398065,合约价格,33.7805,0.204398
2025-12-03T11:15:34.747Z,33.849688093398065,33.81479856589953,33.7805,33.7805,V3 池,33.849688093398065,合约价格,33.7805,0.204398
2025-12-03T11:15:34.863Z,33.849688093398065,33.81479856589953,33.7805,33.7805,V3 池,33.849688093398065,合约价格,33.7805,0.204398
2025-12-03T11:15:34.940Z,33.849688093398065,33.81479856589953,33.7805,33.7805,V3 池,33.849688093398065,合约价格,33.7805,0.204398
2025-12-03T11:15:35.031Z,33.849688093398065,33.81479856589953,33.7815,33.7815,V3 池,33.849688093398065,合约价格,33.7815,0.201444
2025-12-03T11:15:35.202Z,33.849688093398065,33.81479856589953,33.7825,33.7825,V3 池,33.849688093398065,合约价格,33.7825,0.198490
2025-12-03T11:15:39.696Z,33.849688093398065,33.81479856589953,33.7745,33.7745,V3 池,33.849688093398065,合约价格,33.7745,0.222123
2025-12-03T11:15:39.939Z,33.849688093398065,33.81479856589953,33.7745,33.7745,V3 池,33.849688093398065,合约价格,33.7745,0.222123
2025-12-03T11:15:39.954Z,33.849688093398065,33.81479856589953,33.7745,33.7745,V3 池,33.849688093398065,合约价格,33.7745,0.222123
2025-12-03T11:15:39.957Z,33.849688093398065,33.81479856589953,33.7745,33.7745,V3 池,33.849688093398065,合约价格,33.7745,0.222123
2025-12-03T11:15:39.960Z,33.849688093398065,33.81479856589953,33.7745,33.7745,V3 池,33.849688093398065,合约价格,33.7745,0.222123
2025-12-03T11:15:40.154Z,33.849688093398065,33.81479856589953,33.7705,33.7705,V3 池,33.849688093398065,合约价格,33.7705,0.233940
2025-12-03T11:15:40.199Z,33.849688093398065,33.81479856589953,33.7705,33.7705,V3 池,33.849688093398065,合约价格,33.7705,0.233940
2025-12-03T11:15:44.420Z,33.82963572677531,33.81479856589953,33.7745,33.7745,V3 池,33.82963572677531,合约价格,33.7745,0.162981
2025-12-03T11:15:44.420Z,33.82963572677531,33.81479856589953,33.7745,33.7745,V3 池,33.82963572677531,合约价格,33.7745,0.162981
2025-12-03T11:15:44.420Z,33.82963572677531,33.81479856589953,33.7705,33.7705,V3 池,33.82963572677531,合约价格,33.7705,0.174805
2025-12-03T11:15:44.420Z,33.82963572677531,33.81479856589953,33.7745,33.7745,V3 池,33.82963572677531,合约价格,33.7745,0.162981
2025-12-03T11:15:44.422Z,33.82963572677531,33.81479856589953,33.7705,33.7705,V3 池,33.82963572677531,合约价格,33.7705,0.174805
2025-12-03T11:15:44.422Z,33.82963572677531,33.81479856589953,33.7745,33.7745,V3 池,33.82963572677531,合约价格,33.7745,0.162981
2025-12-03T11:15:44.423Z,33.82963572677531,33.81479856589953,33.7745,33.7745,V3 池,33.82963572677531,合约价格,33.7745,0.162981
2025-12-03T11:15:44.738Z,33.82963572677531,33.81479856589953,33.724,33.724,V3 池,33.82963572677531,合约价格,33.724,0.312258
2025-12-03T11:15:44.905Z,33.82963572677531,33.81479856589953,33.725,33.725,V3 池,33.82963572677531,合约价格,33.725,0.309302
2025-12-03T11:15:44.989Z,33.82963572677531,33.81479856589953,33.725,33.725,V3 池,33.82963572677531,合约价格,33.725,0.309302
2025-12-03T11:15:44.994Z,33.82963572677531,33.81479856589953,33.725,33.725,V3 池,33.82963572677531,合约价格,33.725,0.309302
2025-12-03T11:15:45.061Z,33.82963572677531,33.81479856589953,33.724,33.724,V3 池,33.82963572677531,合约价格,33.724,0.312258
2025-12-03T11:15:45.160Z,33.82963572677531,33.81479856589953,33.724,33.724,V3 池,33.82963572677531,合约价格,33.724,0.312258
2025-12-03T11:15:45.443Z,33.82963572677531,33.81479856589953,33.696,33.696,V3 池,33.82963572677531,合约价格,33.696,0.395026
2025-12-03T11:15:45.455Z,33.82963572677531,33.780664333620706,33.724,33.724,V3 池,33.82963572677531,合约价格,33.724,0.312258
2025-12-03T11:15:45.455Z,33.80606619684104,33.81479856589953,33.725,33.725,V4 池,33.81479856589953,合约价格,33.725,0.265560
2025-12-03T11:15:45.456Z,33.80606619684104,33.81479856589953,33.696,33.696,V4 池,33.81479856589953,合约价格,33.696,0.351321
2025-12-03T11:15:45.456Z,33.80606619684104,33.81479856589953,33.724,33.724,V4 池,33.81479856589953,合约价格,33.724,0.268517
2025-12-03T11:15:45.457Z,33.80606619684104,33.81479856589953,33.724,33.724,V4 池,33.81479856589953,合约价格,33.724,0.268517
2025-12-03T11:15:45.457Z,33.80606619684104,33.780664333620706,33.725,33.725,V3 池,33.80606619684104,合约价格,33.725,0.239798
2025-12-03T11:15:45.458Z,33.80606619684104,33.780664333620706,33.696,33.696,V3 池,33.80606619684104,合约价格,33.696,0.325581
2025-12-03T11:15:45.459Z,33.80606619684104,33.780664333620706,33.724,33.724,V3 池,33.80606619684104,合约价格,33.724,0.242756
2025-12-03T11:15:45.459Z,33.80606619684104,33.780664333620706,33.724,33.724,V3 池,33.80606619684104,合约价格,33.724,0.242756
2025-12-03T11:15:45.460Z,33.80606619684104,33.81479856589953,33.725,33.725,V4 池,33.81479856589953,合约价格,33.725,0.265560
2025-12-03T11:15:45.461Z,33.80606619684104,33.81479856589953,33.725,33.725,V4 池,33.81479856589953,合约价格,33.725,0.265560
2025-12-03T11:15:45.462Z,33.80606619684104,33.780664333620706,33.725,33.725,V3 池,33.80606619684104,合约价格,33.725,0.239798
2025-12-03T11:15:45.462Z,33.80606619684104,33.780664333620706,33.724,33.724,V3 池,33.80606619684104,合约价格,33.724,0.242756
2025-12-03T11:15:45.463Z,33.80606619684104,33.780664333620706,33.725,33.725,V3 池,33.80606619684104,合约价格,33.725,0.239798
2025-12-03T11:15:47.482Z,33.792166851176056,33.780664333620706,33.725,33.725,V3 池,33.792166851176056,合约价格,33.725,0.198765
2025-12-03T11:15:47.482Z,33.792166851176056,33.780664333620706,33.724,33.724,V3 池,33.792166851176056,合约价格,33.724,0.201724
2025-12-03T11:15:47.482Z,33.792166851176056,33.780664333620706,33.724,33.724,V3 池,33.792166851176056,合约价格,33.724,0.201724
2025-12-03T11:15:47.483Z,33.792166851176056,33.780664333620706,33.725,33.725,V3 池,33.792166851176056,合约价格,33.725,0.198765
2025-12-03T11:15:47.485Z,33.792166851176056,33.780664333620706,33.696,33.696,V3 池,33.792166851176056,合约价格,33.696,0.284583
2025-12-03T11:15:47.486Z,33.792166851176056,33.780664333620706,33.724,33.724,V3 池,33.792166851176056,合约价格,33.724,0.201724
2025-12-03T11:15:47.488Z,33.792166851176056,33.780664333620706,33.725,33.725,V3 池,33.792166851176056,合约价格,33.725,0.198765
2025-12-03T11:15:48.385Z,33.792166851176056,33.76094098433958,33.724,33.724,V3 池,33.792166851176056,合约价格,33.724,0.201724
2025-12-03T11:15:48.385Z,33.792166851176056,33.76094098433958,33.725,33.725,V3 池,33.792166851176056,合约价格,33.725,0.198765
2025-12-03T11:15:48.386Z,33.77387292293281,33.780664333620706,33.696,33.696,V4 池,33.780664333620706,合约价格,33.696,0.250630
2025-12-03T11:15:48.387Z,33.77387292293281,33.780664333620706,33.724,33.724,V4 池,33.780664333620706,合约价格,33.724,0.167742
2025-12-03T11:15:48.387Z,33.792166851176056,33.76094098433958,33.724,33.724,V3 池,33.792166851176056,合约价格,33.724,0.201724
2025-12-03T11:15:48.388Z,33.77387292293281,33.76094098433958,33.724,33.724,V3 池,33.77387292293281,合约价格,33.724,0.147667
2025-12-03T11:15:48.389Z,33.77387292293281,33.76094098433958,33.724,33.724,V3 池,33.77387292293281,合约价格,33.724,0.147667
2025-12-03T11:15:48.389Z,33.77387292293281,33.76094098433958,33.696,33.696,V3 池,33.77387292293281,合约价格,33.696,0.230571
2025-12-03T11:15:48.390Z,33.77387292293281,33.76094098433958,33.725,33.725,V3 池,33.77387292293281,合约价格,33.725,0.144706
2025-12-03T11:15:48.390Z,33.77387292293281,33.76094098433958,33.724,33.724,V3 池,33.77387292293281,合约价格,33.724,0.147667
2025-12-03T11:15:48.391Z,33.77387292293281,33.780664333620706,33.725,33.725,V4 池,33.780664333620706,合约价格,33.725,0.164782
2025-12-03T11:15:48.391Z,33.792166851176056,33.76094098433958,33.725,33.725,V3 池,33.792166851176056,合约价格,33.725,0.198765
2025-12-03T11:15:48.392Z,33.77387292293281,33.76094098433958,33.725,33.725,V3 池,33.77387292293281,合约价格,33.725,0.144706
2025-12-03T11:15:48.392Z,33.77387292293281,33.76094098433958,33.725,33.725,V3 池,33.77387292293281,合约价格,33.725,0.144706
2025-12-03T11:15:49.594Z,33.77387292293281,33.76094098433958,33.6445,33.6445,V3 池,33.77387292293281,合约价格,33.6445,0.383056
2025-12-03T11:15:49.766Z,33.77387292293281,33.76094098433958,33.6695,33.6695,V3 池,33.77387292293281,合约价格,33.6695,0.309035
2025-12-03T11:15:49.865Z,33.77387292293281,33.76094098433958,33.6445,33.6445,V3 池,33.77387292293281,合约价格,33.6445,0.383056
2025-12-03T11:15:49.955Z,33.77387292293281,33.76094098433958,33.6445,33.6445,V3 池,33.77387292293281,合约价格,33.6445,0.383056
2025-12-03T11:15:50.002Z,33.77387292293281,33.76094098433958,33.6275,33.6275,V3 池,33.77387292293281,合约价格,33.6275,0.433391
2025-12-03T11:15:50.033Z,33.77387292293281,33.76094098433958,33.6275,33.6275,V3 池,33.77387292293281,合约价格,33.6275,0.433391
2025-12-03T11:15:50.200Z,33.77387292293281,33.76094098433958,33.6275,33.6275,V3 池,33.77387292293281,合约价格,33.6275,0.433391
2025-12-03T11:15:50.388Z,33.73939810109751,33.76094098433958,33.6445,33.6445,V4 池,33.76094098433958,合约价格,33.6445,0.344899
2025-12-03T11:15:50.388Z,33.73939810109751,33.76094098433958,33.6275,33.6275,V4 池,33.76094098433958,合约价格,33.6275,0.395253
2025-12-03T11:15:50.388Z,33.73939810109751,33.76094098433958,33.6275,33.6275,V4 池,33.76094098433958,合约价格,33.6275,0.395253
2025-12-03T11:15:50.388Z,33.73939810109751,33.76094098433958,33.6445,33.6445,V4 池,33.76094098433958,合约价格,33.6445,0.344899
2025-12-03T11:15:50.390Z,33.73939810109751,33.76094098433958,33.6275,33.6275,V4 池,33.76094098433958,合约价格,33.6275,0.395253
2025-12-03T11:15:50.390Z,33.73939810109751,33.76094098433958,33.6445,33.6445,V4 池,33.76094098433958,合约价格,33.6445,0.344899
2025-12-03T11:15:50.391Z,33.73939810109751,33.76094098433958,33.6695,33.6695,V4 池,33.76094098433958,合约价格,33.6695,0.270848
2025-12-03T11:15:51.458Z,33.73939810109751,33.744097642281815,33.6275,33.6275,V4 池,33.744097642281815,合约价格,33.6275,0.345535
2025-12-03T11:15:51.458Z,33.73939810109751,33.744097642281815,33.6445,33.6445,V4 池,33.744097642281815,合约价格,33.6445,0.295156
2025-12-03T11:15:51.459Z,33.73939810109751,33.744097642281815,33.6275,33.6275,V4 池,33.744097642281815,合约价格,33.6275,0.345535
2025-12-03T11:15:51.460Z,33.73939810109751,33.7295422525432,33.6275,33.6275,V3 池,33.73939810109751,合约价格,33.6275,0.331654
2025-12-03T11:15:51.460Z,33.73939810109751,33.7295422525432,33.6445,33.6445,V3 池,33.73939810109751,合约价格,33.6445,0.281268
2025-12-03T11:15:51.461Z,33.73939810109751,33.744097642281815,33.6445,33.6445,V4 池,33.744097642281815,合约价格,33.6445,0.295156
2025-12-03T11:15:51.461Z,33.73939810109751,33.7295422525432,33.6275,33.6275,V3 池,33.73939810109751,合约价格,33.6275,0.331654
2025-12-03T11:15:51.462Z,33.73939810109751,33.744097642281815,33.6445,33.6445,V4 池,33.744097642281815,合约价格,33.6445,0.295156
2025-12-03T11:15:51.462Z,33.73939810109751,33.744097642281815,33.6275,33.6275,V4 池,33.744097642281815,合约价格,33.6275,0.345535
2025-12-03T11:15:51.463Z,33.73939810109751,33.7295422525432,33.6445,33.6445,V3 池,33.73939810109751,合约价格,33.6445,0.281268
2025-12-03T11:15:51.463Z,33.73939810109751,33.744097642281815,33.6695,33.6695,V4 池,33.744097642281815,合约价格,33.6695,0.221069
2025-12-03T11:15:51.463Z,33.73939810109751,33.7295422525432,33.6275,33.6275,V3 池,33.73939810109751,合约价格,33.6275,0.331654
2025-12-03T11:15:51.464Z,33.73939810109751,33.7295422525432,33.6445,33.6445,V3 池,33.73939810109751,合约价格,33.6445,0.281268
2025-12-03T11:15:51.464Z,33.73939810109751,33.7295422525432,33.6695,33.6695,V3 池,33.73939810109751,合约价格,33.6695,0.207171
2025-12-03T11:15:52.471Z,33.719344066283426,33.7295422525432,33.6445,33.6445,V4 池,33.7295422525432,合约价格,33.6445,0.252130
2025-12-03T11:15:52.471Z,33.719344066283426,33.7295422525432,33.6275,33.6275,V4 池,33.7295422525432,合约价格,33.6275,0.302531
2025-12-03T11:15:52.471Z,33.719344066283426,33.7295422525432,33.6445,33.6445,V4 池,33.7295422525432,合约价格,33.6445,0.252130
2025-12-03T11:15:52.472Z,33.719344066283426,33.7295422525432,33.6275,33.6275,V4 池,33.7295422525432,合约价格,33.6275,0.302531
2025-12-03T11:15:52.472Z,33.719344066283426,33.7295422525432,33.6275,33.6275,V4 池,33.7295422525432,合约价格,33.6275,0.302531
2025-12-03T11:15:52.473Z,33.719344066283426,33.7295422525432,33.6445,33.6445,V4 池,33.7295422525432,合约价格,33.6445,0.252130
2025-12-03T11:15:52.474Z,33.719344066283426,33.7295422525432,33.6695,33.6695,V4 池,33.7295422525432,合约价格,33.6695,0.178011
2025-12-03T11:15:54.919Z,33.719344066283426,33.7295422525432,33.608,33.608,V4 池,33.7295422525432,合约价格,33.608,0.360344
2025-12-03T11:15:54.938Z,33.719344066283426,33.7295422525432,33.6115,33.6115,V4 池,33.7295422525432,合约价格,33.6115,0.349967
2025-12-03T11:15:54.949Z,33.719344066283426,33.7295422525432,33.6115,33.6115,V4 池,33.7295422525432,合约价格,33.6115,0.349967
2025-12-03T11:15:54.980Z,33.719344066283426,33.7295422525432,33.608,33.608,V4 池,33.7295422525432,合约价格,33.608,0.360344
2025-12-03T11:15:55.258Z,33.719344066283426,33.7295422525432,33.6115,33.6115,V4 池,33.7295422525432,合约价格,33.6115,0.349967
2025-12-03T11:15:55.273Z,33.719344066283426,33.7295422525432,33.6115,33.6115,V4 池,33.7295422525432,合约价格,33.6115,0.349967
2025-12-03T11:15:55.613Z,33.719344066283426,33.7295422525432,33.6115,33.6115,V4 池,33.7295422525432,合约价格,33.6115,0.349967
2025-12-03T11:15:56.773Z,33.719344066283426,33.70264729373161,33.608,33.608,V3 池,33.719344066283426,合约价格,33.608,0.330208
2025-12-03T11:15:56.774Z,33.719344066283426,33.70264729373161,33.608,33.608,V3 池,33.719344066283426,合约价格,33.608,0.330208
2025-12-03T11:15:56.775Z,33.719344066283426,33.70264729373161,33.6115,33.6115,V3 池,33.719344066283426,合约价格,33.6115,0.319828
2025-12-03T11:15:56.775Z,33.719344066283426,33.70264729373161,33.6115,33.6115,V3 池,33.719344066283426,合约价格,33.6115,0.319828
2025-12-03T11:15:56.775Z,33.719344066283426,33.70264729373161,33.6115,33.6115,V3 池,33.719344066283426,合约价格,33.6115,0.319828
2025-12-03T11:15:56.777Z,33.719344066283426,33.70264729373161,33.6115,33.6115,V3 池,33.719344066283426,合约价格,33.6115,0.319828
2025-12-03T11:15:56.784Z,33.719344066283426,33.70264729373161,33.6115,33.6115,V3 池,33.719344066283426,合约价格,33.6115,0.319828
2025-12-03T11:15:59.707Z,33.719344066283426,33.70264729373161,33.6215,33.6215,V3 池,33.719344066283426,合约价格,33.6215,0.290172
2025-12-03T11:15:59.910Z,33.719344066283426,33.70264729373161,33.6215,33.6215,V3 池,33.719344066283426,合约价格,33.6215,0.290172
2025-12-03T11:16:00.046Z,33.719344066283426,33.70264729373161,33.6215,33.6215,V3 池,33.719344066283426,合约价格,33.6215,0.290172
2025-12-03T11:16:00.193Z,33.719344066283426,33.70264729373161,33.6215,33.6215,V3 池,33.719344066283426,合约价格,33.6215,0.290172
2025-12-03T11:16:00.219Z,33.719344066283426,33.70264729373161,33.633,33.633,V3 池,33.719344066283426,合约价格,33.633,0.256067
2025-12-03T11:16:00.252Z,33.719344066283426,33.70264729373161,33.633,33.633,V3 池,33.719344066283426,合约价格,33.633,0.256067
2025-12-03T11:16:00.456Z,33.719344066283426,33.70264729373161,33.6495,33.6495,V3 池,33.719344066283426,合约价格,33.6495,0.207134
2025-12-03T11:16:04.928Z,33.719344066283426,33.70264729373161,33.668,33.668,V3 池,33.719344066283426,合约价格,33.668,0.152269
2025-12-03T11:16:04.950Z,33.719344066283426,33.70264729373161,33.668,33.668,V3 池,33.719344066283426,合约价格,33.668,0.152269
2025-12-03T11:16:05.062Z,33.719344066283426,33.70264729373161,33.668,33.668,V3 池,33.719344066283426,合约价格,33.668,0.152269
2025-12-03T11:16:05.105Z,33.719344066283426,33.70264729373161,33.668,33.668,V3 池,33.719344066283426,合约价格,33.668,0.152269
2025-12-03T11:16:05.143Z,33.719344066283426,33.70264729373161,33.6695,33.6695,V3 池,33.719344066283426,合约价格,33.6695,0.147820
2025-12-03T11:16:05.548Z,33.719344066283426,33.70264729373161,33.6695,33.6695,V3 池,33.719344066283426,合约价格,33.6695,0.147820
2025-12-03T11:16:05.704Z,33.719344066283426,33.70264729373161,33.6695,33.6695,V3 池,33.719344066283426,合约价格,33.6695,0.147820
2025-12-03T11:16:10.226Z,33.719344066283426,33.70264729373161,33.677,33.677,V3 池,33.719344066283426,合约价格,33.677,0.125578
2025-12-03T11:16:10.275Z,33.719344066283426,33.70264729373161,33.677,33.677,V3 池,33.719344066283426,合约价格,33.677,0.125578
2025-12-03T11:16:14.905Z,33.719344066283426,33.70264729373161,33.675,33.675,V3 池,33.719344066283426,合约价格,33.675,0.131509
2025-12-03T11:16:14.918Z,33.719344066283426,33.70264729373161,33.675,33.675,V3 池,33.719344066283426,合约价格,33.675,0.131509
2025-12-03T11:16:14.981Z,33.719344066283426,33.70264729373161,33.675,33.675,V3 池,33.719344066283426,合约价格,33.675,0.131509
2025-12-03T11:16:15.004Z,33.719344066283426,33.70264729373161,33.675,33.675,V3 池,33.719344066283426,合约价格,33.675,0.131509
2025-12-03T11:16:15.035Z,33.719344066283426,33.70264729373161,33.675,33.675,V3 池,33.719344066283426,合约价格,33.675,0.131509
2025-12-03T11:16:15.065Z,33.719344066283426,33.70264729373161,33.675,33.675,V3 池,33.719344066283426,合约价格,33.675,0.131509
2025-12-03T11:16:15.247Z,33.719344066283426,33.70264729373161,33.675,33.675,V3 池,33.719344066283426,合约价格,33.675,0.131509
2025-12-03T11:16:19.623Z,33.719344066283426,33.70264729373161,33.6735,33.6735,V3 池,33.719344066283426,合约价格,33.6735,0.135958
2025-12-03T11:16:19.712Z,33.719344066283426,33.70264729373161,33.6735,33.6735,V3 池,33.719344066283426,合约价格,33.6735,0.135958
2025-12-03T11:16:19.765Z,33.719344066283426,33.70264729373161,33.6735,33.6735,V3 池,33.719344066283426,合约价格,33.6735,0.135958
2025-12-03T11:16:19.890Z,33.719344066283426,33.70264729373161,33.6735,33.6735,V3 池,33.719344066283426,合约价格,33.6735,0.135958
2025-12-03T11:16:19.910Z,33.719344066283426,33.70264729373161,33.6735,33.6735,V3 池,33.719344066283426,合约价格,33.6735,0.135958
2025-12-03T11:16:20.362Z,33.719344066283426,33.70264729373161,33.6735,33.6735,V3 池,33.719344066283426,合约价格,33.6735,0.135958
2025-12-03T11:16:20.362Z,33.719344066283426,33.70264729373161,33.6735,33.6735,V3 池,33.719344066283426,合约价格,33.6735,0.135958
2025-12-03T11:16:25.560Z,33.719344066283426,33.70327339971303,33.6735,33.6735,V3 池,33.719344066283426,合约价格,33.6735,0.135958
2025-12-03T11:17:09.610Z,33.719344066283426,33.74174380063554,33.695,33.695,V4 池,33.74174380063554,合约价格,33.695,0.138534
2025-12-03T11:17:09.709Z,33.719344066283426,33.74174380063554,33.695,33.695,V4 池,33.74174380063554,合约价格,33.695,0.138534
2025-12-03T11:17:09.741Z,33.719344066283426,33.74174380063554,33.695,33.695,V4 池,33.74174380063554,合约价格,33.695,0.138534
2025-12-03T11:17:09.875Z,33.719344066283426,33.74174380063554,33.695,33.695,V4 池,33.74174380063554,合约价格,33.695,0.138534
2025-12-03T11:17:09.916Z,33.719344066283426,33.74174380063554,33.695,33.695,V4 池,33.74174380063554,合约价格,33.695,0.138534
2025-12-03T11:17:10.018Z,33.719344066283426,33.74174380063554,33.695,33.695,V4 池,33.74174380063554,合约价格,33.695,0.138534
2025-12-03T11:17:10.018Z,33.719344066283426,33.74174380063554,33.695,33.695,V4 池,33.74174380063554,合约价格,33.695,0.138534
2025-12-03T11:17:13.459Z,33.719344066283426,33.73303541417098,33.695,33.695,V4 池,33.73303541417098,合约价格,33.695,0.112754
2025-12-03T11:17:13.459Z,33.719344066283426,33.73303541417098,33.695,33.695,V4 池,33.73303541417098,合约价格,33.695,0.112754
2025-12-03T11:17:13.459Z,33.719344066283426,33.73303541417098,33.695,33.695,V4 池,33.73303541417098,合约价格,33.695,0.112754
2025-12-03T11:17:13.460Z,33.719344066283426,33.73303541417098,33.695,33.695,V4 池,33.73303541417098,合约价格,33.695,0.112754
2025-12-03T11:17:13.461Z,33.719344066283426,33.73303541417098,33.695,33.695,V4 池,33.73303541417098,合约价格,33.695,0.112754
2025-12-03T11:17:13.461Z,33.719344066283426,33.73303541417098,33.695,33.695,V4 池,33.73303541417098,合约价格,33.695,0.112754
2025-12-03T11:17:13.462Z,33.719344066283426,33.73303541417098,33.695,33.695,V4 池,33.73303541417098,合约价格,33.695,0.112754
2025-12-03T11:17:14.640Z,33.719344066283426,33.73303541417098,33.693,33.693,V4 池,33.73303541417098,合约价格,33.693,0.118683
2025-12-03T11:17:14.709Z,33.719344066283426,33.73303541417098,33.693,33.693,V4 池,33.73303541417098,合约价格,33.693,0.118683
2025-12-03T11:17:14.739Z,33.719344066283426,33.73303541417098,33.693,33.693,V4 池,33.73303541417098,合约价格,33.693,0.118683
2025-12-03T11:17:14.890Z,33.719344066283426,33.73303541417098,33.693,33.693,V4 池,33.73303541417098,合约价格,33.693,0.118683
2025-12-03T11:17:14.952Z,33.719344066283426,33.73303541417098,33.693,33.693,V4 池,33.73303541417098,合约价格,33.693,0.118683
2025-12-03T11:17:15.000Z,33.719344066283426,33.73303541417098,33.693,33.693,V4 池,33.73303541417098,合约价格,33.693,0.118683
2025-12-03T11:17:15.044Z,33.719344066283426,33.73303541417098,33.693,33.693,V4 池,33.73303541417098,合约价格,33.693,0.118683
2025-12-03T11:17:15.518Z,33.65918598190814,33.73303541417098,33.693,33.693,V4 池,33.73303541417098,V3 池,33.65918598190814,0.218923
2025-12-03T11:17:15.519Z,33.65918598190814,33.73303541417098,33.693,33.693,V4 池,33.73303541417098,V3 池,33.65918598190814,0.218923
2025-12-03T11:17:15.519Z,33.65918598190814,33.73303541417098,33.693,33.693,V4 池,33.73303541417098,V3 池,33.65918598190814,0.218923
2025-12-03T11:17:15.520Z,33.65918598190814,33.73303541417098,33.693,33.693,V4 池,33.73303541417098,V3 池,33.65918598190814,0.218923
2025-12-03T11:17:15.521Z,33.65918598190814,33.73303541417098,33.693,33.693,V4 池,33.73303541417098,V3 池,33.65918598190814,0.218923
2025-12-03T11:17:15.521Z,33.65918598190814,33.73303541417098,33.693,33.693,V4 池,33.73303541417098,V3 池,33.65918598190814,0.218923
2025-12-03T11:17:15.524Z,33.65918598190814,33.73303541417098,33.693,33.693,V4 池,33.73303541417098,V3 池,33.65918598190814,0.218923
2025-12-03T11:17:16.520Z,33.65918598190814,33.69173697878044,33.693,33.693,现货价格,33.693,V3 池,33.65918598190814,0.100359
2025-12-03T11:17:16.521Z,33.65918598190814,33.69173697878044,33.693,33.693,现货价格,33.693,V3 池,33.65918598190814,0.100359
2025-12-03T11:17:16.522Z,33.65918598190814,33.69173697878044,33.693,33.693,现货价格,33.693,V3 池,33.65918598190814,0.100359
2025-12-03T11:17:16.523Z,33.65918598190814,33.69173697878044,33.693,33.693,现货价格,33.693,V3 池,33.65918598190814,0.100359
2025-12-03T11:17:16.524Z,33.65918598190814,33.69173697878044,33.693,33.693,现货价格,33.693,V3 池,33.65918598190814,0.100359
2025-12-03T11:17:16.526Z,33.65918598190814,33.69173697878044,33.693,33.693,现货价格,33.693,V3 池,33.65918598190814,0.100359
2025-12-03T11:17:16.528Z,33.65918598190814,33.69173697878044,33.693,33.693,现货价格,33.693,V3 池,33.65918598190814,0.100359
2025-12-03T11:17:17.547Z,33.65918598190814,33.684483050717695,33.693,33.693,现货价格,33.693,V3 池,33.65918598190814,0.100359
2025-12-03T11:17:17.548Z,33.65918598190814,33.684483050717695,33.693,33.693,现货价格,33.693,V3 池,33.65918598190814,0.100359
2025-12-03T11:17:17.548Z,33.65918598190814,33.684483050717695,33.693,33.693,现货价格,33.693,V3 池,33.65918598190814,0.100359
2025-12-03T11:17:17.548Z,33.65918598190814,33.684483050717695,33.693,33.693,现货价格,33.693,V3 池,33.65918598190814,0.100359
2025-12-03T11:17:17.550Z,33.65918598190814,33.684483050717695,33.693,33.693,现货价格,33.693,V3 池,33.65918598190814,0.100359
2025-12-03T11:17:17.550Z,33.65918598190814,33.684483050717695,33.693,33.693,现货价格,33.693,V3 池,33.65918598190814,0.100359
2025-12-03T11:17:17.553Z,33.65918598190814,33.684483050717695,33.693,33.693,现货价格,33.693,V3 池,33.65918598190814,0.100359
2025-12-03T11:17:19.611Z,33.65918598190814,33.684483050717695,33.5405,33.5405,V4 池,33.684483050717695,合约价格,33.5405,0.427446
2025-12-03T11:17:19.712Z,33.65918598190814,33.684483050717695,33.5405,33.5405,V4 池,33.684483050717695,合约价格,33.5405,0.427446
2025-12-03T11:17:19.740Z,33.65918598190814,33.684483050717695,33.5405,33.5405,V4 池,33.684483050717695,合约价格,33.5405,0.427446
2025-12-03T11:17:19.897Z,33.65918598190814,33.684483050717695,33.5405,33.5405,V4 池,33.684483050717695,合约价格,33.5405,0.427446
2025-12-03T11:17:19.920Z,33.65918598190814,33.684483050717695,33.5405,33.5405,V4 池,33.684483050717695,合约价格,33.5405,0.427446
2025-12-03T11:17:19.957Z,33.65918598190814,33.684483050717695,33.5405,33.5405,V4 池,33.684483050717695,合约价格,33.5405,0.427446
2025-12-03T11:17:19.965Z,33.65918598190814,33.684483050717695,33.5405,33.5405,V4 池,33.684483050717695,合约价格,33.5405,0.427446
2025-12-03T11:17:20.503Z,33.65918598190814,33.66756852053583,33.5405,33.5405,V4 池,33.66756852053583,合约价格,33.5405,0.377421
2025-12-03T11:17:20.503Z,33.65918598190814,33.66756852053583,33.5405,33.5405,V4 池,33.66756852053583,合约价格,33.5405,0.377421
2025-12-03T11:17:20.503Z,33.65918598190814,33.66756852053583,33.5405,33.5405,V4 池,33.66756852053583,合约价格,33.5405,0.377421
2025-12-03T11:17:20.504Z,33.65918598190814,33.66756852053583,33.5405,33.5405,V4 池,33.66756852053583,合约价格,33.5405,0.377421
2025-12-03T11:17:20.505Z,33.65918598190814,33.66756852053583,33.5405,33.5405,V4 池,33.66756852053583,合约价格,33.5405,0.377421
2025-12-03T11:17:20.506Z,33.65918598190814,33.66756852053583,33.5405,33.5405,V4 池,33.66756852053583,合约价格,33.5405,0.377421
2025-12-03T11:17:20.506Z,33.65918598190814,33.66756852053583,33.5405,33.5405,V4 池,33.66756852053583,合约价格,33.5405,0.377421
2025-12-03T11:17:24.628Z,33.65918598190814,33.66756852053583,33.55,33.55,V4 池,33.66756852053583,合约价格,33.55,0.349204
2025-12-03T11:17:24.730Z,33.65918598190814,33.66756852053583,33.55,33.55,V4 池,33.66756852053583,合约价格,33.55,0.349204
2025-12-03T11:17:24.751Z,33.65918598190814,33.66756852053583,33.55,33.55,V4 池,33.66756852053583,合约价格,33.55,0.349204
2025-12-03T11:17:24.875Z,33.65918598190814,33.66756852053583,33.55,33.55,V4 池,33.66756852053583,合约价格,33.55,0.349204
2025-12-03T11:17:24.921Z,33.65918598190814,33.66756852053583,33.55,33.55,V4 池,33.66756852053583,合约价格,33.55,0.349204
2025-12-03T11:17:24.968Z,33.65918598190814,33.66756852053583,33.55,33.55,V4 池,33.66756852053583,合约价格,33.55,0.349204
2025-12-03T11:17:24.968Z,33.65918598190814,33.66756852053583,33.55,33.55,V4 池,33.66756852053583,合约价格,33.55,0.349204
2025-12-03T11:17:27.548Z,33.65918598190814,33.6465825423217,33.55,33.55,V3 池,33.65918598190814,合约价格,33.55,0.324387
2025-12-03T11:17:27.549Z,33.65918598190814,33.6465825423217,33.55,33.55,V3 池,33.65918598190814,合约价格,33.55,0.324387
2025-12-03T11:17:27.549Z,33.65918598190814,33.6465825423217,33.55,33.55,V3 池,33.65918598190814,合约价格,33.55,0.324387
2025-12-03T11:17:27.550Z,33.65918598190814,33.64004017031046,33.55,33.55,V3 池,33.65918598190814,合约价格,33.55,0.324387
2025-12-03T11:17:27.551Z,33.65918598190814,33.64004017031046,33.55,33.55,V3 池,33.65918598190814,合约价格,33.55,0.324387
2025-12-03T11:17:27.552Z,33.65918598190814,33.6465825423217,33.55,33.55,V3 池,33.65918598190814,合约价格,33.55,0.324387
2025-12-03T11:17:27.552Z,33.65918598190814,33.64004017031046,33.55,33.55,V3 池,33.65918598190814,合约价格,33.55,0.324387
2025-12-03T11:17:27.553Z,33.65918598190814,33.6465825423217,33.55,33.55,V3 池,33.65918598190814,合约价格,33.55,0.324387
2025-12-03T11:17:27.553Z,33.65918598190814,33.64004017031046,33.55,33.55,V3 池,33.65918598190814,合约价格,33.55,0.324387
2025-12-03T11:17:27.554Z,33.65918598190814,33.64004017031046,33.55,33.55,V3 池,33.65918598190814,合约价格,33.55,0.324387
2025-12-03T11:17:27.555Z,33.65918598190814,33.6465825423217,33.55,33.55,V3 池,33.65918598190814,合约价格,33.55,0.324387
2025-12-03T11:17:27.556Z,33.65918598190814,33.64004017031046,33.55,33.55,V3 池,33.65918598190814,合约价格,33.55,0.324387
2025-12-03T11:17:27.574Z,33.65918598190814,33.6465825423217,33.55,33.55,V3 池,33.65918598190814,合约价格,33.55,0.324387
2025-12-03T11:17:27.591Z,33.65918598190814,33.64004017031046,33.55,33.55,V3 池,33.65918598190814,合约价格,33.55,0.324387
2025-12-03T11:17:29.612Z,33.65918598190814,33.64004017031046,33.5125,33.5125,V3 池,33.65918598190814,合约价格,33.5125,0.435798
2025-12-03T11:17:29.714Z,33.65918598190814,33.64004017031046,33.511,33.511,V3 池,33.65918598190814,合约价格,33.511,0.440254
2025-12-03T11:17:29.760Z,33.65918598190814,33.64004017031046,33.511,33.511,V3 池,33.65918598190814,合约价格,33.511,0.440254
2025-12-03T11:17:29.875Z,33.65918598190814,33.64004017031046,33.511,33.511,V3 池,33.65918598190814,合约价格,33.511,0.440254
2025-12-03T11:17:29.935Z,33.65918598190814,33.64004017031046,33.511,33.511,V3 池,33.65918598190814,合约价格,33.511,0.440254
2025-12-03T11:17:29.956Z,33.65918598190814,33.64004017031046,33.511,33.511,V3 池,33.65918598190814,合约价格,33.511,0.440254
2025-12-03T11:17:29.967Z,33.65918598190814,33.64004017031046,33.511,33.511,V3 池,33.65918598190814,合约价格,33.511,0.440254
2025-12-03T11:17:34.616Z,33.65918598190814,33.64004017031046,33.5105,33.5105,V3 池,33.65918598190814,合约价格,33.5105,0.441740
2025-12-03T11:17:34.711Z,33.65918598190814,33.64004017031046,33.5105,33.5105,V3 池,33.65918598190814,合约价格,33.5105,0.441740
2025-12-03T11:17:34.743Z,33.65918598190814,33.64004017031046,33.5275,33.5275,V3 池,33.65918598190814,合约价格,33.5275,0.391233
2025-12-03T11:17:34.924Z,33.65918598190814,33.64004017031046,33.5275,33.5275,V3 池,33.65918598190814,合约价格,33.5275,0.391233
2025-12-03T11:17:34.925Z,33.65918598190814,33.64004017031046,33.5275,33.5275,V3 池,33.65918598190814,合约价格,33.5275,0.391233
2025-12-03T11:17:34.959Z,33.65918598190814,33.64004017031046,33.5275,33.5275,V3 池,33.65918598190814,合约价格,33.5275,0.391233
2025-12-03T11:17:34.998Z,33.65918598190814,33.64004017031046,33.5275,33.5275,V3 池,33.65918598190814,合约价格,33.5275,0.391233
2025-12-03T11:17:36.499Z,33.65918598190814,33.62360079406518,33.5275,33.5275,V3 池,33.65918598190814,合约价格,33.5275,0.391233
2025-12-03T11:17:36.499Z,33.65918598190814,33.62360079406518,33.5275,33.5275,V3 池,33.65918598190814,合约价格,33.5275,0.391233
2025-12-03T11:17:36.499Z,33.65918598190814,33.62360079406518,33.5275,33.5275,V3 池,33.65918598190814,合约价格,33.5275,0.391233
2025-12-03T11:17:36.500Z,33.65918598190814,33.62360079406518,33.5275,33.5275,V3 池,33.65918598190814,合约价格,33.5275,0.391233
2025-12-03T11:17:36.500Z,33.65918598190814,33.62360079406518,33.5105,33.5105,V3 池,33.65918598190814,合约价格,33.5105,0.441740
2025-12-03T11:17:36.500Z,33.65918598190814,33.62360079406518,33.5105,33.5105,V3 池,33.65918598190814,合约价格,33.5105,0.441740
2025-12-03T11:17:36.500Z,33.65918598190814,33.62360079406518,33.5275,33.5275,V3 池,33.65918598190814,合约价格,33.5275,0.391233
2025-12-03T11:17:39.641Z,33.65918598190814,33.62360079406518,33.5365,33.5365,V3 池,33.65918598190814,合约价格,33.5365,0.364495
2025-12-03T11:17:39.711Z,33.65918598190814,33.62360079406518,33.5365,33.5365,V3 池,33.65918598190814,合约价格,33.5365,0.364495
2025-12-03T11:17:39.742Z,33.65918598190814,33.62360079406518,33.5365,33.5365,V3 池,33.65918598190814,合约价格,33.5365,0.364495
2025-12-03T11:17:39.878Z,33.65918598190814,33.62360079406518,33.5365,33.5365,V3 池,33.65918598190814,合约价格,33.5365,0.364495
2025-12-03T11:17:39.921Z,33.65918598190814,33.62360079406518,33.5365,33.5365,V3 池,33.65918598190814,合约价格,33.5365,0.364495
2025-12-03T11:17:39.959Z,33.65918598190814,33.62360079406518,33.5365,33.5365,V3 池,33.65918598190814,合约价格,33.5365,0.364495
2025-12-03T11:17:39.969Z,33.65918598190814,33.62360079406518,33.5365,33.5365,V3 池,33.65918598190814,合约价格,33.5365,0.364495
2025-12-03T11:17:40.471Z,33.65918598190814,33.62461973401624,33.5365,33.5365,V3 池,33.65918598190814,合约价格,33.5365,0.364495
2025-12-03T11:17:40.472Z,33.65918598190814,33.62461973401624,33.5365,33.5365,V3 池,33.65918598190814,合约价格,33.5365,0.364495
2025-12-03T11:17:40.473Z,33.65918598190814,33.62461973401624,33.5365,33.5365,V3 池,33.65918598190814,合约价格,33.5365,0.364495
2025-12-03T11:17:40.473Z,33.65918598190814,33.62461973401624,33.5365,33.5365,V3 池,33.65918598190814,合约价格,33.5365,0.364495
2025-12-03T11:17:40.474Z,33.65918598190814,33.62461973401624,33.5365,33.5365,V3 池,33.65918598190814,合约价格,33.5365,0.364495
2025-12-03T11:17:40.474Z,33.65918598190814,33.62461973401624,33.5365,33.5365,V3 池,33.65918598190814,合约价格,33.5365,0.364495
2025-12-03T11:17:40.475Z,33.65918598190814,33.62461973401624,33.5365,33.5365,V3 池,33.65918598190814,合约价格,33.5365,0.364495
2025-12-03T11:17:44.613Z,33.65918598190814,33.62461973401624,33.5545,33.5545,V3 池,33.65918598190814,合约价格,33.5545,0.311018
2025-12-03T11:17:44.739Z,33.65918598190814,33.62461973401624,33.5545,33.5545,V3 池,33.65918598190814,合约价格,33.5545,0.311018
2025-12-03T11:17:44.745Z,33.65918598190814,33.62461973401624,33.5545,33.5545,V3 池,33.65918598190814,合约价格,33.5545,0.311018
2025-12-03T11:17:44.876Z,33.65918598190814,33.62461973401624,33.5545,33.5545,V3 池,33.65918598190814,合约价格,33.5545,0.311018
2025-12-03T11:17:44.923Z,33.65918598190814,33.62461973401624,33.5545,33.5545,V3 池,33.65918598190814,合约价格,33.5545,0.311018
2025-12-03T11:17:44.971Z,33.65918598190814,33.62461973401624,33.5545,33.5545,V3 池,33.65918598190814,合约价格,33.5545,0.311018
2025-12-03T11:17:44.972Z,33.65918598190814,33.62461973401624,33.5545,33.5545,V3 池,33.65918598190814,合约价格,33.5545,0.311018
2025-12-03T11:17:49.615Z,33.65918598190814,33.62461973401624,33.577,33.577,V3 池,33.65918598190814,合约价格,33.577,0.244171
2025-12-03T11:17:49.715Z,33.65918598190814,33.62461973401624,33.577,33.577,V3 池,33.65918598190814,合约价格,33.577,0.244171
2025-12-03T11:17:49.745Z,33.65918598190814,33.62461973401624,33.577,33.577,V3 池,33.65918598190814,合约价格,33.577,0.244171
2025-12-03T11:17:49.880Z,33.65918598190814,33.62461973401624,33.577,33.577,V3 池,33.65918598190814,合约价格,33.577,0.244171
2025-12-03T11:17:49.927Z,33.65918598190814,33.62461973401624,33.577,33.577,V3 池,33.65918598190814,合约价格,33.577,0.244171
2025-12-03T11:17:49.960Z,33.65918598190814,33.62461973401624,33.577,33.577,V3 池,33.65918598190814,合约价格,33.577,0.244171
2025-12-03T11:17:49.972Z,33.65918598190814,33.62461973401624,33.577,33.577,V3 池,33.65918598190814,合约价格,33.577,0.244171
2025-12-03T11:17:54.617Z,33.65918598190814,33.62461973401624,33.608,33.608,V3 池,33.65918598190814,合约价格,33.608,0.152071
2025-12-03T11:17:54.747Z,33.65918598190814,33.62461973401624,33.608,33.608,V3 池,33.65918598190814,合约价格,33.608,0.152071
2025-12-03T11:17:54.778Z,33.65918598190814,33.62461973401624,33.608,33.608,V3 池,33.65918598190814,合约价格,33.608,0.152071
2025-12-03T11:17:54.879Z,33.65918598190814,33.62461973401624,33.608,33.608,V3 池,33.65918598190814,合约价格,33.608,0.152071
2025-12-03T11:17:54.925Z,33.65918598190814,33.62461973401624,33.608,33.608,V3 池,33.65918598190814,合约价格,33.608,0.152071
2025-12-03T11:17:54.964Z,33.65918598190814,33.62461973401624,33.608,33.608,V3 池,33.65918598190814,合约价格,33.608,0.152071
2025-12-03T11:17:55.002Z,33.65918598190814,33.62461973401624,33.608,33.608,V3 池,33.65918598190814,合约价格,33.608,0.152071
2025-12-03T11:17:59.621Z,33.65918598190814,33.62461973401624,33.6095,33.6095,V3 池,33.65918598190814,合约价格,33.6095,0.147615
2025-12-03T11:17:59.751Z,33.65918598190814,33.62461973401624,33.6095,33.6095,V3 池,33.65918598190814,合约价格,33.6095,0.147615
2025-12-03T11:17:59.776Z,33.65918598190814,33.62461973401624,33.6095,33.6095,V3 池,33.65918598190814,合约价格,33.6095,0.147615
2025-12-03T11:17:59.900Z,33.65918598190814,33.62461973401624,33.6095,33.6095,V3 池,33.65918598190814,合约价格,33.6095,0.147615
2025-12-03T11:17:59.929Z,33.65918598190814,33.62461973401624,33.6095,33.6095,V3 池,33.65918598190814,合约价格,33.6095,0.147615
2025-12-03T11:17:59.966Z,33.65918598190814,33.62461973401624,33.6095,33.6095,V3 池,33.65918598190814,合约价格,33.6095,0.147615
2025-12-03T11:17:59.975Z,33.65918598190814,33.62461973401624,33.6095,33.6095,V3 池,33.65918598190814,合约价格,33.6095,0.147615
2025-12-03T11:18:04.477Z,33.65918598190814,33.63762319211586,33.6095,33.6095,V3 池,33.65918598190814,合约价格,33.6095,0.147615
2025-12-03T11:18:04.477Z,33.65918598190814,33.63762319211586,33.6095,33.6095,V3 池,33.65918598190814,合约价格,33.6095,0.147615
2025-12-03T11:18:04.478Z,33.65918598190814,33.63762319211586,33.6095,33.6095,V3 池,33.65918598190814,合约价格,33.6095,0.147615
2025-12-03T11:18:04.478Z,33.65918598190814,33.63762319211586,33.6095,33.6095,V3 池,33.65918598190814,合约价格,33.6095,0.147615
2025-12-03T11:18:04.479Z,33.65918598190814,33.63762319211586,33.6095,33.6095,V3 池,33.65918598190814,合约价格,33.6095,0.147615
2025-12-03T11:18:04.479Z,33.65918598190814,33.63762319211586,33.6095,33.6095,V3 池,33.65918598190814,合约价格,33.6095,0.147615
2025-12-03T11:18:04.479Z,33.65918598190814,33.63762319211586,33.6095,33.6095,V3 池,33.65918598190814,合约价格,33.6095,0.147615
2025-12-03T11:18:09.518Z,33.65918598190814,33.66639993553671,33.632,33.632,V4 池,33.66639993553671,合约价格,33.632,0.102179
2025-12-03T11:18:09.519Z,33.65918598190814,33.66639993553671,33.632,33.632,V4 池,33.66639993553671,合约价格,33.632,0.102179
2025-12-03T11:18:09.520Z,33.65918598190814,33.66639993553671,33.632,33.632,V4 池,33.66639993553671,合约价格,33.632,0.102179
2025-12-03T11:18:09.520Z,33.65918598190814,33.66639993553671,33.632,33.632,V4 池,33.66639993553671,合约价格,33.632,0.102179
2025-12-03T11:18:09.521Z,33.65918598190814,33.66639993553671,33.632,33.632,V4 池,33.66639993553671,合约价格,33.632,0.102179
2025-12-03T11:18:09.521Z,33.65918598190814,33.66639993553671,33.632,33.632,V4 池,33.66639993553671,合约价格,33.632,0.102179
2025-12-03T11:18:09.529Z,33.65918598190814,33.66639993553671,33.632,33.632,V4 池,33.66639993553671,合约价格,33.632,0.102179
2025-12-03T11:18:22.424Z,33.65918598190814,33.706446534391,33.683,33.683,V4 池,33.706446534391,V3 池,33.65918598190814,0.140212
2025-12-03T11:18:22.424Z,33.65918598190814,33.706446534391,33.683,33.683,V4 池,33.706446534391,V3 池,33.65918598190814,0.140212
2025-12-03T11:18:22.424Z,33.65918598190814,33.706446534391,33.683,33.683,V4 池,33.706446534391,V3 池,33.65918598190814,0.140212
2025-12-03T11:18:22.424Z,33.65918598190814,33.706446534391,33.683,33.683,V4 池,33.706446534391,V3 池,33.65918598190814,0.140212
2025-12-03T11:18:22.425Z,33.65918598190814,33.706446534391,33.683,33.683,V4 池,33.706446534391,V3 池,33.65918598190814,0.140212
2025-12-03T11:18:22.425Z,33.65918598190814,33.706446534391,33.683,33.683,V4 池,33.706446534391,V3 池,33.65918598190814,0.140212
2025-12-03T11:18:22.426Z,33.65918598190814,33.706446534391,33.683,33.683,V4 池,33.706446534391,V3 池,33.65918598190814,0.140212
2025-12-03T11:18:24.619Z,33.65918598190814,33.706446534391,33.6995,33.6995,V4 池,33.706446534391,V3 池,33.65918598190814,0.140212
2025-12-03T11:18:24.716Z,33.65918598190814,33.706446534391,33.6995,33.6995,V4 池,33.706446534391,V3 池,33.65918598190814,0.140212
2025-12-03T11:18:24.752Z,33.65918598190814,33.706446534391,33.6995,33.6995,V4 池,33.706446534391,V3 池,33.65918598190814,0.140212
2025-12-03T11:18:24.890Z,33.65918598190814,33.706446534391,33.6995,33.6995,V4 池,33.706446534391,V3 池,33.65918598190814,0.140212
2025-12-03T11:18:24.931Z,33.65918598190814,33.706446534391,33.6995,33.6995,V4 池,33.706446534391,V3 池,33.65918598190814,0.140212
2025-12-03T11:18:24.990Z,33.65918598190814,33.706446534391,33.6995,33.6995,V4 池,33.706446534391,V3 池,33.65918598190814,0.140212
2025-12-03T11:18:25.002Z,33.65918598190814,33.706446534391,33.6995,33.6995,V4 池,33.706446534391,V3 池,33.65918598190814,0.140212
2025-12-03T11:18:29.618Z,33.65918598190814,33.706446534391,33.6945,33.6945,V4 池,33.706446534391,V3 池,33.65918598190814,0.140212
2025-12-03T11:18:29.721Z,33.65918598190814,33.706446534391,33.6945,33.6945,V4 池,33.706446534391,V3 池,33.65918598190814,0.140212
2025-12-03T11:18:29.749Z,33.65918598190814,33.706446534391,33.6945,33.6945,V4 池,33.706446534391,V3 池,33.65918598190814,0.140212
2025-12-03T11:18:29.889Z,33.65918598190814,33.706446534391,33.6945,33.6945,V4 池,33.706446534391,V3 池,33.65918598190814,0.140212
2025-12-03T11:18:29.952Z,33.65918598190814,33.706446534391,33.6925,33.6925,V4 池,33.706446534391,V3 池,33.65918598190814,0.140212
2025-12-03T11:18:30.010Z,33.65918598190814,33.706446534391,33.6925,33.6925,V4 池,33.706446534391,V3 池,33.65918598190814,0.140212
2025-12-03T11:18:30.011Z,33.65918598190814,33.706446534391,33.6925,33.6925,V4 池,33.706446534391,V3 池,33.65918598190814,0.140212
2025-12-03T11:18:34.618Z,33.65918598190814,33.706446534391,33.6865,33.6865,V4 池,33.706446534391,V3 池,33.65918598190814,0.140212
2025-12-03T11:18:34.721Z,33.65918598190814,33.706446534391,33.6865,33.6865,V4 池,33.706446534391,V3 池,33.65918598190814,0.140212
2025-12-03T11:18:34.756Z,33.65918598190814,33.706446534391,33.6865,33.6865,V4 池,33.706446534391,V3 池,33.65918598190814,0.140212
2025-12-03T11:18:34.936Z,33.65918598190814,33.706446534391,33.6865,33.6865,V4 池,33.706446534391,V3 池,33.65918598190814,0.140212
2025-12-03T11:18:34.967Z,33.65918598190814,33.706446534391,33.6865,33.6865,V4 池,33.706446534391,V3 池,33.65918598190814,0.140212
2025-12-03T11:18:34.974Z,33.65918598190814,33.706446534391,33.6865,33.6865,V4 池,33.706446534391,V3 池,33.65918598190814,0.140212
2025-12-03T11:18:34.978Z,33.65918598190814,33.706446534391,33.6865,33.6865,V4 池,33.706446534391,V3 池,33.65918598190814,0.140212
2025-12-03T11:18:39.627Z,33.65918598190814,33.706446534391,33.6755,33.6755,V4 池,33.706446534391,V3 池,33.65918598190814,0.140212
2025-12-03T11:18:39.739Z,33.65918598190814,33.706446534391,33.6755,33.6755,V4 池,33.706446534391,V3 池,33.65918598190814,0.140212
2025-12-03T11:18:39.757Z,33.65918598190814,33.706446534391,33.6755,33.6755,V4 池,33.706446534391,V3 池,33.65918598190814,0.140212
2025-12-03T11:18:39.921Z,33.65918598190814,33.706446534391,33.6755,33.6755,V4 池,33.706446534391,V3 池,33.65918598190814,0.140212
2025-12-03T11:18:39.959Z,33.65918598190814,33.706446534391,33.6755,33.6755,V4 池,33.706446534391,V3 池,33.65918598190814,0.140212
2025-12-03T11:18:39.988Z,33.65918598190814,33.706446534391,33.6755,33.6755,V4 池,33.706446534391,V3 池,33.65918598190814,0.140212
2025-12-03T11:18:39.998Z,33.65918598190814,33.706446534391,33.6755,33.6755,V4 池,33.706446534391,V3 池,33.65918598190814,0.140212
2025-12-03T11:18:44.621Z,33.65918598190814,33.706446534391,33.673,33.673,V4 池,33.706446534391,V3 池,33.65918598190814,0.140212
2025-12-03T11:18:44.769Z,33.65918598190814,33.706446534391,33.6725,33.6725,V4 池,33.706446534391,V3 池,33.65918598190814,0.140212
2025-12-03T11:18:44.791Z,33.65918598190814,33.706446534391,33.6725,33.6725,V4 池,33.706446534391,V3 池,33.65918598190814,0.140212
2025-12-03T11:18:44.980Z,33.65918598190814,33.706446534391,33.6725,33.6725,V4 池,33.706446534391,V3 池,33.65918598190814,0.140212
2025-12-03T11:18:45.035Z,33.65918598190814,33.706446534391,33.6725,33.6725,V4 池,33.706446534391,V3 池,33.65918598190814,0.140212
2025-12-03T11:18:45.311Z,33.65918598190814,33.706446534391,33.6725,33.6725,V4 池,33.706446534391,V3 池,33.65918598190814,0.140212
2025-12-03T11:18:48.036Z,33.65918598190814,33.706446534391,33.6825,33.6825,V4 池,33.706446534391,V3 池,33.65918598190814,0.140212
2025-12-03T11:18:50.040Z,33.65918598190814,33.706446534391,33.678,33.678,V4 池,33.706446534391,V3 池,33.65918598190814,0.140212
2025-12-03T11:18:50.074Z,33.65918598190814,33.706446534391,33.678,33.678,V4 池,33.706446534391,V3 池,33.65918598190814,0.140212
2025-12-03T11:18:50.075Z,33.65918598190814,33.706446534391,33.678,33.678,V4 池,33.706446534391,V3 池,33.65918598190814,0.140212
2025-12-03T11:18:50.075Z,33.65918598190814,33.706446534391,33.678,33.678,V4 池,33.706446534391,V3 池,33.65918598190814,0.140212
2025-12-03T11:18:50.077Z,33.65918598190814,33.706446534391,33.678,33.678,V4 池,33.706446534391,V3 池,33.65918598190814,0.140212
2025-12-03T11:18:50.158Z,33.65918598190814,33.706446534391,33.678,33.678,V4 池,33.706446534391,V3 池,33.65918598190814,0.140212
2025-12-03T11:18:50.159Z,33.65918598190814,33.706446534391,33.678,33.678,V4 池,33.706446534391,V3 池,33.65918598190814,0.140212
2025-12-03T11:18:54.620Z,33.65918598190814,33.706446534391,33.6825,33.6825,V4 池,33.706446534391,V3 池,33.65918598190814,0.140212
2025-12-03T11:18:54.739Z,33.65918598190814,33.706446534391,33.6825,33.6825,V4 池,33.706446534391,V3 池,33.65918598190814,0.140212
2025-12-03T11:18:54.758Z,33.65918598190814,33.706446534391,33.6825,33.6825,V4 池,33.706446534391,V3 池,33.65918598190814,0.140212
2025-12-03T11:18:54.891Z,33.65918598190814,33.706446534391,33.6825,33.6825,V4 池,33.706446534391,V3 池,33.65918598190814,0.140212
2025-12-03T11:18:54.970Z,33.65918598190814,33.706446534391,33.6825,33.6825,V4 池,33.706446534391,V3 池,33.65918598190814,0.140212
2025-12-03T11:18:54.975Z,33.65918598190814,33.706446534391,33.6825,33.6825,V4 池,33.706446534391,V3 池,33.65918598190814,0.140212
2025-12-03T11:18:54.983Z,33.65918598190814,33.706446534391,33.6825,33.6825,V4 池,33.706446534391,V3 池,33.65918598190814,0.140212
2025-12-03T11:18:59.648Z,33.65918598190814,33.706446534391,33.6875,33.6875,V4 池,33.706446534391,V3 池,33.65918598190814,0.140212
2025-12-03T11:18:59.721Z,33.65918598190814,33.706446534391,33.6875,33.6875,V4 池,33.706446534391,V3 池,33.65918598190814,0.140212
2025-12-03T11:18:59.754Z,33.65918598190814,33.706446534391,33.6875,33.6875,V4 池,33.706446534391,V3 池,33.65918598190814,0.140212
2025-12-03T11:18:59.911Z,33.65918598190814,33.706446534391,33.6875,33.6875,V4 池,33.706446534391,V3 池,33.65918598190814,0.140212
2025-12-03T11:18:59.945Z,33.65918598190814,33.706446534391,33.6875,33.6875,V4 池,33.706446534391,V3 池,33.65918598190814,0.140212
2025-12-03T11:18:59.982Z,33.65918598190814,33.706446534391,33.6875,33.6875,V4 池,33.706446534391,V3 池,33.65918598190814,0.140212
2025-12-03T11:18:59.993Z,33.65918598190814,33.706446534391,33.6875,33.6875,V4 池,33.706446534391,V3 池,33.65918598190814,0.140212
2025-12-03T11:19:04.724Z,33.65918598190814,33.706446534391,33.6795,33.6795,V4 池,33.706446534391,V3 池,33.65918598190814,0.140212
2025-12-03T11:19:04.755Z,33.65918598190814,33.706446534391,33.6795,33.6795,V4 池,33.706446534391,V3 池,33.65918598190814,0.140212
2025-12-03T11:19:04.901Z,33.65918598190814,33.706446534391,33.6795,33.6795,V4 池,33.706446534391,V3 池,33.65918598190814,0.140212
2025-12-03T11:19:04.936Z,33.65918598190814,33.706446534391,33.6795,33.6795,V4 池,33.706446534391,V3 池,33.65918598190814,0.140212
2025-12-03T11:19:04.985Z,33.65918598190814,33.706446534391,33.6795,33.6795,V4 池,33.706446534391,V3 池,33.65918598190814,0.140212
2025-12-03T11:19:04.995Z,33.65918598190814,33.706446534391,33.6795,33.6795,V4 池,33.706446534391,V3 池,33.65918598190814,0.140212
2025-12-03T11:19:06.601Z,33.65918598190814,33.706446534391,33.6945,33.6945,V4 池,33.706446534391,V3 池,33.65918598190814,0.140212
2025-12-03T11:19:09.662Z,33.65918598190814,33.706446534391,33.6885,33.6885,V4 池,33.706446534391,V3 池,33.65918598190814,0.140212
2025-12-03T11:19:09.727Z,33.65918598190814,33.706446534391,33.6885,33.6885,V4 池,33.706446534391,V3 池,33.65918598190814,0.140212
2025-12-03T11:19:09.756Z,33.65918598190814,33.706446534391,33.6885,33.6885,V4 池,33.706446534391,V3 池,33.65918598190814,0.140212
2025-12-03T11:19:09.894Z,33.65918598190814,33.706446534391,33.6885,33.6885,V4 池,33.706446534391,V3 池,33.65918598190814,0.140212
2025-12-03T11:19:09.947Z,33.65918598190814,33.706446534391,33.6885,33.6885,V4 池,33.706446534391,V3 池,33.65918598190814,0.140212
2025-12-03T11:19:09.989Z,33.65918598190814,33.706446534391,33.6885,33.6885,V4 池,33.706446534391,V3 池,33.65918598190814,0.140212
2025-12-03T11:19:10.242Z,33.65918598190814,33.706446534391,33.6885,33.6885,V4 池,33.706446534391,V3 池,33.65918598190814,0.140212
2025-12-03T11:19:14.633Z,33.65918598190814,33.706446534391,33.6885,33.6885,V4 池,33.706446534391,V3 池,33.65918598190814,0.140212
2025-12-03T11:19:14.727Z,33.65918598190814,33.706446534391,33.6885,33.6885,V4 池,33.706446534391,V3 池,33.65918598190814,0.140212
2025-12-03T11:19:14.758Z,33.65918598190814,33.706446534391,33.6885,33.6885,V4 池,33.706446534391,V3 池,33.65918598190814,0.140212
2025-12-03T11:19:14.911Z,33.65918598190814,33.706446534391,33.6885,33.6885,V4 池,33.706446534391,V3 池,33.65918598190814,0.140212
2025-12-03T11:19:14.941Z,33.65918598190814,33.706446534391,33.6885,33.6885,V4 池,33.706446534391,V3 池,33.65918598190814,0.140212
2025-12-03T11:19:14.974Z,33.65918598190814,33.706446534391,33.6885,33.6885,V4 池,33.706446534391,V3 池,33.65918598190814,0.140212
2025-12-03T11:19:14.982Z,33.65918598190814,33.706446534391,33.6885,33.6885,V4 池,33.706446534391,V3 池,33.65918598190814,0.140212
2025-12-03T11:19:19.665Z,33.65918598190814,33.706446534391,33.6995,33.6995,V4 池,33.706446534391,V3 池,33.65918598190814,0.140212
2025-12-03T11:19:19.735Z,33.65918598190814,33.706446534391,33.6995,33.6995,V4 池,33.706446534391,V3 池,33.65918598190814,0.140212
2025-12-03T11:19:19.769Z,33.65918598190814,33.706446534391,33.6995,33.6995,V4 池,33.706446534391,V3 池,33.65918598190814,0.140212
2025-12-03T11:19:19.946Z,33.65918598190814,33.706446534391,33.6995,33.6995,V4 池,33.706446534391,V3 池,33.65918598190814,0.140212
2025-12-03T11:19:19.966Z,33.65918598190814,33.706446534391,33.6995,33.6995,V4 池,33.706446534391,V3 池,33.65918598190814,0.140212
2025-12-03T11:19:19.985Z,33.65918598190814,33.706446534391,33.6995,33.6995,V4 池,33.706446534391,V3 池,33.65918598190814,0.140212
2025-12-03T11:19:19.996Z,33.65918598190814,33.706446534391,33.6995,33.6995,V4 池,33.706446534391,V3 池,33.65918598190814,0.140212
2025-12-03T11:19:24.627Z,33.65918598190814,33.706446534391,33.709,33.709,现货价格,33.709,V3 池,33.65918598190814,0.147777
2025-12-03T11:19:24.728Z,33.65918598190814,33.706446534391,33.709,33.709,现货价格,33.709,V3 池,33.65918598190814,0.147777
2025-12-03T11:19:24.761Z,33.65918598190814,33.706446534391,33.711,33.711,现货价格,33.711,V3 池,33.65918598190814,0.153701
2025-12-03T11:19:24.936Z,33.65918598190814,33.706446534391,33.711,33.711,现货价格,33.711,V3 池,33.65918598190814,0.153701
2025-12-03T11:19:24.946Z,33.65918598190814,33.706446534391,33.711,33.711,现货价格,33.711,V3 池,33.65918598190814,0.153701
2025-12-03T11:19:24.983Z,33.65918598190814,33.706446534391,33.711,33.711,现货价格,33.711,V3 池,33.65918598190814,0.153701
2025-12-03T11:19:24.987Z,33.65918598190814,33.706446534391,33.711,33.711,现货价格,33.711,V3 池,33.65918598190814,0.153701
2025-12-03T11:19:29.635Z,33.65918598190814,33.706446534391,33.7075,33.7075,现货价格,33.7075,V3 池,33.65918598190814,0.143333
2025-12-03T11:19:29.731Z,33.65918598190814,33.706446534391,33.7075,33.7075,现货价格,33.7075,V3 池,33.65918598190814,0.143333
2025-12-03T11:19:29.769Z,33.65918598190814,33.706446534391,33.7075,33.7075,现货价格,33.7075,V3 池,33.65918598190814,0.143333
2025-12-03T11:19:29.894Z,33.65918598190814,33.706446534391,33.708,33.708,现货价格,33.708,V3 池,33.65918598190814,0.144814
2025-12-03T11:19:29.941Z,33.65918598190814,33.706446534391,33.708,33.708,现货价格,33.708,V3 池,33.65918598190814,0.144814
2025-12-03T11:19:29.984Z,33.65918598190814,33.706446534391,33.708,33.708,现货价格,33.708,V3 池,33.65918598190814,0.144814
2025-12-03T11:19:30.026Z,33.65918598190814,33.706446534391,33.708,33.708,现货价格,33.708,V3 池,33.65918598190814,0.144814
2025-12-03T11:19:34.631Z,33.65918598190814,33.706446534391,33.6995,33.6995,V4 池,33.706446534391,V3 池,33.65918598190814,0.140212
2025-12-03T11:19:34.734Z,33.65918598190814,33.706446534391,33.6995,33.6995,V4 池,33.706446534391,V3 池,33.65918598190814,0.140212
2025-12-03T11:19:34.786Z,33.65918598190814,33.706446534391,33.6995,33.6995,V4 池,33.706446534391,V3 池,33.65918598190814,0.140212
2025-12-03T11:19:34.899Z,33.65918598190814,33.706446534391,33.6995,33.6995,V4 池,33.706446534391,V3 池,33.65918598190814,0.140212
2025-12-03T11:19:34.943Z,33.65918598190814,33.706446534391,33.6995,33.6995,V4 池,33.706446534391,V3 池,33.65918598190814,0.140212
2025-12-03T11:19:34.981Z,33.65918598190814,33.706446534391,33.6995,33.6995,V4 池,33.706446534391,V3 池,33.65918598190814,0.140212
2025-12-03T11:19:34.984Z,33.65918598190814,33.706446534391,33.6995,33.6995,V4 池,33.706446534391,V3 池,33.65918598190814,0.140212
2025-12-03T11:19:39.652Z,33.65918598190814,33.706446534391,33.7055,33.7055,V4 池,33.706446534391,V3 池,33.65918598190814,0.140212
2025-12-03T11:19:39.731Z,33.65918598190814,33.706446534391,33.7055,33.7055,V4 池,33.706446534391,V3 池,33.65918598190814,0.140212
2025-12-03T11:19:39.761Z,33.65918598190814,33.706446534391,33.7055,33.7055,V4 池,33.706446534391,V3 池,33.65918598190814,0.140212
2025-12-03T11:19:39.898Z,33.65918598190814,33.706446534391,33.7055,33.7055,V4 池,33.706446534391,V3 池,33.65918598190814,0.140212
2025-12-03T11:19:39.941Z,33.65918598190814,33.706446534391,33.7055,33.7055,V4 池,33.706446534391,V3 池,33.65918598190814,0.140212
2025-12-03T11:19:39.994Z,33.65918598190814,33.706446534391,33.7055,33.7055,V4 池,33.706446534391,V3 池,33.65918598190814,0.140212
2025-12-03T11:19:39.996Z,33.65918598190814,33.706446534391,33.7055,33.7055,V4 池,33.706446534391,V3 池,33.65918598190814,0.140212
2025-12-03T11:19:44.632Z,33.65918598190814,33.706446534391,33.71,33.71,现货价格,33.71,V3 池,33.65918598190814,0.150739
2025-12-03T11:19:44.735Z,33.65918598190814,33.706446534391,33.71,33.71,现货价格,33.71,V3 池,33.65918598190814,0.150739
2025-12-03T11:19:44.770Z,33.65918598190814,33.706446534391,33.71,33.71,现货价格,33.71,V3 池,33.65918598190814,0.150739
2025-12-03T11:19:44.905Z,33.65918598190814,33.706446534391,33.71,33.71,现货价格,33.71,V3 池,33.65918598190814,0.150739
2025-12-03T11:19:44.946Z,33.65918598190814,33.706446534391,33.71,33.71,现货价格,33.71,V3 池,33.65918598190814,0.150739
2025-12-03T11:19:44.981Z,33.65918598190814,33.706446534391,33.71,33.71,现货价格,33.71,V3 池,33.65918598190814,0.150739
2025-12-03T11:19:44.986Z,33.65918598190814,33.706446534391,33.71,33.71,现货价格,33.71,V3 池,33.65918598190814,0.150739
2025-12-03T11:19:49.635Z,33.65918598190814,33.706446534391,33.7015,33.7015,V4 池,33.706446534391,V3 池,33.65918598190814,0.140212
2025-12-03T11:19:49.744Z,33.65918598190814,33.706446534391,33.7015,33.7015,V4 池,33.706446534391,V3 池,33.65918598190814,0.140212
2025-12-03T11:19:49.762Z,33.65918598190814,33.706446534391,33.7015,33.7015,V4 池,33.706446534391,V3 池,33.65918598190814,0.140212
2025-12-03T11:19:49.899Z,33.65918598190814,33.706446534391,33.7015,33.7015,V4 池,33.706446534391,V3 池,33.65918598190814,0.140212
2025-12-03T11:19:49.946Z,33.65918598190814,33.706446534391,33.7015,33.7015,V4 池,33.706446534391,V3 池,33.65918598190814,0.140212
2025-12-03T11:19:49.985Z,33.65918598190814,33.706446534391,33.7015,33.7015,V4 池,33.706446534391,V3 池,33.65918598190814,0.140212
2025-12-03T11:19:49.987Z,33.65918598190814,33.706446534391,33.7015,33.7015,V4 池,33.706446534391,V3 池,33.65918598190814,0.140212
2025-12-03T11:19:58.401Z,33.65918598190814,33.706446534391,33.7105,33.7105,现货价格,33.7105,V3 池,33.65918598190814,0.152220
2025-12-03T11:19:58.418Z,33.65918598190814,33.706446534391,33.7105,33.7105,现货价格,33.7105,V3 池,33.65918598190814,0.152220
2025-12-03T11:19:58.452Z,33.65918598190814,33.706446534391,33.7105,33.7105,现货价格,33.7105,V3 池,33.65918598190814,0.152220
2025-12-03T11:19:58.503Z,33.65918598190814,33.706446534391,33.7105,33.7105,现货价格,33.7105,V3 池,33.65918598190814,0.152220
2025-12-03T11:19:58.653Z,33.65918598190814,33.706446534391,33.7105,33.7105,现货价格,33.7105,V3 池,33.65918598190814,0.152220
2025-12-03T11:19:58.669Z,33.65918598190814,33.706446534391,33.7105,33.7105,现货价格,33.7105,V3 池,33.65918598190814,0.152220
2025-12-03T11:19:58.681Z,33.65918598190814,33.706446534391,33.7105,33.7105,现货价格,33.7105,V3 池,33.65918598190814,0.152220
2025-12-03T11:20:03.408Z,33.65918598190814,33.706446534391,33.7055,33.7055,V4 池,33.706446534391,V3 池,33.65918598190814,0.140212
2025-12-03T11:20:03.452Z,33.65918598190814,33.706446534391,33.7055,33.7055,V4 池,33.706446534391,V3 池,33.65918598190814,0.140212
2025-12-03T11:20:03.455Z,33.65918598190814,33.706446534391,33.7055,33.7055,V4 池,33.706446534391,V3 池,33.65918598190814,0.140212
2025-12-03T11:20:03.493Z,33.65918598190814,33.706446534391,33.7055,33.7055,V4 池,33.706446534391,V3 池,33.65918598190814,0.140212
2025-12-03T11:20:03.635Z,33.65918598190814,33.706446534391,33.7055,33.7055,V4 池,33.706446534391,V3 池,33.65918598190814,0.140212
2025-12-03T11:20:03.668Z,33.65918598190814,33.706446534391,33.7055,33.7055,V4 池,33.706446534391,V3 池,33.65918598190814,0.140212
2025-12-03T11:20:03.740Z,33.65918598190814,33.706446534391,33.7055,33.7055,V4 池,33.706446534391,V3 池,33.65918598190814,0.140212
2025-12-03T11:20:08.407Z,33.65918598190814,33.706446534391,33.709,33.709,现货价格,33.709,V3 池,33.65918598190814,0.147777
2025-12-03T11:20:08.416Z,33.65918598190814,33.706446534391,33.7105,33.7105,现货价格,33.7105,V3 池,33.65918598190814,0.152220
2025-12-03T11:20:08.451Z,33.65918598190814,33.706446534391,33.709,33.709,现货价格,33.709,V3 池,33.65918598190814,0.147777
2025-12-03T11:20:08.457Z,33.65918598190814,33.706446534391,33.709,33.709,现货价格,33.709,V3 池,33.65918598190814,0.147777
2025-12-03T11:20:08.640Z,33.65918598190814,33.706446534391,33.7105,33.7105,现货价格,33.7105,V3 池,33.65918598190814,0.152220
2025-12-03T11:20:08.664Z,33.65918598190814,33.706446534391,33.709,33.709,现货价格,33.709,V3 池,33.65918598190814,0.147777
2025-12-03T11:20:08.688Z,33.65918598190814,33.706446534391,33.709,33.709,现货价格,33.709,V3 池,33.65918598190814,0.147777
2025-12-03T11:20:13.390Z,33.65918598190814,33.706446534391,33.6925,33.6925,V4 池,33.706446534391,V3 池,33.65918598190814,0.140212
2025-12-03T11:20:13.416Z,33.65918598190814,33.706446534391,33.6925,33.6925,V4 池,33.706446534391,V3 池,33.65918598190814,0.140212
2025-12-03T11:20:13.453Z,33.65918598190814,33.706446534391,33.6925,33.6925,V4 池,33.706446534391,V3 池,33.65918598190814,0.140212
2025-12-03T11:20:13.455Z,33.65918598190814,33.706446534391,33.6925,33.6925,V4 池,33.706446534391,V3 池,33.65918598190814,0.140212
2025-12-03T11:20:13.656Z,33.65918598190814,33.706446534391,33.687,33.687,V4 池,33.706446534391,V3 池,33.65918598190814,0.140212
2025-12-03T11:20:13.668Z,33.65918598190814,33.706446534391,33.687,33.687,V4 池,33.706446534391,V3 池,33.65918598190814,0.140212
2025-12-03T11:20:13.763Z,33.65918598190814,33.706446534391,33.687,33.687,V4 池,33.706446534391,V3 池,33.65918598190814,0.140212
2025-12-03T11:20:14.477Z,33.659312398126445,33.706446534391,33.6925,33.6925,V4 池,33.706446534391,V3 池,33.659312398126445,0.139837
2025-12-03T11:20:14.484Z,33.659312398126445,33.706446534391,33.687,33.687,V4 池,33.706446534391,V3 池,33.659312398126445,0.139837
2025-12-03T11:20:14.485Z,33.659312398126445,33.706446534391,33.6925,33.6925,V4 池,33.706446534391,V3 池,33.659312398126445,0.139837
2025-12-03T11:20:14.490Z,33.659312398126445,33.706446534391,33.687,33.687,V4 池,33.706446534391,V3 池,33.659312398126445,0.139837
2025-12-03T11:20:14.491Z,33.659312398126445,33.706446534391,33.6925,33.6925,V4 池,33.706446534391,V3 池,33.659312398126445,0.139837
2025-12-03T11:20:14.494Z,33.659312398126445,33.706446534391,33.687,33.687,V4 池,33.706446534391,V3 池,33.659312398126445,0.139837
2025-12-03T11:20:14.499Z,33.659312398126445,33.706446534391,33.6925,33.6925,V4 池,33.706446534391,V3 池,33.659312398126445,0.139837
2025-12-03T11:20:23.701Z,33.659312398126445,33.706446534391,33.6845,33.6845,V4 池,33.706446534391,V3 池,33.659312398126445,0.139837
2025-12-03T11:20:24.205Z,33.659312398126445,33.706446534391,33.684,33.684,V4 池,33.706446534391,V3 池,33.659312398126445,0.139837
2025-12-03T11:20:24.285Z,33.659312398126445,33.706446534391,33.684,33.684,V4 池,33.706446534391,V3 池,33.659312398126445,0.139837
2025-12-03T11:20:24.414Z,33.659312398126445,33.706446534391,33.684,33.684,V4 池,33.706446534391,V3 池,33.659312398126445,0.139837
2025-12-03T11:20:24.429Z,33.659312398126445,33.706446534391,33.684,33.684,V4 池,33.706446534391,V3 池,33.659312398126445,0.139837
2025-12-03T11:20:24.489Z,33.659312398126445,33.706446534391,33.684,33.684,V4 池,33.706446534391,V3 池,33.659312398126445,0.139837
2025-12-03T11:20:24.552Z,33.659312398126445,33.706446534391,33.684,33.684,V4 池,33.706446534391,V3 池,33.659312398126445,0.139837
2025-12-03T11:20:29.208Z,33.659312398126445,33.706446534391,33.69,33.69,V4 池,33.706446534391,V3 池,33.659312398126445,0.139837
2025-12-03T11:20:29.285Z,33.659312398126445,33.706446534391,33.6905,33.6905,V4 池,33.706446534391,V3 池,33.659312398126445,0.139837
2025-12-03T11:20:29.324Z,33.659312398126445,33.706446534391,33.6905,33.6905,V4 池,33.706446534391,V3 池,33.659312398126445,0.139837
2025-12-03T11:20:29.414Z,33.659312398126445,33.706446534391,33.6905,33.6905,V4 池,33.706446534391,V3 池,33.659312398126445,0.139837
2025-12-03T11:20:29.450Z,33.659312398126445,33.706446534391,33.6905,33.6905,V4 池,33.706446534391,V3 池,33.659312398126445,0.139837
2025-12-03T11:20:29.543Z,33.659312398126445,33.706446534391,33.6905,33.6905,V4 池,33.706446534391,V3 池,33.659312398126445,0.139837
2025-12-03T11:20:34.226Z,33.659312398126445,33.706446534391,33.6935,33.6935,V4 池,33.706446534391,V3 池,33.659312398126445,0.139837
2025-12-03T11:20:34.326Z,33.659312398126445,33.706446534391,33.6935,33.6935,V4 池,33.706446534391,V3 池,33.659312398126445,0.139837
2025-12-03T11:20:34.401Z,33.659312398126445,33.706446534391,33.6935,33.6935,V4 池,33.706446534391,V3 池,33.659312398126445,0.139837
2025-12-03T11:20:34.425Z,33.659312398126445,33.706446534391,33.6935,33.6935,V4 池,33.706446534391,V3 池,33.659312398126445,0.139837
2025-12-03T11:20:34.438Z,33.659312398126445,33.706446534391,33.6935,33.6935,V4 池,33.706446534391,V3 池,33.659312398126445,0.139837
2025-12-03T11:20:34.575Z,33.659312398126445,33.706446534391,33.6935,33.6935,V4 池,33.706446534391,V3 池,33.659312398126445,0.139837
2025-12-03T11:20:39.206Z,33.659312398126445,33.706446534391,33.6935,33.6935,V4 池,33.706446534391,V3 池,33.659312398126445,0.139837
2025-12-03T11:20:39.299Z,33.659312398126445,33.706446534391,33.6935,33.6935,V4 池,33.706446534391,V3 池,33.659312398126445,0.139837
2025-12-03T11:20:39.349Z,33.659312398126445,33.706446534391,33.6935,33.6935,V4 池,33.706446534391,V3 池,33.659312398126445,0.139837
2025-12-03T11:20:39.449Z,33.659312398126445,33.706446534391,33.6935,33.6935,V4 池,33.706446534391,V3 池,33.659312398126445,0.139837
2025-12-03T11:20:39.453Z,33.659312398126445,33.706446534391,33.6935,33.6935,V4 池,33.706446534391,V3 池,33.659312398126445,0.139837
2025-12-03T11:20:39.535Z,33.659312398126445,33.706446534391,33.6985,33.6985,V4 池,33.706446534391,V3 池,33.659312398126445,0.139837
2025-12-03T11:20:44.207Z,33.659312398126445,33.706446534391,33.6975,33.6975,V4 池,33.706446534391,V3 池,33.659312398126445,0.139837
2025-12-03T11:20:44.285Z,33.659312398126445,33.706446534391,33.6975,33.6975,V4 池,33.706446534391,V3 池,33.659312398126445,0.139837
2025-12-03T11:20:44.315Z,33.659312398126445,33.706446534391,33.6975,33.6975,V4 池,33.706446534391,V3 池,33.659312398126445,0.139837
2025-12-03T11:20:44.420Z,33.659312398126445,33.706446534391,33.6975,33.6975,V4 池,33.706446534391,V3 池,33.659312398126445,0.139837
2025-12-03T11:20:44.437Z,33.659312398126445,33.706446534391,33.6975,33.6975,V4 池,33.706446534391,V3 池,33.659312398126445,0.139837
2025-12-03T11:20:44.541Z,33.659312398126445,33.706446534391,33.6975,33.6975,V4 池,33.706446534391,V3 池,33.659312398126445,0.139837
2025-12-03T11:20:49.242Z,33.659312398126445,33.706446534391,33.69,33.69,V4 池,33.706446534391,V3 池,33.659312398126445,0.139837
2025-12-03T11:20:49.277Z,33.659312398126445,33.706446534391,33.69,33.69,V4 池,33.706446534391,V3 池,33.659312398126445,0.139837
2025-12-03T11:20:49.314Z,33.659312398126445,33.706446534391,33.69,33.69,V4 池,33.706446534391,V3 池,33.659312398126445,0.139837
2025-12-03T11:20:49.420Z,33.659312398126445,33.706446534391,33.69,33.69,V4 池,33.706446534391,V3 池,33.659312398126445,0.139837
2025-12-03T11:20:49.439Z,33.659312398126445,33.706446534391,33.69,33.69,V4 池,33.706446534391,V3 池,33.659312398126445,0.139837
2025-12-03T11:20:49.536Z,33.659312398126445,33.706446534391,33.69,33.69,V4 池,33.706446534391,V3 池,33.659312398126445,0.139837
2025-12-03T11:20:54.224Z,33.659312398126445,33.706446534391,33.6925,33.6925,V4 池,33.706446534391,V3 池,33.659312398126445,0.139837
2025-12-03T11:20:54.280Z,33.659312398126445,33.706446534391,33.6925,33.6925,V4 池,33.706446534391,V3 池,33.659312398126445,0.139837
2025-12-03T11:20:54.316Z,33.659312398126445,33.706446534391,33.6925,33.6925,V4 池,33.706446534391,V3 池,33.659312398126445,0.139837
2025-12-03T11:20:54.431Z,33.659312398126445,33.706446534391,33.6925,33.6925,V4 池,33.706446534391,V3 池,33.659312398126445,0.139837
2025-12-03T11:20:54.451Z,33.659312398126445,33.706446534391,33.6925,33.6925,V4 池,33.706446534391,V3 池,33.659312398126445,0.139837
2025-12-03T11:20:54.547Z,33.659312398126445,33.706446534391,33.6925,33.6925,V4 池,33.706446534391,V3 池,33.659312398126445,0.139837
2025-12-03T11:20:59.231Z,33.659312398126445,33.706446534391,33.6935,33.6935,V4 池,33.706446534391,V3 池,33.659312398126445,0.139837
2025-12-03T11:20:59.283Z,33.659312398126445,33.706446534391,33.6935,33.6935,V4 池,33.706446534391,V3 池,33.659312398126445,0.139837
2025-12-03T11:20:59.312Z,33.659312398126445,33.706446534391,33.6935,33.6935,V4 池,33.706446534391,V3 池,33.659312398126445,0.139837
2025-12-03T11:20:59.421Z,33.659312398126445,33.706446534391,33.6935,33.6935,V4 池,33.706446534391,V3 池,33.659312398126445,0.139837
2025-12-03T11:20:59.439Z,33.659312398126445,33.706446534391,33.6935,33.6935,V4 池,33.706446534391,V3 池,33.659312398126445,0.139837
2025-12-03T11:20:59.555Z,33.659312398126445,33.706446534391,33.6935,33.6935,V4 池,33.706446534391,V3 池,33.659312398126445,0.139837
2025-12-03T11:21:04.222Z,33.659312398126445,33.706446534391,33.6895,33.6895,V4 池,33.706446534391,V3 池,33.659312398126445,0.139837
2025-12-03T11:21:04.295Z,33.659312398126445,33.706446534391,33.6895,33.6895,V4 池,33.706446534391,V3 池,33.659312398126445,0.139837
2025-12-03T11:21:04.326Z,33.659312398126445,33.706446534391,33.6895,33.6895,V4 池,33.706446534391,V3 池,33.659312398126445,0.139837
2025-12-03T11:21:04.442Z,33.659312398126445,33.706446534391,33.6895,33.6895,V4 池,33.706446534391,V3 池,33.659312398126445,0.139837
2025-12-03T11:21:04.449Z,33.659312398126445,33.706446534391,33.6895,33.6895,V4 池,33.706446534391,V3 池,33.659312398126445,0.139837
2025-12-03T11:21:04.538Z,33.659312398126445,33.706446534391,33.6895,33.6895,V4 池,33.706446534391,V3 池,33.659312398126445,0.139837
2025-12-03T11:21:09.225Z,33.659312398126445,33.706446534391,33.6895,33.6895,V4 池,33.706446534391,V3 池,33.659312398126445,0.139837
2025-12-03T11:21:09.320Z,33.659312398126445,33.706446534391,33.6895,33.6895,V4 池,33.706446534391,V3 池,33.659312398126445,0.139837
2025-12-03T11:21:09.339Z,33.659312398126445,33.706446534391,33.6895,33.6895,V4 池,33.706446534391,V3 池,33.659312398126445,0.139837
2025-12-03T11:21:09.427Z,33.659312398126445,33.706446534391,33.6895,33.6895,V4 池,33.706446534391,V3 池,33.659312398126445,0.139837
2025-12-03T11:21:09.546Z,33.659312398126445,33.706446534391,33.6895,33.6895,V4 池,33.706446534391,V3 池,33.659312398126445,0.139837
2025-12-03T11:21:09.549Z,33.659312398126445,33.706446534391,33.6895,33.6895,V4 池,33.706446534391,V3 池,33.659312398126445,0.139837
2025-12-03T11:21:14.286Z,33.659312398126445,33.706446534391,33.68,33.68,V4 池,33.706446534391,V3 池,33.659312398126445,0.139837
2025-12-03T11:21:14.290Z,33.659312398126445,33.706446534391,33.68,33.68,V4 池,33.706446534391,V3 池,33.659312398126445,0.139837
2025-12-03T11:21:14.349Z,33.659312398126445,33.706446534391,33.685,33.685,V4 池,33.706446534391,V3 池,33.659312398126445,0.139837
2025-12-03T11:21:14.441Z,33.659312398126445,33.706446534391,33.685,33.685,V4 池,33.706446534391,V3 池,33.659312398126445,0.139837
2025-12-03T11:21:14.460Z,33.659312398126445,33.706446534391,33.6855,33.6855,V4 池,33.706446534391,V3 池,33.659312398126445,0.139837
2025-12-03T11:21:14.539Z,33.659312398126445,33.706446534391,33.6855,33.6855,V4 池,33.706446534391,V3 池,33.659312398126445,0.139837
2025-12-03T11:21:19.221Z,33.659312398126445,33.706446534391,33.6835,33.6835,V4 池,33.706446534391,V3 池,33.659312398126445,0.139837
2025-12-03T11:21:19.292Z,33.659312398126445,33.706446534391,33.6835,33.6835,V4 池,33.706446534391,V3 池,33.659312398126445,0.139837
2025-12-03T11:21:19.336Z,33.659312398126445,33.706446534391,33.6835,33.6835,V4 池,33.706446534391,V3 池,33.659312398126445,0.139837
2025-12-03T11:21:19.444Z,33.659312398126445,33.706446534391,33.68,33.68,V4 池,33.706446534391,V3 池,33.659312398126445,0.139837
2025-12-03T11:21:19.515Z,33.659312398126445,33.706446534391,33.68,33.68,V4 池,33.706446534391,V3 池,33.659312398126445,0.139837
2025-12-03T11:21:19.551Z,33.659312398126445,33.706446534391,33.68,33.68,V4 池,33.706446534391,V3 池,33.659312398126445,0.139837
2025-12-03T11:21:24.217Z,33.659312398126445,33.706446534391,33.681,33.681,V4 池,33.706446534391,V3 池,33.659312398126445,0.139837
2025-12-03T11:21:24.319Z,33.659312398126445,33.706446534391,33.681,33.681,V4 池,33.706446534391,V3 池,33.659312398126445,0.139837
2025-12-03T11:21:24.402Z,33.659312398126445,33.706446534391,33.681,33.681,V4 池,33.706446534391,V3 池,33.659312398126445,0.139837
2025-12-03T11:21:24.484Z,33.659312398126445,33.706446534391,33.681,33.681,V4 池,33.706446534391,V3 池,33.659312398126445,0.139837
2025-12-03T11:21:24.518Z,33.659312398126445,33.706446534391,33.6845,33.6845,V4 池,33.706446534391,V3 池,33.659312398126445,0.139837
2025-12-03T11:21:24.576Z,33.659312398126445,33.706446534391,33.6845,33.6845,V4 池,33.706446534391,V3 池,33.659312398126445,0.139837
2025-12-03T11:21:29.218Z,33.659312398126445,33.706446534391,33.6835,33.6835,V4 池,33.706446534391,V3 池,33.659312398126445,0.139837
2025-12-03T11:21:29.286Z,33.659312398126445,33.706446534391,33.6835,33.6835,V4 池,33.706446534391,V3 池,33.659312398126445,0.139837
2025-12-03T11:21:29.319Z,33.659312398126445,33.706446534391,33.6835,33.6835,V4 池,33.706446534391,V3 池,33.659312398126445,0.139837
2025-12-03T11:21:29.424Z,33.659312398126445,33.706446534391,33.6835,33.6835,V4 池,33.706446534391,V3 池,33.659312398126445,0.139837
2025-12-03T11:21:29.460Z,33.659312398126445,33.706446534391,33.6835,33.6835,V4 池,33.706446534391,V3 池,33.659312398126445,0.139837
2025-12-03T11:21:29.546Z,33.659312398126445,33.706446534391,33.6835,33.6835,V4 池,33.706446534391,V3 池,33.659312398126445,0.139837
2025-12-03T11:21:34.220Z,33.659312398126445,33.706446534391,33.6925,33.6925,V4 池,33.706446534391,V3 池,33.659312398126445,0.139837
2025-12-03T11:21:34.297Z,33.659312398126445,33.706446534391,33.6925,33.6925,V4 池,33.706446534391,V3 池,33.659312398126445,0.139837
2025-12-03T11:21:34.395Z,33.659312398126445,33.706446534391,33.6925,33.6925,V4 池,33.706446534391,V3 池,33.659312398126445,0.139837
2025-12-03T11:21:34.426Z,33.659312398126445,33.706446534391,33.6925,33.6925,V4 池,33.706446534391,V3 池,33.659312398126445,0.139837
2025-12-03T11:21:34.447Z,33.659312398126445,33.706446534391,33.6925,33.6925,V4 池,33.706446534391,V3 池,33.659312398126445,0.139837
2025-12-03T11:21:34.544Z,33.659312398126445,33.706446534391,33.6925,33.6925,V4 池,33.706446534391,V3 池,33.659312398126445,0.139837
2025-12-03T11:21:39.289Z,33.659312398126445,33.706446534391,33.6915,33.6915,V4 池,33.706446534391,V3 池,33.659312398126445,0.139837
2025-12-03T11:21:39.331Z,33.659312398126445,33.706446534391,33.6915,33.6915,V4 池,33.706446534391,V3 池,33.659312398126445,0.139837
2025-12-03T11:21:39.343Z,33.659312398126445,33.706446534391,33.6915,33.6915,V4 池,33.706446534391,V3 池,33.659312398126445,0.139837
2025-12-03T11:21:39.439Z,33.659312398126445,33.706446534391,33.6915,33.6915,V4 池,33.706446534391,V3 池,33.659312398126445,0.139837
2025-12-03T11:21:39.459Z,33.659312398126445,33.706446534391,33.6915,33.6915,V4 池,33.706446534391,V3 池,33.659312398126445,0.139837
2025-12-03T11:21:39.549Z,33.659312398126445,33.706446534391,33.6915,33.6915,V4 池,33.706446534391,V3 池,33.659312398126445,0.139837
2025-12-03T11:21:44.289Z,33.659312398126445,33.706446534391,33.6945,33.6945,V4 池,33.706446534391,V3 池,33.659312398126445,0.139837
2025-12-03T11:21:44.325Z,33.659312398126445,33.706446534391,33.6945,33.6945,V4 池,33.706446534391,V3 池,33.659312398126445,0.139837
2025-12-03T11:21:44.334Z,33.659312398126445,33.706446534391,33.6945,33.6945,V4 池,33.706446534391,V3 池,33.659312398126445,0.139837
2025-12-03T11:21:44.429Z,33.659312398126445,33.706446534391,33.6945,33.6945,V4 池,33.706446534391,V3 池,33.659312398126445,0.139837
2025-12-03T11:21:44.449Z,33.659312398126445,33.706446534391,33.6945,33.6945,V4 池,33.706446534391,V3 池,33.659312398126445,0.139837
2025-12-03T11:21:44.554Z,33.659312398126445,33.706446534391,33.6945,33.6945,V4 池,33.706446534391,V3 池,33.659312398126445,0.139837
2025-12-03T11:21:49.226Z,33.659312398126445,33.706446534391,33.6905,33.6905,V4 池,33.706446534391,V3 池,33.659312398126445,0.139837
2025-12-03T11:21:49.421Z,33.659312398126445,33.706446534391,33.6875,33.6875,V4 池,33.706446534391,V3 池,33.659312398126445,0.139837
2025-12-03T11:21:49.430Z,33.659312398126445,33.706446534391,33.6875,33.6875,V4 池,33.706446534391,V3 池,33.659312398126445,0.139837
2025-12-03T11:21:49.450Z,33.659312398126445,33.706446534391,33.6875,33.6875,V4 池,33.706446534391,V3 池,33.659312398126445,0.139837
2025-12-03T11:21:49.458Z,33.659312398126445,33.706446534391,33.6875,33.6875,V4 池,33.706446534391,V3 池,33.659312398126445,0.139837
2025-12-03T11:21:49.548Z,33.659312398126445,33.706446534391,33.6875,33.6875,V4 池,33.706446534391,V3 池,33.659312398126445,0.139837
2025-12-03T11:21:54.232Z,33.659312398126445,33.706446534391,33.684,33.684,V4 池,33.706446534391,V3 池,33.659312398126445,0.139837
2025-12-03T11:21:54.291Z,33.659312398126445,33.706446534391,33.684,33.684,V4 池,33.706446534391,V3 池,33.659312398126445,0.139837
2025-12-03T11:21:54.327Z,33.659312398126445,33.706446534391,33.684,33.684,V4 池,33.706446534391,V3 池,33.659312398126445,0.139837
2025-12-03T11:21:54.431Z,33.659312398126445,33.706446534391,33.684,33.684,V4 池,33.706446534391,V3 池,33.659312398126445,0.139837
2025-12-03T11:21:54.454Z,33.659312398126445,33.706446534391,33.684,33.684,V4 池,33.706446534391,V3 池,33.659312398126445,0.139837
2025-12-03T11:21:54.555Z,33.659312398126445,33.706446534391,33.6835,33.6835,V4 池,33.706446534391,V3 池,33.659312398126445,0.139837
2025-12-03T11:21:59.225Z,33.659312398126445,33.706446534391,33.6755,33.6755,V4 池,33.706446534391,V3 池,33.659312398126445,0.139837
2025-12-03T11:21:59.340Z,33.659312398126445,33.706446534391,33.6755,33.6755,V4 池,33.706446534391,V3 池,33.659312398126445,0.139837
2025-12-03T11:21:59.365Z,33.659312398126445,33.706446534391,33.6755,33.6755,V4 池,33.706446534391,V3 池,33.659312398126445,0.139837
2025-12-03T11:21:59.433Z,33.659312398126445,33.706446534391,33.6755,33.6755,V4 池,33.706446534391,V3 池,33.659312398126445,0.139837
2025-12-03T11:21:59.461Z,33.659312398126445,33.706446534391,33.6755,33.6755,V4 池,33.706446534391,V3 池,33.659312398126445,0.139837
2025-12-03T11:21:59.621Z,33.659312398126445,33.706446534391,33.6755,33.6755,V4 池,33.706446534391,V3 池,33.659312398126445,0.139837
2025-12-03T11:22:04.305Z,33.659312398126445,33.706446534391,33.707,33.707,现货价格,33.707,V3 池,33.659312398126445,0.141477
2025-12-03T11:22:04.308Z,33.659312398126445,33.706446534391,33.707,33.707,现货价格,33.707,V3 池,33.659312398126445,0.141477
2025-12-03T11:22:04.329Z,33.659312398126445,33.706446534391,33.707,33.707,现货价格,33.707,V3 池,33.659312398126445,0.141477
2025-12-03T11:22:04.430Z,33.659312398126445,33.706446534391,33.707,33.707,现货价格,33.707,V3 池,33.659312398126445,0.141477
2025-12-03T11:22:04.456Z,33.659312398126445,33.706446534391,33.7065,33.7065,现货价格,33.7065,V3 池,33.659312398126445,0.139996
2025-12-03T11:22:04.580Z,33.659312398126445,33.706446534391,33.707,33.707,现货价格,33.707,V3 池,33.659312398126445,0.141477
2025-12-03T11:22:09.225Z,33.659312398126445,33.706446534391,33.7095,33.7095,现货价格,33.7095,V3 池,33.659312398126445,0.148883
2025-12-03T11:22:09.312Z,33.659312398126445,33.706446534391,33.7095,33.7095,现货价格,33.7095,V3 池,33.659312398126445,0.148883
2025-12-03T11:22:09.329Z,33.659312398126445,33.706446534391,33.7085,33.7085,现货价格,33.7085,V3 池,33.659312398126445,0.145920
2025-12-03T11:22:09.435Z,33.659312398126445,33.706446534391,33.7085,33.7085,现货价格,33.7085,V3 池,33.659312398126445,0.145920
2025-12-03T11:22:09.453Z,33.659312398126445,33.706446534391,33.7095,33.7095,现货价格,33.7095,V3 池,33.659312398126445,0.148883
2025-12-03T11:22:09.551Z,33.659312398126445,33.706446534391,33.7095,33.7095,现货价格,33.7095,V3 池,33.659312398126445,0.148883
2025-12-03T11:22:14.230Z,33.659312398126445,33.706446534391,33.7005,33.7005,V4 池,33.706446534391,V3 池,33.659312398126445,0.139837
2025-12-03T11:22:14.298Z,33.659312398126445,33.706446534391,33.7005,33.7005,V4 池,33.706446534391,V3 池,33.659312398126445,0.139837
2025-12-03T11:22:14.459Z,33.659312398126445,33.706446534391,33.7005,33.7005,V4 池,33.706446534391,V3 池,33.659312398126445,0.139837
2025-12-03T11:22:14.464Z,33.659312398126445,33.706446534391,33.7005,33.7005,V4 池,33.706446534391,V3 池,33.659312398126445,0.139837
2025-12-03T11:22:14.479Z,33.659312398126445,33.706446534391,33.7005,33.7005,V4 池,33.706446534391,V3 池,33.659312398126445,0.139837
2025-12-03T11:22:14.556Z,33.659312398126445,33.706446534391,33.7005,33.7005,V4 池,33.706446534391,V3 池,33.659312398126445,0.139837
2025-12-03T11:22:19.242Z,33.659312398126445,33.706446534391,33.6915,33.6915,V4 池,33.706446534391,V3 池,33.659312398126445,0.139837
2025-12-03T11:22:19.303Z,33.659312398126445,33.706446534391,33.6915,33.6915,V4 池,33.706446534391,V3 池,33.659312398126445,0.139837
2025-12-03T11:22:19.343Z,33.659312398126445,33.706446534391,33.6915,33.6915,V4 池,33.706446534391,V3 池,33.659312398126445,0.139837
2025-12-03T11:22:19.457Z,33.659312398126445,33.706446534391,33.69,33.69,V4 池,33.706446534391,V3 池,33.659312398126445,0.139837
2025-12-03T11:22:19.459Z,33.659312398126445,33.706446534391,33.69,33.69,V4 池,33.706446534391,V3 池,33.659312398126445,0.139837
2025-12-03T11:22:19.552Z,33.659312398126445,33.706446534391,33.69,33.69,V4 池,33.706446534391,V3 池,33.659312398126445,0.139837
2025-12-03T11:22:24.229Z,33.659312398126445,33.706446534391,33.6975,33.6975,V4 池,33.706446534391,V3 池,33.659312398126445,0.139837
2025-12-03T11:22:24.299Z,33.659312398126445,33.706446534391,33.6975,33.6975,V4 池,33.706446534391,V3 池,33.659312398126445,0.139837
2025-12-03T11:22:24.328Z,33.659312398126445,33.706446534391,33.6975,33.6975,V4 池,33.706446534391,V3 池,33.659312398126445,0.139837
2025-12-03T11:22:24.436Z,33.659312398126445,33.706446534391,33.6955,33.6955,V4 池,33.706446534391,V3 池,33.659312398126445,0.139837
2025-12-03T11:22:24.455Z,33.659312398126445,33.706446534391,33.6975,33.6975,V4 池,33.706446534391,V3 池,33.659312398126445,0.139837
2025-12-03T11:22:24.563Z,33.659312398126445,33.706446534391,33.6955,33.6955,V4 池,33.706446534391,V3 池,33.659312398126445,0.139837
2025-12-03T11:22:35.543Z,33.659312398126445,33.706446534391,33.68,33.68,V4 池,33.706446534391,V3 池,33.659312398126445,0.139837
2025-12-03T11:22:35.554Z,33.659312398126445,33.706446534391,33.68,33.68,V4 池,33.706446534391,V3 池,33.659312398126445,0.139837
2025-12-03T11:22:35.614Z,33.659312398126445,33.706446534391,33.68,33.68,V4 池,33.706446534391,V3 池,33.659312398126445,0.139837
2025-12-03T11:22:35.636Z,33.659312398126445,33.706446534391,33.68,33.68,V4 池,33.706446534391,V3 池,33.659312398126445,0.139837
2025-12-03T11:22:35.787Z,33.659312398126445,33.706446534391,33.68,33.68,V4 池,33.706446534391,V3 池,33.659312398126445,0.139837
2025-12-03T11:22:35.881Z,33.659312398126445,33.706446534391,33.68,33.68,V4 池,33.706446534391,V3 池,33.659312398126445,0.139837
2025-12-03T11:22:40.552Z,33.659312398126445,33.706446534391,33.6805,33.6805,V4 池,33.706446534391,V3 池,33.659312398126445,0.139837
2025-12-03T11:22:40.555Z,33.659312398126445,33.706446534391,33.6845,33.6845,V4 池,33.706446534391,V3 池,33.659312398126445,0.139837
2025-12-03T11:22:40.638Z,33.659312398126445,33.706446534391,33.6805,33.6805,V4 池,33.706446534391,V3 池,33.659312398126445,0.139837
2025-12-03T11:22:40.690Z,33.659312398126445,33.706446534391,33.6805,33.6805,V4 池,33.706446534391,V3 池,33.659312398126445,0.139837
2025-12-03T11:22:40.757Z,33.659312398126445,33.706446534391,33.6805,33.6805,V4 池,33.706446534391,V3 池,33.659312398126445,0.139837
2025-12-03T11:22:40.863Z,33.659312398126445,33.706446534391,33.6805,33.6805,V4 池,33.706446534391,V3 池,33.659312398126445,0.139837
2025-12-03T11:22:45.584Z,33.659312398126445,33.706446534391,33.6845,33.6845,V4 池,33.706446534391,V3 池,33.659312398126445,0.139837
2025-12-03T11:22:45.617Z,33.659312398126445,33.706446534391,33.6845,33.6845,V4 池,33.706446534391,V3 池,33.659312398126445,0.139837
2025-12-03T11:22:45.641Z,33.659312398126445,33.706446534391,33.6845,33.6845,V4 池,33.706446534391,V3 池,33.659312398126445,0.139837
2025-12-03T11:22:45.694Z,33.659312398126445,33.706446534391,33.6845,33.6845,V4 池,33.706446534391,V3 池,33.659312398126445,0.139837
2025-12-03T11:22:45.770Z,33.659312398126445,33.706446534391,33.6845,33.6845,V4 池,33.706446534391,V3 池,33.659312398126445,0.139837
2025-12-03T11:22:45.903Z,33.659312398126445,33.706446534391,33.6845,33.6845,V4 池,33.706446534391,V3 池,33.659312398126445,0.139837
2025-12-03T11:22:50.555Z,33.659312398126445,33.706446534391,33.6905,33.6905,V4 池,33.706446534391,V3 池,33.659312398126445,0.139837
2025-12-03T11:22:50.607Z,33.659312398126445,33.706446534391,33.6905,33.6905,V4 池,33.706446534391,V3 池,33.659312398126445,0.139837
2025-12-03T11:22:50.619Z,33.659312398126445,33.706446534391,33.6905,33.6905,V4 池,33.706446534391,V3 池,33.659312398126445,0.139837
2025-12-03T11:22:50.714Z,33.659312398126445,33.706446534391,33.6905,33.6905,V4 池,33.706446534391,V3 池,33.659312398126445,0.139837
2025-12-03T11:22:50.766Z,33.659312398126445,33.706446534391,33.6905,33.6905,V4 池,33.706446534391,V3 池,33.659312398126445,0.139837
2025-12-03T11:22:50.876Z,33.659312398126445,33.706446534391,33.6905,33.6905,V4 池,33.706446534391,V3 池,33.659312398126445,0.139837
2025-12-03T11:22:55.569Z,33.659312398126445,33.706446534391,33.6905,33.6905,V4 池,33.706446534391,V3 池,33.659312398126445,0.139837
2025-12-03T11:22:55.569Z,33.659312398126445,33.706446534391,33.6905,33.6905,V4 池,33.706446534391,V3 池,33.659312398126445,0.139837
2025-12-03T11:22:55.616Z,33.659312398126445,33.706446534391,33.6905,33.6905,V4 池,33.706446534391,V3 池,33.659312398126445,0.139837
2025-12-03T11:22:55.672Z,33.659312398126445,33.706446534391,33.6905,33.6905,V4 池,33.706446534391,V3 池,33.659312398126445,0.139837
2025-12-03T11:22:55.758Z,33.659312398126445,33.706446534391,33.6905,33.6905,V4 池,33.706446534391,V3 池,33.659312398126445,0.139837
2025-12-03T11:22:55.871Z,33.659312398126445,33.706446534391,33.6905,33.6905,V4 池,33.706446534391,V3 池,33.659312398126445,0.139837
2025-12-03T11:23:00.569Z,33.659312398126445,33.706446534391,33.695,33.695,V4 池,33.706446534391,V3 池,33.659312398126445,0.139837
2025-12-03T11:23:00.608Z,33.659312398126445,33.706446534391,33.695,33.695,V4 池,33.706446534391,V3 池,33.659312398126445,0.139837
2025-12-03T11:23:00.641Z,33.659312398126445,33.706446534391,33.695,33.695,V4 池,33.706446534391,V3 池,33.659312398126445,0.139837
2025-12-03T11:23:00.663Z,33.659312398126445,33.706446534391,33.695,33.695,V4 池,33.706446534391,V3 池,33.659312398126445,0.139837
2025-12-03T11:23:00.881Z,33.659312398126445,33.706446534391,33.695,33.695,V4 池,33.706446534391,V3 池,33.659312398126445,0.139837
2025-12-03T11:23:00.954Z,33.659312398126445,33.706446534391,33.695,33.695,V4 池,33.706446534391,V3 池,33.659312398126445,0.139837
2025-12-03T11:23:05.551Z,33.659312398126445,33.706446534391,33.7075,33.7075,现货价格,33.7075,V3 池,33.659312398126445,0.142958
2025-12-03T11:23:05.557Z,33.659312398126445,33.706446534391,33.7075,33.7075,现货价格,33.7075,V3 池,33.659312398126445,0.142958
2025-12-03T11:23:05.661Z,33.659312398126445,33.706446534391,33.7075,33.7075,现货价格,33.7075,V3 池,33.659312398126445,0.142958
2025-12-03T11:23:05.707Z,33.659312398126445,33.706446534391,33.7075,33.7075,现货价格,33.7075,V3 池,33.659312398126445,0.142958
2025-12-03T11:23:05.760Z,33.659312398126445,33.706446534391,33.7075,33.7075,现货价格,33.7075,V3 池,33.659312398126445,0.142958
2025-12-03T11:23:05.873Z,33.659312398126445,33.706446534391,33.7075,33.7075,现货价格,33.7075,V3 池,33.659312398126445,0.142958
2025-12-03T11:23:10.566Z,33.67601237283156,33.708458993277624,33.722,33.722,现货价格,33.722,V3 池,33.67601237283156,0.136373
2025-12-03T11:23:10.572Z,33.67601237283156,33.708458993277624,33.7215,33.7215,现货价格,33.7215,V3 池,33.67601237283156,0.134892
2025-12-03T11:23:10.619Z,33.67601237283156,33.708458993277624,33.7285,33.7285,现货价格,33.7285,V3 池,33.67601237283156,0.155618
2025-12-03T11:23:10.652Z,33.67601237283156,33.708458993277624,33.7285,33.7285,现货价格,33.7285,V3 池,33.67601237283156,0.155618
2025-12-03T11:23:10.764Z,33.67601237283156,33.708458993277624,33.7215,33.7215,现货价格,33.7215,V3 池,33.67601237283156,0.134892
2025-12-03T11:23:10.914Z,33.67601237283156,33.708458993277624,33.7285,33.7285,现货价格,33.7285,V3 池,33.67601237283156,0.155618
2025-12-03T11:23:15.569Z,33.67601237283156,33.708458993277624,33.7115,33.7115,现货价格,33.7115,V3 池,33.67601237283156,0.105269
2025-12-03T11:23:15.577Z,33.67601237283156,33.708458993277624,33.7115,33.7115,现货价格,33.7115,V3 池,33.67601237283156,0.105269
2025-12-03T11:23:15.609Z,33.67601237283156,33.708458993277624,33.7115,33.7115,现货价格,33.7115,V3 池,33.67601237283156,0.105269
2025-12-03T11:23:15.667Z,33.67601237283156,33.708458993277624,33.7115,33.7115,现货价格,33.7115,V3 池,33.67601237283156,0.105269
2025-12-03T11:23:15.762Z,33.67601237283156,33.708458993277624,33.711,33.711,现货价格,33.711,V3 池,33.67601237283156,0.103787
2025-12-03T11:23:15.928Z,33.67601237283156,33.708458993277624,33.711,33.711,现货价格,33.711,V3 池,33.67601237283156,0.103787
2025-12-03T11:23:20.548Z,33.67601237283156,33.708458993277624,33.7125,33.7125,现货价格,33.7125,V3 池,33.67601237283156,0.108232
2025-12-03T11:23:20.601Z,33.67601237283156,33.708458993277624,33.7125,33.7125,现货价格,33.7125,V3 池,33.67601237283156,0.108232
2025-12-03T11:23:20.606Z,33.67601237283156,33.708458993277624,33.7125,33.7125,现货价格,33.7125,V3 池,33.67601237283156,0.108232
2025-12-03T11:23:20.645Z,33.67601237283156,33.708458993277624,33.7125,33.7125,现货价格,33.7125,V3 池,33.67601237283156,0.108232
2025-12-03T11:23:20.759Z,33.67601237283156,33.708458993277624,33.7125,33.7125,现货价格,33.7125,V3 池,33.67601237283156,0.108232
2025-12-03T11:23:20.886Z,33.67601237283156,33.708458993277624,33.7105,33.7105,现货价格,33.7105,V3 池,33.67601237283156,0.102305
2025-12-03T11:23:28.520Z,33.67601237283156,33.71246730049308,33.6865,33.6865,V4 池,33.71246730049308,V3 池,33.67601237283156,0.108135
2025-12-03T11:23:28.520Z,33.67601237283156,33.71246730049308,33.6865,33.6865,V4 池,33.71246730049308,V3 池,33.67601237283156,0.108135
2025-12-03T11:23:28.521Z,33.67601237283156,33.71246730049308,33.6865,33.6865,V4 池,33.71246730049308,V3 池,33.67601237283156,0.108135
2025-12-03T11:23:28.522Z,33.67601237283156,33.71246730049308,33.6865,33.6865,V4 池,33.71246730049308,V3 池,33.67601237283156,0.108135
2025-12-03T11:23:28.522Z,33.67601237283156,33.71246730049308,33.6865,33.6865,V4 池,33.71246730049308,V3 池,33.67601237283156,0.108135
2025-12-03T11:23:28.522Z,33.67601237283156,33.71246730049308,33.6865,33.6865,V4 池,33.71246730049308,V3 池,33.67601237283156,0.108135
2025-12-03T11:23:30.549Z,33.67601237283156,33.71246730049308,33.686,33.686,V4 池,33.71246730049308,V3 池,33.67601237283156,0.108135
2025-12-03T11:23:30.654Z,33.67601237283156,33.71246730049308,33.686,33.686,V4 池,33.71246730049308,V3 池,33.67601237283156,0.108135
2025-12-03T11:23:30.728Z,33.67601237283156,33.71246730049308,33.686,33.686,V4 池,33.71246730049308,V3 池,33.67601237283156,0.108135
2025-12-03T11:23:30.742Z,33.67601237283156,33.71246730049308,33.686,33.686,V4 池,33.71246730049308,V3 池,33.67601237283156,0.108135
2025-12-03T11:23:30.763Z,33.67601237283156,33.71246730049308,33.686,33.686,V4 池,33.71246730049308,V3 池,33.67601237283156,0.108135
2025-12-03T11:23:30.872Z,33.67601237283156,33.71246730049308,33.686,33.686,V4 池,33.71246730049308,V3 池,33.67601237283156,0.108135
2025-12-03T11:23:43.269Z,33.67601237283156,33.71246730049308,33.6795,33.6795,V4 池,33.71246730049308,V3 池,33.67601237283156,0.108135,0.00,0.00
2025-12-03T11:23:43.354Z,33.67601237283156,33.71246730049308,33.6795,33.6795,V4 池,33.71246730049308,V3 池,33.67601237283156,0.108135,0.00,0.00
2025-12-03T11:23:43.366Z,33.67601237283156,33.71246730049308,33.6795,33.6795,V4 池,33.71246730049308,V3 池,33.67601237283156,0.108135,0.00,0.00
2025-12-03T11:23:43.385Z,33.67601237283156,33.71246730049308,33.6795,33.6795,V4 池,33.71246730049308,V3 池,33.67601237283156,0.108135,0.00,0.00
2025-12-03T11:23:43.406Z,33.67601237283156,33.71246730049308,33.6795,33.6795,V4 池,33.71246730049308,V3 池,33.67601237283156,0.108135,0.00,0.00
2025-12-03T11:23:43.464Z,33.67601237283156,33.71246730049308,33.6795,33.6795,V4 池,33.71246730049308,V3 池,33.67601237283156,0.108135,0.00,0.00
2025-12-03T11:23:48.305Z,33.67601237283156,33.71246730049308,33.6795,33.6795,V4 池,33.71246730049308,V3 池,33.67601237283156,0.108135,0.00,0.00
2025-12-03T11:23:48.352Z,33.67601237283156,33.71246730049308,33.6795,33.6795,V4 池,33.71246730049308,V3 池,33.67601237283156,0.108135,0.00,0.00
2025-12-03T11:23:48.442Z,33.67601237283156,33.71246730049308,33.6795,33.6795,V4 池,33.71246730049308,V3 池,33.67601237283156,0.108135,0.00,0.00
2025-12-03T11:23:48.443Z,33.67601237283156,33.71246730049308,33.6795,33.6795,V4 池,33.71246730049308,V3 池,33.67601237283156,0.108135,0.00,0.00
2025-12-03T11:23:48.548Z,33.67601237283156,33.71246730049308,33.6795,33.6795,V4 池,33.71246730049308,V3 池,33.67601237283156,0.108135,0.00,0.00
2025-12-03T11:23:48.637Z,33.67601237283156,33.71246730049308,33.6795,33.6795,V4 池,33.71246730049308,V3 池,33.67601237283156,0.108135,0.00,0.00
2025-12-03T11:23:53.191Z,33.67601237283156,33.71246730049308,33.6885,33.6885,V4 池,33.71246730049308,V3 池,33.67601237283156,0.108135,0.00,0.00
2025-12-03T11:23:53.279Z,33.67601237283156,33.71246730049308,33.6885,33.6885,V4 池,33.71246730049308,V3 池,33.67601237283156,0.108135,0.00,0.00
2025-12-03T11:23:53.300Z,33.67601237283156,33.71246730049308,33.6885,33.6885,V4 池,33.71246730049308,V3 池,33.67601237283156,0.108135,0.00,0.00
2025-12-03T11:23:53.412Z,33.67601237283156,33.71246730049308,33.6885,33.6885,V4 池,33.71246730049308,V3 池,33.67601237283156,0.108135,0.00,0.00
2025-12-03T11:23:53.479Z,33.67601237283156,33.71246730049308,33.6885,33.6885,V4 池,33.71246730049308,V3 池,33.67601237283156,0.108135,0.00,0.00
2025-12-03T11:23:55.447Z,33.67601237283156,33.71246730049308,33.6885,33.6885,V4 池,33.71246730049308,V3 池,33.67601237283156,0.108135,0.00,0.00
2025-12-03T11:23:58.191Z,33.67601237283156,33.71246730049308,33.6955,33.6955,V4 池,33.71246730049308,V3 池,33.67601237283156,0.108135,0.00,0.00
2025-12-03T11:23:58.215Z,33.67601237283156,33.71246730049308,33.6955,33.6955,V4 池,33.71246730049308,V3 池,33.67601237283156,0.108135,0.00,0.00
2025-12-03T11:23:58.279Z,33.67601237283156,33.71246730049308,33.6955,33.6955,V4 池,33.71246730049308,V3 池,33.67601237283156,0.108135,0.00,0.00
2025-12-03T11:23:58.295Z,33.67601237283156,33.71246730049308,33.6955,33.6955,V4 池,33.71246730049308,V3 池,33.67601237283156,0.108135,0.00,0.00
2025-12-03T11:23:58.353Z,33.67601237283156,33.71246730049308,33.6955,33.6955,V4 池,33.71246730049308,V3 池,33.67601237283156,0.108135,0.00,0.00
2025-12-03T11:23:59.683Z,33.67601237283156,33.71246730049308,33.6955,33.6955,V4 池,33.71246730049308,V3 池,33.67601237283156,0.108135,0.00,0.00
2025-12-03T11:24:00.296Z,33.67601237283156,33.71246730049308,33.6955,33.6955,V4 池,33.71246730049308,V3 池,33.67601237283156,0.108135,0.00,0.00
2025-12-03T11:24:03.296Z,33.67601237283156,33.71246730049308,33.6955,33.6955,V4 池,33.71246730049308,V3 池,33.67601237283156,0.108135,0.00,0.00
2025-12-03T11:24:03.358Z,33.67601237283156,33.71246730049308,33.6955,33.6955,V4 池,33.71246730049308,V3 池,33.67601237283156,0.108135,0.00,0.00
2025-12-03T11:24:03.360Z,33.67601237283156,33.71246730049308,33.6955,33.6955,V4 池,33.71246730049308,V3 池,33.67601237283156,0.108135,0.00,0.00
2025-12-03T11:24:03.362Z,33.67601237283156,33.71246730049308,33.6955,33.6955,V4 池,33.71246730049308,V3 池,33.67601237283156,0.108135,0.00,0.00
2025-12-03T11:24:03.499Z,33.67601237283156,33.71246730049308,33.6955,33.6955,V4 池,33.71246730049308,V3 池,33.67601237283156,0.108135,0.00,0.00
2025-12-03T11:24:03.696Z,33.67601237283156,33.71246730049308,33.6955,33.6955,V4 池,33.71246730049308,V3 池,33.67601237283156,0.108135,0.00,0.00
2025-12-03T11:24:05.420Z,33.67601237283156,33.71246730049308,33.6955,33.6955,V4 池,33.71246730049308,V3 池,33.67601237283156,0.108135,0.00,0.00
2025-12-03T11:24:08.224Z,33.67601237283156,33.71246730049308,33.6955,33.6955,V4 池,33.71246730049308,V3 池,33.67601237283156,0.108135,0.00,0.00
2025-12-03T11:24:08.318Z,33.67601237283156,33.71246730049308,33.6955,33.6955,V4 池,33.71246730049308,V3 池,33.67601237283156,0.108135,0.00,0.00
2025-12-03T11:24:08.420Z,33.67601237283156,33.71246730049308,33.6955,33.6955,V4 池,33.71246730049308,V3 池,33.67601237283156,0.108135,0.00,0.00
2025-12-03T11:24:08.486Z,33.67601237283156,33.71246730049308,33.6955,33.6955,V4 池,33.71246730049308,V3 池,33.67601237283156,0.108135,0.00,0.00
2025-12-03T11:24:08.556Z,33.67601237283156,33.71246730049308,33.6955,33.6955,V4 池,33.71246730049308,V3 池,33.67601237283156,0.108135,0.00,0.00
2025-12-03T11:24:08.560Z,33.67601237283156,33.71246730049308,33.6955,33.6955,V4 池,33.71246730049308,V3 池,33.67601237283156,0.108135,0.00,0.00
2025-12-03T11:24:10.552Z,33.67601237283156,33.71246730049308,33.69,33.69,V4 池,33.71246730049308,V3 池,33.67601237283156,0.108135,0.00,0.00
2025-12-03T11:24:13.274Z,33.67601237283156,33.71246730049308,33.6915,33.6915,V4 池,33.71246730049308,V3 池,33.67601237283156,0.108135,0.00,0.00
2025-12-03T11:24:13.280Z,33.67601237283156,33.71246730049308,33.6915,33.6915,V4 池,33.71246730049308,V3 池,33.67601237283156,0.108135,0.00,0.00
2025-12-03T11:24:13.359Z,33.67601237283156,33.71246730049308,33.6915,33.6915,V4 池,33.71246730049308,V3 池,33.67601237283156,0.108135,0.00,0.00
2025-12-03T11:24:13.378Z,33.67601237283156,33.71246730049308,33.6915,33.6915,V4 池,33.71246730049308,V3 池,33.67601237283156,0.108135,0.00,0.00
2025-12-03T11:24:13.398Z,33.67601237283156,33.71246730049308,33.6915,33.6915,V4 池,33.71246730049308,V3 池,33.67601237283156,0.108135,0.00,0.00
2025-12-03T11:24:13.782Z,33.67601237283156,33.71246730049308,33.6915,33.6915,V4 池,33.71246730049308,V3 池,33.67601237283156,0.108135,0.00,0.00
2025-12-03T11:24:15.598Z,33.67601237283156,33.71246730049308,33.6885,33.6885,V4 池,33.71246730049308,V3 池,33.67601237283156,0.108135,0.00,0.00
2025-12-03T11:24:18.184Z,33.67601237283156,33.71246730049308,33.6965,33.6965,V4 池,33.71246730049308,V3 池,33.67601237283156,0.108135,0.00,0.00
2025-12-03T11:24:18.240Z,33.67601237283156,33.71246730049308,33.6965,33.6965,V4 池,33.71246730049308,V3 池,33.67601237283156,0.108135,0.00,0.00
2025-12-03T11:24:18.295Z,33.67601237283156,33.71246730049308,33.6965,33.6965,V4 池,33.71246730049308,V3 池,33.67601237283156,0.108135,0.00,0.00
2025-12-03T11:24:18.339Z,33.67601237283156,33.71246730049308,33.6965,33.6965,V4 池,33.71246730049308,V3 池,33.67601237283156,0.108135,0.00,0.00
2025-12-03T11:24:18.374Z,33.67601237283156,33.71246730049308,33.6965,33.6965,V4 池,33.71246730049308,V3 池,33.67601237283156,0.108135,0.00,0.00
2025-12-03T11:24:18.614Z,33.67601237283156,33.71246730049308,33.6965,33.6965,V4 池,33.71246730049308,V3 池,33.67601237283156,0.108135,0.00,0.00
2025-12-03T11:24:20.440Z,33.67601237283156,33.71246730049308,33.696,33.696,V4 池,33.71246730049308,V3 池,33.67601237283156,0.108135,0.00,0.00
2025-12-03T11:24:23.196Z,33.67601237283156,33.71246730049308,33.6975,33.6975,V4 池,33.71246730049308,V3 池,33.67601237283156,0.108135,0.00,0.00
2025-12-03T11:24:23.215Z,33.67601237283156,33.71246730049308,33.6975,33.6975,V4 池,33.71246730049308,V3 池,33.67601237283156,0.108135,0.00,0.00
2025-12-03T11:24:23.278Z,33.67601237283156,33.71246730049308,33.6975,33.6975,V4 池,33.71246730049308,V3 池,33.67601237283156,0.108135,0.00,0.00
2025-12-03T11:24:23.315Z,33.67601237283156,33.71246730049308,33.6975,33.6975,V4 池,33.71246730049308,V3 池,33.67601237283156,0.108135,0.00,0.00
2025-12-03T11:24:23.398Z,33.67601237283156,33.71246730049308,33.6975,33.6975,V4 池,33.71246730049308,V3 池,33.67601237283156,0.108135,0.00,0.00
2025-12-03T11:24:23.656Z,33.67601237283156,33.71246730049308,33.6975,33.6975,V4 池,33.71246730049308,V3 池,33.67601237283156,0.108135,0.00,0.00
2025-12-03T11:24:25.551Z,33.67601237283156,33.71246730049308,33.6975,33.6975,V4 池,33.71246730049308,V3 池,33.67601237283156,0.108135,0.00,0.00
2025-12-03T11:24:28.276Z,33.67601237283156,33.71246730049308,33.6975,33.6975,V4 池,33.71246730049308,V3 池,33.67601237283156,0.108135,0.00,0.00
2025-12-03T11:24:28.305Z,33.67601237283156,33.71246730049308,33.6975,33.6975,V4 池,33.71246730049308,V3 池,33.67601237283156,0.108135,0.00,0.00
2025-12-03T11:24:28.324Z,33.67601237283156,33.71246730049308,33.6975,33.6975,V4 池,33.71246730049308,V3 池,33.67601237283156,0.108135,0.00,0.00
2025-12-03T11:24:28.334Z,33.67601237283156,33.71246730049308,33.6975,33.6975,V4 池,33.71246730049308,V3 池,33.67601237283156,0.108135,0.00,0.00
2025-12-03T11:24:28.379Z,33.67601237283156,33.71246730049308,33.6975,33.6975,V4 池,33.71246730049308,V3 池,33.67601237283156,0.108135,0.00,0.00
2025-12-03T11:24:28.534Z,33.67601237283156,33.71246730049308,33.6975,33.6975,V4 池,33.71246730049308,V3 池,33.67601237283156,0.108135,0.00,0.00
2025-12-03T11:24:30.603Z,33.67601237283156,33.71246730049308,33.6975,33.6975,V4 池,33.71246730049308,V3 池,33.67601237283156,0.108135,0.00,0.00
2025-12-03T11:24:33.193Z,33.67601237283156,33.71246730049308,33.7165,33.7165,现货价格,33.7165,V3 池,33.67601237283156,0.120083,0.00,0.00
2025-12-03T11:24:33.262Z,33.67601237283156,33.71246730049308,33.7165,33.7165,现货价格,33.7165,V3 池,33.67601237283156,0.120083,0.00,0.00
2025-12-03T11:24:33.312Z,33.67601237283156,33.71246730049308,33.7165,33.7165,现货价格,33.7165,V3 池,33.67601237283156,0.120083,0.00,0.00
2025-12-03T11:24:33.321Z,33.67601237283156,33.71246730049308,33.7165,33.7165,现货价格,33.7165,V3 池,33.67601237283156,0.120083,0.00,0.00
2025-12-03T11:24:33.335Z,33.67601237283156,33.71246730049308,33.7165,33.7165,现货价格,33.7165,V3 池,33.67601237283156,0.120083,0.00,0.00
2025-12-03T11:24:33.660Z,33.67601237283156,33.71246730049308,33.7165,33.7165,现货价格,33.7165,V3 池,33.67601237283156,0.120083,0.00,0.00
2025-12-03T11:24:35.564Z,33.67601237283156,33.71246730049308,33.7185,33.7185,现货价格,33.7185,V3 池,33.67601237283156,0.126007,0.00,0.00
2025-12-03T11:24:38.285Z,33.67601237283156,33.71246730049308,33.7195,33.7195,现货价格,33.7195,V3 池,33.67601237283156,0.128969,0.00,0.00
2025-12-03T11:24:38.311Z,33.67601237283156,33.71246730049308,33.7195,33.7195,现货价格,33.7195,V3 池,33.67601237283156,0.128969,0.00,0.00
2025-12-03T11:24:38.339Z,33.67601237283156,33.71246730049308,33.7195,33.7195,现货价格,33.7195,V3 池,33.67601237283156,0.128969,0.00,0.00
2025-12-03T11:24:38.387Z,33.67601237283156,33.71246730049308,33.7195,33.7195,现货价格,33.7195,V3 池,33.67601237283156,0.128969,0.00,0.00
2025-12-03T11:24:38.392Z,33.67601237283156,33.71246730049308,33.7195,33.7195,现货价格,33.7195,V3 池,33.67601237283156,0.128969,0.00,0.00
2025-12-03T11:24:38.717Z,33.67601237283156,33.71246730049308,33.7195,33.7195,现货价格,33.7195,V3 池,33.67601237283156,0.128969,0.00,0.00
2025-12-03T11:24:40.772Z,33.67601237283156,33.71246730049308,33.7195,33.7195,现货价格,33.7195,V3 池,33.67601237283156,0.128969,0.00,0.00
2025-12-03T11:24:43.277Z,33.67601237283156,33.71246730049308,33.7175,33.7175,现货价格,33.7175,V3 池,33.67601237283156,0.123045,0.00,0.00
2025-12-03T11:24:43.315Z,33.67601237283156,33.71246730049308,33.7175,33.7175,现货价格,33.7175,V3 池,33.67601237283156,0.123045,0.00,0.00
2025-12-03T11:24:43.372Z,33.67601237283156,33.71246730049308,33.7175,33.7175,现货价格,33.7175,V3 池,33.67601237283156,0.123045,0.00,0.00
2025-12-03T11:24:43.378Z,33.67601237283156,33.71246730049308,33.7175,33.7175,现货价格,33.7175,V3 池,33.67601237283156,0.123045,0.00,0.00
2025-12-03T11:24:43.406Z,33.67601237283156,33.71246730049308,33.7175,33.7175,现货价格,33.7175,V3 池,33.67601237283156,0.123045,0.00,0.00
2025-12-03T11:24:43.656Z,33.67601237283156,33.71246730049308,33.7175,33.7175,现货价格,33.7175,V3 池,33.67601237283156,0.123045,0.00,0.00
2025-12-03T11:24:45.892Z,33.67601237283156,33.71246730049308,33.7085,33.7085,V4 池,33.71246730049308,V3 池,33.67601237283156,0.108135,0.00,0.00
2025-12-03T11:24:48.185Z,33.67601237283156,33.71246730049308,33.7125,33.7125,现货价格,33.7125,V3 池,33.67601237283156,0.108232,0.00,0.00
2025-12-03T11:24:48.197Z,33.67601237283156,33.71246730049308,33.7125,33.7125,现货价格,33.7125,V3 池,33.67601237283156,0.108232,0.00,0.00
2025-12-03T11:24:48.225Z,33.67601237283156,33.71246730049308,33.7125,33.7125,现货价格,33.7125,V3 池,33.67601237283156,0.108232,0.00,0.00
2025-12-03T11:24:48.325Z,33.67601237283156,33.71246730049308,33.7125,33.7125,现货价格,33.7125,V3 池,33.67601237283156,0.108232,0.00,0.00
2025-12-03T11:24:48.389Z,33.67601237283156,33.71246730049308,33.7125,33.7125,现货价格,33.7125,V3 池,33.67601237283156,0.108232,0.00,0.00
2025-12-03T11:24:48.556Z,33.67601237283156,33.71246730049308,33.7125,33.7125,现货价格,33.7125,V3 池,33.67601237283156,0.108232,0.00,0.00
2025-12-03T11:24:50.777Z,33.67601237283156,33.71246730049308,33.7095,33.7095,V4 池,33.71246730049308,V3 池,33.67601237283156,0.108135,0.00,0.00
2025-12-03T11:24:53.227Z,33.67601237283156,33.71246730049308,33.7195,33.7195,现货价格,33.7195,V3 池,33.67601237283156,0.128969,0.00,0.00
2025-12-03T11:24:53.242Z,33.67601237283156,33.71246730049308,33.7195,33.7195,现货价格,33.7195,V3 池,33.67601237283156,0.128969,0.00,0.00
2025-12-03T11:24:53.351Z,33.67601237283156,33.71246730049308,33.7195,33.7195,现货价格,33.7195,V3 池,33.67601237283156,0.128969,0.00,0.00
2025-12-03T11:24:53.351Z,33.67601237283156,33.71246730049308,33.7195,33.7195,现货价格,33.7195,V3 池,33.67601237283156,0.128969,0.00,0.00
2025-12-03T11:24:53.384Z,33.67601237283156,33.71246730049308,33.7195,33.7195,现货价格,33.7195,V3 池,33.67601237283156,0.128969,0.00,0.00
2025-12-03T11:24:53.563Z,33.67601237283156,33.71246730049308,33.7195,33.7195,现货价格,33.7195,V3 池,33.67601237283156,0.128969,0.00,0.00
2025-12-03T11:24:56.043Z,33.67601237283156,33.71246730049308,33.7195,33.7195,现货价格,33.7195,V3 池,33.67601237283156,0.128969,0.00,0.00
2025-12-03T11:24:58.227Z,33.67601237283156,33.71246730049308,33.7195,33.7195,现货价格,33.7195,V3 池,33.67601237283156,0.128969,0.00,0.00
2025-12-03T11:24:58.308Z,33.67601237283156,33.71246730049308,33.7195,33.7195,现货价格,33.7195,V3 池,33.67601237283156,0.128969,0.00,0.00
2025-12-03T11:24:58.324Z,33.67601237283156,33.71246730049308,33.7195,33.7195,现货价格,33.7195,V3 池,33.67601237283156,0.128969,0.00,0.00
2025-12-03T11:24:58.369Z,33.67601237283156,33.71246730049308,33.7195,33.7195,现货价格,33.7195,V3 池,33.67601237283156,0.128969,0.00,0.00
2025-12-03T11:24:58.373Z,33.67601237283156,33.71246730049308,33.7195,33.7195,现货价格,33.7195,V3 池,33.67601237283156,0.128969,0.00,0.00
2025-12-03T11:24:58.507Z,33.67601237283156,33.71246730049308,33.7195,33.7195,现货价格,33.7195,V3 池,33.67601237283156,0.128969,0.00,0.00
2025-12-03T11:25:01.128Z,33.67601237283156,33.71246730049308,33.7295,33.7295,现货价格,33.7295,V3 池,33.67601237283156,0.158578,0.00,0.00
2025-12-03T11:25:03.241Z,33.67601237283156,33.71246730049308,33.728,33.728,现货价格,33.728,V3 池,33.67601237283156,0.154138,0.00,0.00
2025-12-03T11:25:03.304Z,33.67601237283156,33.71246730049308,33.728,33.728,现货价格,33.728,V3 池,33.67601237283156,0.154138,0.00,0.00
2025-12-03T11:25:03.314Z,33.67601237283156,33.71246730049308,33.728,33.728,现货价格,33.728,V3 池,33.67601237283156,0.154138,0.00,0.00
2025-12-03T11:25:03.327Z,33.67601237283156,33.71246730049308,33.728,33.728,现货价格,33.728,V3 池,33.67601237283156,0.154138,0.00,0.00
2025-12-03T11:25:03.360Z,33.67601237283156,33.71246730049308,33.728,33.728,现货价格,33.728,V3 池,33.67601237283156,0.154138,0.00,0.00
2025-12-03T11:25:03.700Z,33.67601237283156,33.71246730049308,33.7275,33.7275,现货价格,33.7275,V3 池,33.67601237283156,0.152658,0.00,0.00
2025-12-03T11:25:05.660Z,33.67601237283156,33.71246730049308,33.7305,33.7305,现货价格,33.7305,V3 池,33.67601237283156,0.161538,0.00,0.00
2025-12-03T11:25:08.261Z,33.67601237283156,33.71246730049308,33.7265,33.7265,现货价格,33.7265,V3 池,33.67601237283156,0.149697,0.00,0.00
2025-12-03T11:25:08.333Z,33.67601237283156,33.71246730049308,33.7265,33.7265,现货价格,33.7265,V3 池,33.67601237283156,0.149697,0.00,0.00
2025-12-03T11:25:08.395Z,33.67601237283156,33.71246730049308,33.7265,33.7265,现货价格,33.7265,V3 池,33.67601237283156,0.149697,0.00,0.00
2025-12-03T11:25:08.413Z,33.67601237283156,33.71246730049308,33.7265,33.7265,现货价格,33.7265,V3 池,33.67601237283156,0.149697,0.00,0.00
2025-12-03T11:25:08.496Z,33.67601237283156,33.71246730049308,33.7265,33.7265,现货价格,33.7265,V3 池,33.67601237283156,0.149697,0.00,0.00
2025-12-03T11:25:08.614Z,33.67601237283156,33.71246730049308,33.7245,33.7245,现货价格,33.7245,V3 池,33.67601237283156,0.143776,0.00,0.00
2025-12-03T11:25:10.977Z,33.67601237283156,33.71246730049308,33.7245,33.7245,现货价格,33.7245,V3 池,33.67601237283156,0.143776,0.00,0.00
2025-12-03T11:25:13.187Z,33.67601237283156,33.71246730049308,33.7185,33.7185,现货价格,33.7185,V3 池,33.67601237283156,0.126007,0.00,0.00
2025-12-03T11:25:13.281Z,33.67601237283156,33.71246730049308,33.7185,33.7185,现货价格,33.7185,V3 池,33.67601237283156,0.126007,0.00,0.00
2025-12-03T11:25:13.290Z,33.67601237283156,33.71246730049308,33.7185,33.7185,现货价格,33.7185,V3 池,33.67601237283156,0.126007,0.00,0.00
2025-12-03T11:25:13.309Z,33.67601237283156,33.71246730049308,33.7185,33.7185,现货价格,33.7185,V3 池,33.67601237283156,0.126007,0.00,0.00
2025-12-03T11:25:13.478Z,33.67601237283156,33.71246730049308,33.7185,33.7185,现货价格,33.7185,V3 池,33.67601237283156,0.126007,0.00,0.00
2025-12-03T11:25:13.513Z,33.67601237283156,33.71246730049308,33.7185,33.7185,现货价格,33.7185,V3 池,33.67601237283156,0.126007,0.00,0.00
2025-12-03T11:25:15.759Z,33.67601237283156,33.71246730049308,33.7155,33.7155,现货价格,33.7155,V3 池,33.67601237283156,0.117120,0.00,0.00
2025-12-03T11:25:18.254Z,33.67601237283156,33.71246730049308,33.7125,33.7125,现货价格,33.7125,V3 池,33.67601237283156,0.108232,0.00,0.00
2025-12-03T11:25:18.298Z,33.67601237283156,33.71246730049308,33.7125,33.7125,现货价格,33.7125,V3 池,33.67601237283156,0.108232,0.00,0.00
2025-12-03T11:25:18.300Z,33.67601237283156,33.71246730049308,33.7125,33.7125,现货价格,33.7125,V3 池,33.67601237283156,0.108232,0.00,0.00
2025-12-03T11:25:18.313Z,33.67601237283156,33.71246730049308,33.7125,33.7125,现货价格,33.7125,V3 池,33.67601237283156,0.108232,0.00,0.00
2025-12-03T11:25:18.467Z,33.67601237283156,33.71246730049308,33.7125,33.7125,现货价格,33.7125,V3 池,33.67601237283156,0.108232,0.00,0.00
2025-12-03T11:25:18.479Z,33.67601237283156,33.71246730049308,33.7125,33.7125,现货价格,33.7125,V3 池,33.67601237283156,0.108232,0.00,0.00
2025-12-03T11:25:20.884Z,33.67601237283156,33.71246730049308,33.7135,33.7135,现货价格,33.7135,V3 池,33.67601237283156,0.111195,0.00,0.00
2025-12-03T11:25:23.279Z,33.67601237283156,33.71246730049308,33.715,33.715,现货价格,33.715,V3 池,33.67601237283156,0.115639,0.00,0.00
2025-12-03T11:25:23.354Z,33.67601237283156,33.71246730049308,33.7125,33.7125,现货价格,33.7125,V3 池,33.67601237283156,0.108232,0.00,0.00
2025-12-03T11:25:23.427Z,33.67601237283156,33.71246730049308,33.7125,33.7125,现货价格,33.7125,V3 池,33.67601237283156,0.108232,0.00,0.00
2025-12-03T11:25:23.454Z,33.67601237283156,33.71246730049308,33.7125,33.7125,现货价格,33.7125,V3 池,33.67601237283156,0.108232,0.00,0.00
2025-12-03T11:25:23.533Z,33.67601237283156,33.71246730049308,33.7125,33.7125,现货价格,33.7125,V3 池,33.67601237283156,0.108232,0.00,0.00
2025-12-03T11:25:23.594Z,33.67601237283156,33.71246730049308,33.7125,33.7125,现货价格,33.7125,V3 池,33.67601237283156,0.108232,0.00,0.00
2025-12-03T11:25:26.035Z,33.67601237283156,33.71246730049308,33.7125,33.7125,现货价格,33.7125,V3 池,33.67601237283156,0.108232,0.00,0.00
2025-12-03T11:25:28.231Z,33.67601237283156,33.71246730049308,33.7125,33.7125,现货价格,33.7125,V3 池,33.67601237283156,0.108232,0.00,0.00
2025-12-03T11:25:28.270Z,33.67601237283156,33.71246730049308,33.7125,33.7125,现货价格,33.7125,V3 池,33.67601237283156,0.108232,0.00,0.00
2025-12-03T11:25:28.278Z,33.67601237283156,33.71246730049308,33.7125,33.7125,现货价格,33.7125,V3 池,33.67601237283156,0.108232,0.00,0.00
2025-12-03T11:25:28.385Z,33.67601237283156,33.71246730049308,33.7125,33.7125,现货价格,33.7125,V3 池,33.67601237283156,0.108232,0.00,0.00
2025-12-03T11:25:28.462Z,33.67601237283156,33.71246730049308,33.7125,33.7125,现货价格,33.7125,V3 池,33.67601237283156,0.108232,0.00,0.00
2025-12-03T11:25:28.498Z,33.67601237283156,33.71246730049308,33.715,33.715,现货价格,33.715,V3 池,33.67601237283156,0.115639,0.00,0.00
2025-12-03T11:25:30.739Z,33.67601237283156,33.71246730049308,33.722,33.722,现货价格,33.722,V3 池,33.67601237283156,0.136373,0.00,0.00
2025-12-03T11:25:33.204Z,33.67601237283156,33.71246730049308,33.7225,33.7225,现货价格,33.7225,V3 池,33.67601237283156,0.137853,0.00,0.00
2025-12-03T11:25:33.263Z,33.67601237283156,33.71246730049308,33.7225,33.7225,现货价格,33.7225,V3 池,33.67601237283156,0.137853,0.00,0.00
2025-12-03T11:25:33.352Z,33.67601237283156,33.71246730049308,33.7225,33.7225,现货价格,33.7225,V3 池,33.67601237283156,0.137853,0.00,0.00
2025-12-03T11:25:33.377Z,33.67601237283156,33.71246730049308,33.7225,33.7225,现货价格,33.7225,V3 池,33.67601237283156,0.137853,0.00,0.00
2025-12-03T11:25:33.459Z,33.67601237283156,33.71246730049308,33.7225,33.7225,现货价格,33.7225,V3 池,33.67601237283156,0.137853,0.00,0.00
2025-12-03T11:25:33.605Z,33.67601237283156,33.71246730049308,33.7225,33.7225,现货价格,33.7225,V3 池,33.67601237283156,0.137853,0.00,0.00
2025-12-03T11:25:35.878Z,33.67601237283156,33.71246730049308,33.7145,33.7145,现货价格,33.7145,V3 池,33.67601237283156,0.114157,0.00,0.00
2025-12-03T11:25:38.266Z,33.67601237283156,33.71246730049308,33.717,33.717,现货价格,33.717,V3 池,33.67601237283156,0.121564,0.00,0.00
2025-12-03T11:25:38.271Z,33.67601237283156,33.71246730049308,33.717,33.717,现货价格,33.717,V3 池,33.67601237283156,0.121564,0.00,0.00
2025-12-03T11:25:38.394Z,33.67601237283156,33.71246730049308,33.717,33.717,现货价格,33.717,V3 池,33.67601237283156,0.121564,0.00,0.00
2025-12-03T11:25:38.436Z,33.67601237283156,33.71246730049308,33.717,33.717,现货价格,33.717,V3 池,33.67601237283156,0.121564,0.00,0.00
2025-12-03T11:25:38.446Z,33.67601237283156,33.71246730049308,33.717,33.717,现货价格,33.717,V3 池,33.67601237283156,0.121564,0.00,0.00
2025-12-03T11:25:38.545Z,33.67601237283156,33.71246730049308,33.717,33.717,现货价格,33.717,V3 池,33.67601237283156,0.121564,0.00,0.00
2025-12-03T11:25:40.163Z,33.67601237283156,33.71246730049308,33.7185,33.7185,现货价格,33.7185,V3 池,33.67601237283156,0.126007,0.00,0.00
2025-12-03T11:25:42.051Z,33.67601237283156,33.712495705556336,33.717,33.717,现货价格,33.717,V3 池,33.67601237283156,0.121564,0.00,0.00
2025-12-03T11:25:42.099Z,33.67601237283156,33.712495705556336,33.7185,33.7185,现货价格,33.7185,V3 池,33.67601237283156,0.126007,0.00,0.00
2025-12-03T11:25:42.115Z,33.67601237283156,33.712495705556336,33.717,33.717,现货价格,33.717,V3 池,33.67601237283156,0.121564,0.00,0.00
2025-12-03T11:25:42.133Z,33.67601237283156,33.712495705556336,33.717,33.717,现货价格,33.717,V3 池,33.67601237283156,0.121564,0.00,0.00
2025-12-03T11:25:42.133Z,33.67601237283156,33.712495705556336,33.717,33.717,现货价格,33.717,V3 池,33.67601237283156,0.121564,0.00,0.00
2025-12-03T11:25:42.140Z,33.67601237283156,33.712495705556336,33.717,33.717,现货价格,33.717,V3 池,33.67601237283156,0.121564,0.00,0.00
2025-12-03T11:25:42.196Z,33.67601237283156,33.712495705556336,33.717,33.717,现货价格,33.717,V3 池,33.67601237283156,0.121564,0.00,0.00
2025-12-03T11:25:43.292Z,33.67601237283156,33.712495705556336,33.7135,33.7135,现货价格,33.7135,V3 池,33.67601237283156,0.111195,0.00,0.00
2025-12-03T11:25:43.328Z,33.67601237283156,33.712495705556336,33.7135,33.7135,现货价格,33.7135,V3 池,33.67601237283156,0.111195,0.00,0.00
2025-12-03T11:25:43.384Z,33.67601237283156,33.712495705556336,33.7135,33.7135,现货价格,33.7135,V3 池,33.67601237283156,0.111195,0.00,0.00
2025-12-03T11:25:43.463Z,33.67601237283156,33.712495705556336,33.7135,33.7135,现货价格,33.7135,V3 池,33.67601237283156,0.111195,0.00,0.00
2025-12-03T11:25:43.473Z,33.67601237283156,33.712495705556336,33.7135,33.7135,现货价格,33.7135,V3 池,33.67601237283156,0.111195,0.00,0.00
2025-12-03T11:25:43.634Z,33.67601237283156,33.712495705556336,33.7135,33.7135,现货价格,33.7135,V3 池,33.67601237283156,0.111195,0.00,0.00
2025-12-03T11:25:45.904Z,33.67601237283156,33.712495705556336,33.7175,33.7175,现货价格,33.7175,V3 池,33.67601237283156,0.123045,0.00,0.00
2025-12-03T11:25:48.237Z,33.67601237283156,33.712495705556336,33.7195,33.7195,现货价格,33.7195,V3 池,33.67601237283156,0.128969,0.00,0.00
2025-12-03T11:25:48.263Z,33.67601237283156,33.712495705556336,33.7195,33.7195,现货价格,33.7195,V3 池,33.67601237283156,0.128969,0.00,0.00
2025-12-03T11:25:48.326Z,33.67601237283156,33.712495705556336,33.7195,33.7195,现货价格,33.7195,V3 池,33.67601237283156,0.128969,0.00,0.00
2025-12-03T11:25:48.352Z,33.67601237283156,33.712495705556336,33.7195,33.7195,现货价格,33.7195,V3 池,33.67601237283156,0.128969,0.00,0.00
2025-12-03T11:25:48.385Z,33.67601237283156,33.712495705556336,33.7195,33.7195,现货价格,33.7195,V3 池,33.67601237283156,0.128969,0.00,0.00
2025-12-03T11:25:48.538Z,33.67601237283156,33.712495705556336,33.7195,33.7195,现货价格,33.7195,V3 池,33.67601237283156,0.128969,0.00,0.00
2025-12-03T11:25:50.789Z,33.67601237283156,33.712495705556336,33.7205,33.7205,现货价格,33.7205,V3 池,33.67601237283156,0.131931,0.00,0.00
2025-12-03T11:25:53.311Z,33.67601237283156,33.712495705556336,33.7195,33.7195,现货价格,33.7195,V3 池,33.67601237283156,0.128969,0.00,0.00
2025-12-03T11:25:53.334Z,33.67601237283156,33.712495705556336,33.7195,33.7195,现货价格,33.7195,V3 池,33.67601237283156,0.128969,0.00,0.00
2025-12-03T11:25:53.342Z,33.67601237283156,33.712495705556336,33.7195,33.7195,现货价格,33.7195,V3 池,33.67601237283156,0.128969,0.00,0.00
2025-12-03T11:25:53.467Z,33.67601237283156,33.712495705556336,33.7195,33.7195,现货价格,33.7195,V3 池,33.67601237283156,0.128969,0.00,0.00
2025-12-03T11:25:53.475Z,33.67601237283156,33.712495705556336,33.7195,33.7195,现货价格,33.7195,V3 池,33.67601237283156,0.128969,0.00,0.00
2025-12-03T11:25:53.548Z,33.67601237283156,33.712495705556336,33.7195,33.7195,现货价格,33.7195,V3 池,33.67601237283156,0.128969,0.00,0.00
2025-12-03T11:25:55.566Z,33.67601237283156,33.712495705556336,33.7195,33.7195,现货价格,33.7195,V3 池,33.67601237283156,0.128969,0.00,0.00
2025-12-03T11:25:58.201Z,33.67601237283156,33.712495705556336,33.733,33.733,现货价格,33.733,V3 池,33.67601237283156,0.168937,0.00,0.00
2025-12-03T11:25:58.312Z,33.67601237283156,33.712495705556336,33.733,33.733,现货价格,33.733,V3 池,33.67601237283156,0.168937,0.00,0.00
2025-12-03T11:25:58.343Z,33.67601237283156,33.712495705556336,33.733,33.733,现货价格,33.733,V3 池,33.67601237283156,0.168937,0.00,0.00
2025-12-03T11:25:58.405Z,33.67601237283156,33.712495705556336,33.733,33.733,现货价格,33.733,V3 池,33.67601237283156,0.168937,0.00,0.00
2025-12-03T11:25:58.452Z,33.67601237283156,33.712495705556336,33.733,33.733,现货价格,33.733,V3 池,33.67601237283156,0.168937,0.00,0.00
2025-12-03T11:25:58.544Z,33.67601237283156,33.712495705556336,33.7255,33.7255,现货价格,33.7255,V3 池,33.67601237283156,0.146737,0.00,0.00
2025-12-03T11:26:00.048Z,33.67601237283156,33.712495705556336,33.7255,33.7255,现货价格,33.7255,V3 池,33.67601237283156,0.146737,0.00,0.00
2025-12-03T11:26:03.192Z,33.67601237283156,33.712495705556336,33.7305,33.7305,现货价格,33.7305,V3 池,33.67601237283156,0.161538,0.00,0.00
2025-12-03T11:26:03.329Z,33.67601237283156,33.712495705556336,33.7305,33.7305,现货价格,33.7305,V3 池,33.67601237283156,0.161538,0.00,0.00
2025-12-03T11:26:03.386Z,33.67601237283156,33.712495705556336,33.7305,33.7305,现货价格,33.7305,V3 池,33.67601237283156,0.161538,0.00,0.00
2025-12-03T11:26:03.452Z,33.67601237283156,33.712495705556336,33.7305,33.7305,现货价格,33.7305,V3 池,33.67601237283156,0.161538,0.00,0.00
2025-12-03T11:26:03.535Z,33.67601237283156,33.712495705556336,33.7305,33.7305,现货价格,33.7305,V3 池,33.67601237283156,0.161538,0.00,0.00
2025-12-03T11:26:03.550Z,33.67601237283156,33.712495705556336,33.7305,33.7305,现货价格,33.7305,V3 池,33.67601237283156,0.161538,0.00,0.00
2025-12-03T11:26:05.126Z,33.67601237283156,33.712495705556336,33.726,33.726,现货价格,33.726,V3 池,33.67601237283156,0.148217,0.00,0.00
2025-12-03T11:26:08.214Z,33.67601237283156,33.712495705556336,33.7275,33.7275,现货价格,33.7275,V3 池,33.67601237283156,0.152658,0.00,0.00
2025-12-03T11:26:08.264Z,33.67601237283156,33.712495705556336,33.7275,33.7275,现货价格,33.7275,V3 池,33.67601237283156,0.152658,0.00,0.00
2025-12-03T11:26:08.336Z,33.67601237283156,33.712495705556336,33.7275,33.7275,现货价格,33.7275,V3 池,33.67601237283156,0.152658,0.00,0.00
2025-12-03T11:26:08.357Z,33.67601237283156,33.712495705556336,33.7275,33.7275,现货价格,33.7275,V3 池,33.67601237283156,0.152658,0.00,0.00
2025-12-03T11:26:08.447Z,33.67601237283156,33.712495705556336,33.7275,33.7275,现货价格,33.7275,V3 池,33.67601237283156,0.152658,0.00,0.00
2025-12-03T11:26:08.561Z,33.67601237283156,33.712495705556336,33.7275,33.7275,现货价格,33.7275,V3 池,33.67601237283156,0.152658,0.00,0.00
2025-12-03T11:26:10.380Z,33.67601237283156,33.712495705556336,33.7195,33.7195,现货价格,33.7195,V3 池,33.67601237283156,0.128969,0.00,0.00
2025-12-03T11:26:13.200Z,33.67601237283156,33.712495705556336,33.7215,33.7215,现货价格,33.7215,V3 池,33.67601237283156,0.134892,0.00,0.00
2025-12-03T11:26:13.306Z,33.67601237283156,33.712495705556336,33.7215,33.7215,现货价格,33.7215,V3 池,33.67601237283156,0.134892,0.00,0.00
2025-12-03T11:26:13.343Z,33.67601237283156,33.712495705556336,33.7215,33.7215,现货价格,33.7215,V3 池,33.67601237283156,0.134892,0.00,0.00
2025-12-03T11:26:13.355Z,33.67601237283156,33.712495705556336,33.7215,33.7215,现货价格,33.7215,V3 池,33.67601237283156,0.134892,0.00,0.00
2025-12-03T11:26:13.481Z,33.67601237283156,33.712495705556336,33.7215,33.7215,现货价格,33.7215,V3 池,33.67601237283156,0.134892,0.00,0.00
2025-12-03T11:26:13.551Z,33.67601237283156,33.712495705556336,33.7215,33.7215,现货价格,33.7215,V3 池,33.67601237283156,0.134892,0.00,0.00
2025-12-03T11:26:15.835Z,33.67601237283156,33.712495705556336,33.7215,33.7215,现货价格,33.7215,V3 池,33.67601237283156,0.134892,0.00,0.00
2025-12-03T11:26:18.247Z,33.67601237283156,33.712495705556336,33.7195,33.7195,现货价格,33.7195,V3 池,33.67601237283156,0.128969,0.00,0.00
2025-12-03T11:26:18.305Z,33.67601237283156,33.712495705556336,33.7195,33.7195,现货价格,33.7195,V3 池,33.67601237283156,0.128969,0.00,0.00
2025-12-03T11:26:18.330Z,33.67601237283156,33.712495705556336,33.7195,33.7195,现货价格,33.7195,V3 池,33.67601237283156,0.128969,0.00,0.00
2025-12-03T11:26:18.343Z,33.67601237283156,33.712495705556336,33.7195,33.7195,现货价格,33.7195,V3 池,33.67601237283156,0.128969,0.00,0.00
2025-12-03T11:26:18.429Z,33.67601237283156,33.712495705556336,33.7195,33.7195,现货价格,33.7195,V3 池,33.67601237283156,0.128969,0.00,0.00
2025-12-03T11:26:18.478Z,33.67601237283156,33.712495705556336,33.7195,33.7195,现货价格,33.7195,V3 池,33.67601237283156,0.128969,0.00,0.00
2025-12-03T11:26:20.162Z,33.67601237283156,33.712495705556336,33.7195,33.7195,现货价格,33.7195,V3 池,33.67601237283156,0.128969,0.00,0.00
2025-12-03T11:26:23.230Z,33.67601237283156,33.712495705556336,33.7195,33.7195,现货价格,33.7195,V3 池,33.67601237283156,0.128969,0.00,0.00
2025-12-03T11:26:23.294Z,33.67601237283156,33.712495705556336,33.7195,33.7195,现货价格,33.7195,V3 池,33.67601237283156,0.128969,0.00,0.00
2025-12-03T11:26:23.351Z,33.67601237283156,33.712495705556336,33.7195,33.7195,现货价格,33.7195,V3 池,33.67601237283156,0.128969,0.00,0.00
2025-12-03T11:26:23.370Z,33.67601237283156,33.712495705556336,33.7195,33.7195,现货价格,33.7195,V3 池,33.67601237283156,0.128969,0.00,0.00
2025-12-03T11:26:23.426Z,33.67601237283156,33.712495705556336,33.7195,33.7195,现货价格,33.7195,V3 池,33.67601237283156,0.128969,0.00,0.00
2025-12-03T11:26:23.615Z,33.67601237283156,33.712495705556336,33.7195,33.7195,现货价格,33.7195,V3 池,33.67601237283156,0.128969,0.00,0.00
2025-12-03T11:26:25.067Z,33.67601237283156,33.712495705556336,33.7195,33.7195,现货价格,33.7195,V3 池,33.67601237283156,0.128969,0.00,0.00
2025-12-03T11:26:28.183Z,33.67601237283156,33.712495705556336,33.6975,33.6975,V4 池,33.712495705556336,V3 池,33.67601237283156,0.108219,0.00,0.00
2025-12-03T11:26:28.243Z,33.67601237283156,33.712495705556336,33.6975,33.6975,V4 池,33.712495705556336,V3 池,33.67601237283156,0.108219,0.00,0.00
2025-12-03T11:26:28.374Z,33.67601237283156,33.712495705556336,33.6975,33.6975,V4 池,33.712495705556336,V3 池,33.67601237283156,0.108219,0.00,0.00
2025-12-03T11:26:28.600Z,33.67601237283156,33.712495705556336,33.6975,33.6975,V4 池,33.712495705556336,V3 池,33.67601237283156,0.108219,0.00,0.00
2025-12-03T11:26:28.619Z,33.67601237283156,33.712495705556336,33.6975,33.6975,V4 池,33.712495705556336,V3 池,33.67601237283156,0.108219,0.00,0.00
2025-12-03T11:26:28.676Z,33.67601237283156,33.712495705556336,33.6975,33.6975,V4 池,33.712495705556336,V3 池,33.67601237283156,0.108219,0.00,0.00
2025-12-03T11:26:30.096Z,33.67601237283156,33.712495705556336,33.6785,33.6785,V4 池,33.712495705556336,V3 池,33.67601237283156,0.108219,0.00,0.00
2025-12-03T11:26:33.259Z,33.67601237283156,33.712495705556336,33.6865,33.6865,V4 池,33.712495705556336,V3 池,33.67601237283156,0.108219,0.00,0.00
2025-12-03T11:26:33.333Z,33.67601237283156,33.712495705556336,33.6865,33.6865,V4 池,33.712495705556336,V3 池,33.67601237283156,0.108219,0.00,0.00
2025-12-03T11:26:33.350Z,33.67601237283156,33.712495705556336,33.6865,33.6865,V4 池,33.712495705556336,V3 池,33.67601237283156,0.108219,0.00,0.00
2025-12-03T11:26:33.367Z,33.67601237283156,33.712495705556336,33.6865,33.6865,V4 池,33.712495705556336,V3 池,33.67601237283156,0.108219,0.00,0.00
2025-12-03T11:26:33.437Z,33.67601237283156,33.712495705556336,33.6865,33.6865,V4 池,33.712495705556336,V3 池,33.67601237283156,0.108219,0.00,0.00
2025-12-03T11:26:33.599Z,33.67601237283156,33.712495705556336,33.6865,33.6865,V4 池,33.712495705556336,V3 池,33.67601237283156,0.108219,0.00,0.00
2025-12-03T11:26:35.034Z,33.67601237283156,33.712495705556336,33.6865,33.6865,V4 池,33.712495705556336,V3 池,33.67601237283156,0.108219,0.00,0.00
2025-12-03T11:26:38.220Z,33.67601237283156,33.712495705556336,33.6865,33.6865,V4 池,33.712495705556336,V3 池,33.67601237283156,0.108219,0.00,0.00
2025-12-03T11:26:38.274Z,33.67601237283156,33.712495705556336,33.6865,33.6865,V4 池,33.712495705556336,V3 池,33.67601237283156,0.108219,0.00,0.00
2025-12-03T11:26:38.294Z,33.67601237283156,33.712495705556336,33.6865,33.6865,V4 池,33.712495705556336,V3 池,33.67601237283156,0.108219,0.00,0.00
2025-12-03T11:26:38.349Z,33.67601237283156,33.712495705556336,33.6865,33.6865,V4 池,33.712495705556336,V3 池,33.67601237283156,0.108219,0.00,0.00
2025-12-03T11:26:38.448Z,33.67601237283156,33.712495705556336,33.6865,33.6865,V4 池,33.712495705556336,V3 池,33.67601237283156,0.108219,0.00,0.00
2025-12-03T11:26:38.553Z,33.67601237283156,33.712495705556336,33.6865,33.6865,V4 池,33.712495705556336,V3 池,33.67601237283156,0.108219,0.00,0.00
2025-12-03T11:26:40.078Z,33.67601237283156,33.712495705556336,33.6865,33.6865,V4 池,33.712495705556336,V3 池,33.67601237283156,0.108219,0.00,0.00
2025-12-03T11:26:43.322Z,33.67601237283156,33.712495705556336,33.6865,33.6865,V4 池,33.712495705556336,V3 池,33.67601237283156,0.108219,0.00,0.00
2025-12-03T11:26:43.340Z,33.67601237283156,33.712495705556336,33.6865,33.6865,V4 池,33.712495705556336,V3 池,33.67601237283156,0.108219,0.00,0.00
2025-12-03T11:26:43.395Z,33.67601237283156,33.712495705556336,33.6865,33.6865,V4 池,33.712495705556336,V3 池,33.67601237283156,0.108219,0.00,0.00
2025-12-03T11:26:43.472Z,33.67601237283156,33.712495705556336,33.6865,33.6865,V4 池,33.712495705556336,V3 池,33.67601237283156,0.108219,0.00,0.00
2025-12-03T11:26:43.501Z,33.67601237283156,33.712495705556336,33.6865,33.6865,V4 池,33.712495705556336,V3 池,33.67601237283156,0.108219,0.00,0.00
2025-12-03T11:26:43.631Z,33.67601237283156,33.712495705556336,33.6865,33.6865,V4 池,33.712495705556336,V3 池,33.67601237283156,0.108219,0.00,0.00
2025-12-03T11:26:45.228Z,33.67601237283156,33.712495705556336,33.6865,33.6865,V4 池,33.712495705556336,V3 池,33.67601237283156,0.108219,0.00,0.00
2025-12-03T11:26:48.254Z,33.67601237283156,33.712495705556336,33.6865,33.6865,V4 池,33.712495705556336,V3 池,33.67601237283156,0.108219,0.00,0.00
2025-12-03T11:26:48.320Z,33.67601237283156,33.712495705556336,33.6865,33.6865,V4 池,33.712495705556336,V3 池,33.67601237283156,0.108219,0.00,0.00
2025-12-03T11:26:48.334Z,33.67601237283156,33.712495705556336,33.6865,33.6865,V4 池,33.712495705556336,V3 池,33.67601237283156,0.108219,0.00,0.00
2025-12-03T11:26:48.407Z,33.67601237283156,33.712495705556336,33.6865,33.6865,V4 池,33.712495705556336,V3 池,33.67601237283156,0.108219,0.00,0.00
2025-12-03T11:26:48.498Z,33.67601237283156,33.712495705556336,33.6865,33.6865,V4 池,33.712495705556336,V3 池,33.67601237283156,0.108219,0.00,0.00
2025-12-03T11:26:48.516Z,33.67601237283156,33.712495705556336,33.6865,33.6865,V4 池,33.712495705556336,V3 池,33.67601237283156,0.108219,0.00,0.00
2025-12-03T11:26:50.000Z,33.67601237283156,33.712495705556336,33.6895,33.6895,V4 池,33.712495705556336,V3 池,33.67601237283156,0.108219,0.00,0.00
2025-12-03T11:26:52.017Z,33.67601237283156,33.712555249682715,33.6865,33.6865,V4 池,33.712555249682715,V3 池,33.67601237283156,0.108395,0.00,0.00
2025-12-03T11:26:52.018Z,33.67601237283156,33.712555249682715,33.6865,33.6865,V4 池,33.712555249682715,V3 池,33.67601237283156,0.108395,0.00,0.00
2025-12-03T11:26:52.024Z,33.67601237283156,33.712555249682715,33.6865,33.6865,V4 池,33.712555249682715,V3 池,33.67601237283156,0.108395,0.00,0.00
2025-12-03T11:26:52.046Z,33.67601237283156,33.712555249682715,33.6865,33.6865,V4 池,33.712555249682715,V3 池,33.67601237283156,0.108395,0.00,0.00
2025-12-03T11:26:52.054Z,33.67601237283156,33.712555249682715,33.6865,33.6865,V4 池,33.712555249682715,V3 池,33.67601237283156,0.108395,0.00,0.00
2025-12-03T11:26:52.054Z,33.67601237283156,33.712555249682715,33.6895,33.6895,V4 池,33.712555249682715,V3 池,33.67601237283156,0.108395,0.00,0.00
2025-12-03T11:26:52.072Z,33.67601237283156,33.712555249682715,33.6865,33.6865,V4 池,33.712555249682715,V3 池,33.67601237283156,0.108395,0.00,0.00
2025-12-03T11:26:53.192Z,33.67601237283156,33.712555249682715,33.6895,33.6895,V4 池,33.712555249682715,V3 池,33.67601237283156,0.108395,0.00,0.00
2025-12-03T11:26:53.304Z,33.67601237283156,33.712555249682715,33.6895,33.6895,V4 池,33.712555249682715,V3 池,33.67601237283156,0.108395,0.00,0.00
2025-12-03T11:26:53.329Z,33.67601237283156,33.712555249682715,33.6895,33.6895,V4 池,33.712555249682715,V3 池,33.67601237283156,0.108395,0.00,0.00
2025-12-03T11:26:53.379Z,33.67601237283156,33.712555249682715,33.6895,33.6895,V4 池,33.712555249682715,V3 池,33.67601237283156,0.108395,0.00,0.00
2025-12-03T11:26:53.407Z,33.67601237283156,33.712555249682715,33.6895,33.6895,V4 池,33.712555249682715,V3 池,33.67601237283156,0.108395,0.00,0.00
2025-12-03T11:26:53.481Z,33.67601237283156,33.712555249682715,33.6895,33.6895,V4 池,33.712555249682715,V3 池,33.67601237283156,0.108395,0.00,0.00
2025-12-03T11:26:55.006Z,33.67601237283156,33.712555249682715,33.711,33.711,V4 池,33.712555249682715,V3 池,33.67601237283156,0.108395,0.00,0.00
2025-12-03T11:26:58.186Z,33.67601237283156,33.712555249682715,33.7075,33.7075,V4 池,33.712555249682715,V3 池,33.67601237283156,0.108395,0.00,0.00
2025-12-03T11:26:58.222Z,33.67601237283156,33.712555249682715,33.7075,33.7075,V4 池,33.712555249682715,V3 池,33.67601237283156,0.108395,0.00,0.00
2025-12-03T11:26:58.224Z,33.67601237283156,33.712555249682715,33.7075,33.7075,V4 池,33.712555249682715,V3 池,33.67601237283156,0.108395,0.00,0.00
2025-12-03T11:26:58.408Z,33.67601237283156,33.712555249682715,33.7075,33.7075,V4 池,33.712555249682715,V3 池,33.67601237283156,0.108395,0.00,0.00
2025-12-03T11:26:58.497Z,33.67601237283156,33.712555249682715,33.7075,33.7075,V4 池,33.712555249682715,V3 池,33.67601237283156,0.108395,0.00,0.00
2025-12-03T11:26:58.517Z,33.67601237283156,33.712555249682715,33.7075,33.7075,V4 池,33.712555249682715,V3 池,33.67601237283156,0.108395,0.00,0.00
2025-12-03T11:27:00.013Z,33.67601237283156,33.712555249682715,33.7155,33.7155,现货价格,33.7155,V3 池,33.67601237283156,0.117120,0.00,0.00
2025-12-03T11:27:03.250Z,33.67601237283156,33.712555249682715,33.7005,33.7005,V4 池,33.712555249682715,V3 池,33.67601237283156,0.108395,0.00,0.00
2025-12-03T11:27:03.375Z,33.67601237283156,33.712555249682715,33.7005,33.7005,V4 池,33.712555249682715,V3 池,33.67601237283156,0.108395,0.00,0.00
2025-12-03T11:27:03.419Z,33.67601237283156,33.712555249682715,33.7005,33.7005,V4 池,33.712555249682715,V3 池,33.67601237283156,0.108395,0.00,0.00
2025-12-03T11:27:03.490Z,33.67601237283156,33.712555249682715,33.7005,33.7005,V4 池,33.712555249682715,V3 池,33.67601237283156,0.108395,0.00,0.00
2025-12-03T11:27:03.499Z,33.67601237283156,33.712555249682715,33.7005,33.7005,V4 池,33.712555249682715,V3 池,33.67601237283156,0.108395,0.00,0.00
2025-12-03T11:27:03.546Z,33.67601237283156,33.712555249682715,33.7005,33.7005,V4 池,33.712555249682715,V3 池,33.67601237283156,0.108395,0.00,0.00
2025-12-03T11:27:05.204Z,33.67601237283156,33.712555249682715,33.7005,33.7005,V4 池,33.712555249682715,V3 池,33.67601237283156,0.108395,0.00,0.00
2025-12-03T11:27:07.197Z,33.67601237283156,33.712711934404844,33.7005,33.7005,V4 池,33.712711934404844,V3 池,33.67601237283156,0.108860,0.00,0.00
2025-12-03T11:27:07.270Z,33.67601237283156,33.712711934404844,33.7005,33.7005,V4 池,33.712711934404844,V3 池,33.67601237283156,0.108860,0.00,0.00
2025-12-03T11:27:07.281Z,33.67601237283156,33.712711934404844,33.7005,33.7005,V4 池,33.712711934404844,V3 池,33.67601237283156,0.108860,0.00,0.00
2025-12-03T11:27:07.367Z,33.67601237283156,33.712711934404844,33.7005,33.7005,V4 池,33.712711934404844,V3 池,33.67601237283156,0.108860,0.00,0.00
2025-12-03T11:27:07.408Z,33.67601237283156,33.712711934404844,33.7005,33.7005,V4 池,33.712711934404844,V3 池,33.67601237283156,0.108860,0.00,0.00
2025-12-03T11:27:07.437Z,33.67601237283156,33.712711934404844,33.7005,33.7005,V4 池,33.712711934404844,V3 池,33.67601237283156,0.108860,0.00,0.00
2025-12-03T11:27:07.464Z,33.67601237283156,33.712711934404844,33.7005,33.7005,V4 池,33.712711934404844,V3 池,33.67601237283156,0.108860,0.00,0.00
2025-12-03T11:27:08.317Z,33.67601237283156,33.712711934404844,33.7055,33.7055,V4 池,33.712711934404844,V3 池,33.67601237283156,0.108860,0.00,0.00
2025-12-03T11:27:08.342Z,33.67601237283156,33.712711934404844,33.7055,33.7055,V4 池,33.712711934404844,V3 池,33.67601237283156,0.108860,0.00,0.00
2025-12-03T11:27:08.347Z,33.67601237283156,33.712711934404844,33.7055,33.7055,V4 池,33.712711934404844,V3 池,33.67601237283156,0.108860,0.00,0.00
2025-12-03T11:27:08.510Z,33.67601237283156,33.712711934404844,33.7055,33.7055,V4 池,33.712711934404844,V3 池,33.67601237283156,0.108860,0.00,0.00
2025-12-03T11:27:08.552Z,33.67601237283156,33.712711934404844,33.7055,33.7055,V4 池,33.712711934404844,V3 池,33.67601237283156,0.108860,0.00,0.00
2025-12-03T11:27:08.625Z,33.67601237283156,33.712711934404844,33.7055,33.7055,V4 池,33.712711934404844,V3 池,33.67601237283156,0.108860,0.00,0.00
2025-12-03T11:27:10.120Z,33.67601237283156,33.712711934404844,33.7055,33.7055,V4 池,33.712711934404844,V3 池,33.67601237283156,0.108860,0.00,0.00
2025-12-03T11:27:13.393Z,33.67601237283156,33.712711934404844,33.7105,33.7105,V4 池,33.712711934404844,V3 池,33.67601237283156,0.108860,0.00,0.00
2025-12-03T11:27:13.420Z,33.67601237283156,33.712711934404844,33.7105,33.7105,V4 池,33.712711934404844,V3 池,33.67601237283156,0.108860,0.00,0.00
2025-12-03T11:27:13.444Z,33.67601237283156,33.712711934404844,33.7105,33.7105,V4 池,33.712711934404844,V3 池,33.67601237283156,0.108860,0.00,0.00
2025-12-03T11:27:13.461Z,33.67601237283156,33.712711934404844,33.7105,33.7105,V4 池,33.712711934404844,V3 池,33.67601237283156,0.108860,0.00,0.00
2025-12-03T11:27:13.494Z,33.67601237283156,33.712711934404844,33.7105,33.7105,V4 池,33.712711934404844,V3 池,33.67601237283156,0.108860,0.00,0.00
2025-12-03T11:27:13.655Z,33.67601237283156,33.712711934404844,33.7105,33.7105,V4 池,33.712711934404844,V3 池,33.67601237283156,0.108860,0.00,0.00
2025-12-03T11:27:15.121Z,33.67601237283156,33.712711934404844,33.7105,33.7105,V4 池,33.712711934404844,V3 池,33.67601237283156,0.108860,0.00,0.00
2025-12-03T11:27:18.462Z,33.67601237283156,33.712711934404844,33.7105,33.7105,V4 池,33.712711934404844,V3 池,33.67601237283156,0.108860,0.00,0.00
2025-12-03T11:27:18.498Z,33.67601237283156,33.712711934404844,33.7105,33.7105,V4 池,33.712711934404844,V3 池,33.67601237283156,0.108860,0.00,0.00
2025-12-03T11:27:18.529Z,33.67601237283156,33.712711934404844,33.7105,33.7105,V4 池,33.712711934404844,V3 池,33.67601237283156,0.108860,0.00,0.00
2025-12-03T11:27:18.610Z,33.67601237283156,33.712711934404844,33.7105,33.7105,V4 池,33.712711934404844,V3 池,33.67601237283156,0.108860,0.00,0.00
2025-12-03T11:27:18.700Z,33.67601237283156,33.712711934404844,33.7105,33.7105,V4 池,33.712711934404844,V3 池,33.67601237283156,0.108860,0.00,0.00
2025-12-03T11:27:18.798Z,33.67601237283156,33.712711934404844,33.7105,33.7105,V4 池,33.712711934404844,V3 池,33.67601237283156,0.108860,0.00,0.00
2025-12-03T11:27:20.052Z,33.67601237283156,33.712711934404844,33.7105,33.7105,V4 池,33.712711934404844,V3 池,33.67601237283156,0.108860,0.00,0.00
2025-12-03T11:27:23.208Z,33.67601237283156,33.712711934404844,33.7105,33.7105,V4 池,33.712711934404844,V3 池,33.67601237283156,0.108860,0.00,0.00
2025-12-03T11:27:23.260Z,33.67601237283156,33.712711934404844,33.7105,33.7105,V4 池,33.712711934404844,V3 池,33.67601237283156,0.108860,0.00,0.00
2025-12-03T11:27:23.287Z,33.67601237283156,33.712711934404844,33.7105,33.7105,V4 池,33.712711934404844,V3 池,33.67601237283156,0.108860,0.00,0.00
2025-12-03T11:27:23.491Z,33.67601237283156,33.712711934404844,33.7105,33.7105,V4 池,33.712711934404844,V3 池,33.67601237283156,0.108860,0.00,0.00
2025-12-03T11:27:23.519Z,33.67601237283156,33.712711934404844,33.7105,33.7105,V4 池,33.712711934404844,V3 池,33.67601237283156,0.108860,0.00,0.00
2025-12-03T11:27:23.610Z,33.67601237283156,33.712711934404844,33.7105,33.7105,V4 池,33.712711934404844,V3 池,33.67601237283156,0.108860,0.00,0.00
2025-12-03T11:27:25.051Z,33.67601237283156,33.712711934404844,33.7105,33.7105,V4 池,33.712711934404844,V3 池,33.67601237283156,0.108860,0.00,0.00
2025-12-03T11:27:28.334Z,33.67601237283156,33.712711934404844,33.7025,33.7025,V4 池,33.712711934404844,V3 池,33.67601237283156,0.108860,0.00,0.00
2025-12-03T11:27:28.421Z,33.67601237283156,33.712711934404844,33.7025,33.7025,V4 池,33.712711934404844,V3 池,33.67601237283156,0.108860,0.00,0.00
2025-12-03T11:27:28.458Z,33.67601237283156,33.712711934404844,33.7025,33.7025,V4 池,33.712711934404844,V3 池,33.67601237283156,0.108860,0.00,0.00
2025-12-03T11:27:28.491Z,33.67601237283156,33.712711934404844,33.7025,33.7025,V4 池,33.712711934404844,V3 池,33.67601237283156,0.108860,0.00,0.00
2025-12-03T11:27:28.554Z,33.67601237283156,33.712711934404844,33.7025,33.7025,V4 池,33.712711934404844,V3 池,33.67601237283156,0.108860,0.00,0.00
2025-12-03T11:27:28.626Z,33.67601237283156,33.712711934404844,33.7025,33.7025,V4 池,33.712711934404844,V3 池,33.67601237283156,0.108860,0.00,0.00
2025-12-03T11:27:30.069Z,33.67601237283156,33.712711934404844,33.7025,33.7025,V4 池,33.712711934404844,V3 池,33.67601237283156,0.108860,0.00,0.00
2025-12-03T11:27:33.243Z,33.67601237283156,33.712711934404844,33.707,33.707,V4 池,33.712711934404844,V3 池,33.67601237283156,0.108860,0.00,0.00
2025-12-03T11:27:33.412Z,33.67601237283156,33.712711934404844,33.7075,33.7075,V4 池,33.712711934404844,V3 池,33.67601237283156,0.108860,0.00,0.00
2025-12-03T11:27:33.440Z,33.67601237283156,33.712711934404844,33.7075,33.7075,V4 池,33.712711934404844,V3 池,33.67601237283156,0.108860,0.00,0.00
2025-12-03T11:27:33.490Z,33.67601237283156,33.712711934404844,33.7075,33.7075,V4 池,33.712711934404844,V3 池,33.67601237283156,0.108860,0.00,0.00
2025-12-03T11:27:33.562Z,33.67601237283156,33.712711934404844,33.7075,33.7075,V4 池,33.712711934404844,V3 池,33.67601237283156,0.108860,0.00,0.00
2025-12-03T11:27:33.650Z,33.67601237283156,33.712711934404844,33.7075,33.7075,V4 池,33.712711934404844,V3 池,33.67601237283156,0.108860,0.00,0.00
2025-12-03T11:27:35.281Z,33.67601237283156,33.712711934404844,33.7075,33.7075,V4 池,33.712711934404844,V3 池,33.67601237283156,0.108860,0.00,0.00
2025-12-03T11:27:38.308Z,33.67601237283156,33.712711934404844,33.7085,33.7085,V4 池,33.712711934404844,V3 池,33.67601237283156,0.108860,0.00,0.00
2025-12-03T11:27:38.372Z,33.67601237283156,33.712711934404844,33.7085,33.7085,V4 池,33.712711934404844,V3 池,33.67601237283156,0.108860,0.00,0.00
2025-12-03T11:27:38.376Z,33.67601237283156,33.712711934404844,33.7085,33.7085,V4 池,33.712711934404844,V3 池,33.67601237283156,0.108860,0.00,0.00
2025-12-03T11:27:38.403Z,33.67601237283156,33.712711934404844,33.7085,33.7085,V4 池,33.712711934404844,V3 池,33.67601237283156,0.108860,0.00,0.00
2025-12-03T11:27:38.451Z,33.67601237283156,33.712711934404844,33.7085,33.7085,V4 池,33.712711934404844,V3 池,33.67601237283156,0.108860,0.00,0.00
2025-12-03T11:27:38.629Z,33.67601237283156,33.712711934404844,33.7085,33.7085,V4 池,33.712711934404844,V3 池,33.67601237283156,0.108860,0.00,0.00
2025-12-03T11:27:40.148Z,33.67601237283156,33.712711934404844,33.7095,33.7095,V4 池,33.712711934404844,V3 池,33.67601237283156,0.108860,0.00,0.00
2025-12-03T11:27:43.238Z,33.67601237283156,33.712711934404844,33.6705,33.6705,V4 池,33.712711934404844,合约价格,33.6705,0.125211,0.00,0.00
2025-12-03T11:27:43.267Z,33.67601237283156,33.712711934404844,33.6705,33.6705,V4 池,33.712711934404844,合约价格,33.6705,0.125211,0.00,0.00
2025-12-03T11:27:43.293Z,33.67601237283156,33.712711934404844,33.6705,33.6705,V4 池,33.712711934404844,合约价格,33.6705,0.125211,0.00,0.00
2025-12-03T11:27:43.313Z,33.67601237283156,33.712711934404844,33.6705,33.6705,V4 池,33.712711934404844,合约价格,33.6705,0.125211,0.00,0.00
2025-12-03T11:27:43.365Z,33.67601237283156,33.712711934404844,33.6705,33.6705,V4 池,33.712711934404844,合约价格,33.6705,0.125211,0.00,0.00
2025-12-03T11:27:43.534Z,33.67601237283156,33.712711934404844,33.6705,33.6705,V4 池,33.712711934404844,合约价格,33.6705,0.125211,0.00,0.00
2025-12-03T11:27:45.017Z,33.67601237283156,33.712711934404844,33.6705,33.6705,V4 池,33.712711934404844,合约价格,33.6705,0.125211,0.00,0.00
2025-12-03T11:27:48.186Z,33.67601237283156,33.712711934404844,33.6715,33.6715,V4 池,33.712711934404844,合约价格,33.6715,0.122244,0.00,0.00
2025-12-03T11:27:48.202Z,33.67601237283156,33.712711934404844,33.6715,33.6715,V4 池,33.712711934404844,合约价格,33.6715,0.122244,0.00,0.00
2025-12-03T11:27:48.289Z,33.67601237283156,33.712711934404844,33.6715,33.6715,V4 池,33.712711934404844,合约价格,33.6715,0.122244,0.00,0.00
2025-12-03T11:27:48.430Z,33.67601237283156,33.712711934404844,33.6715,33.6715,V4 池,33.712711934404844,合约价格,33.6715,0.122244,0.00,0.00
2025-12-03T11:27:48.477Z,33.67601237283156,33.712711934404844,33.6715,33.6715,V4 池,33.712711934404844,合约价格,33.6715,0.122244,0.00,0.00
2025-12-03T11:27:48.496Z,33.67601237283156,33.712711934404844,33.6715,33.6715,V4 池,33.712711934404844,合约价格,33.6715,0.122244,0.00,0.00
2025-12-03T11:27:50.119Z,33.67601237283156,33.712711934404844,33.6715,33.6715,V4 池,33.712711934404844,合约价格,33.6715,0.122244,0.00,0.00
2025-12-03T11:27:53.279Z,33.67601237283156,33.712711934404844,33.6715,33.6715,V4 池,33.712711934404844,合约价格,33.6715,0.122244,0.00,0.00
2025-12-03T11:27:53.313Z,33.67601237283156,33.712711934404844,33.6715,33.6715,V4 池,33.712711934404844,合约价格,33.6715,0.122244,0.00,0.00
2025-12-03T11:27:53.320Z,33.67601237283156,33.712711934404844,33.6715,33.6715,V4 池,33.712711934404844,合约价格,33.6715,0.122244,0.00,0.00
2025-12-03T11:27:53.356Z,33.67601237283156,33.712711934404844,33.6715,33.6715,V4 池,33.712711934404844,合约价格,33.6715,0.122244,0.00,0.00
2025-12-03T11:27:53.430Z,33.67601237283156,33.712711934404844,33.6715,33.6715,V4 池,33.712711934404844,合约价格,33.6715,0.122244,0.00,0.00
2025-12-03T11:27:53.520Z,33.67601237283156,33.712711934404844,33.6715,33.6715,V4 池,33.712711934404844,合约价格,33.6715,0.122244,0.00,0.00
2025-12-03T11:27:55.054Z,33.67601237283156,33.712711934404844,33.6715,33.6715,V4 池,33.712711934404844,合约价格,33.6715,0.122244,0.00,0.00
2025-12-03T11:27:58.203Z,33.67601237283156,33.712711934404844,33.6765,33.6765,V4 池,33.712711934404844,V3 池,33.67601237283156,0.108860,0.00,0.00
2025-12-03T11:27:58.276Z,33.67601237283156,33.712711934404844,33.6765,33.6765,V4 池,33.712711934404844,V3 池,33.67601237283156,0.108860,0.00,0.00
2025-12-03T11:27:58.334Z,33.67601237283156,33.712711934404844,33.6765,33.6765,V4 池,33.712711934404844,V3 池,33.67601237283156,0.108860,0.00,0.00
2025-12-03T11:27:58.348Z,33.67601237283156,33.712711934404844,33.6765,33.6765,V4 池,33.712711934404844,V3 池,33.67601237283156,0.108860,0.00,0.00
2025-12-03T11:27:58.536Z,33.67601237283156,33.712711934404844,33.6765,33.6765,V4 池,33.712711934404844,V3 池,33.67601237283156,0.108860,0.00,0.00
2025-12-03T11:27:58.679Z,33.67601237283156,33.712711934404844,33.6765,33.6765,V4 池,33.712711934404844,V3 池,33.67601237283156,0.108860,0.00,0.00
2025-12-03T11:28:00.035Z,33.67601237283156,33.712711934404844,33.6765,33.6765,V4 池,33.712711934404844,V3 池,33.67601237283156,0.108860,0.00,0.00
2025-12-03T11:28:03.308Z,33.67601237283156,33.712711934404844,33.6765,33.6765,V4 池,33.712711934404844,V3 池,33.67601237283156,0.108860,0.00,0.00
2025-12-03T11:28:03.309Z,33.67601237283156,33.712711934404844,33.6765,33.6765,V4 池,33.712711934404844,V3 池,33.67601237283156,0.108860,0.00,0.00
2025-12-03T11:28:03.362Z,33.67601237283156,33.712711934404844,33.6765,33.6765,V4 池,33.712711934404844,V3 池,33.67601237283156,0.108860,0.00,0.00
2025-12-03T11:28:03.393Z,33.67601237283156,33.712711934404844,33.6765,33.6765,V4 池,33.712711934404844,V3 池,33.67601237283156,0.108860,0.00,0.00
2025-12-03T11:28:03.407Z,33.67601237283156,33.712711934404844,33.6765,33.6765,V4 池,33.712711934404844,V3 池,33.67601237283156,0.108860,0.00,0.00
2025-12-03T11:28:03.653Z,33.67601237283156,33.712711934404844,33.6765,33.6765,V4 池,33.712711934404844,V3 池,33.67601237283156,0.108860,0.00,0.00
2025-12-03T11:28:05.299Z,33.67601237283156,33.712711934404844,33.6765,33.6765,V4 池,33.712711934404844,V3 池,33.67601237283156,0.108860,0.00,0.00
2025-12-03T11:28:08.204Z,33.67601237283156,33.712711934404844,33.6765,33.6765,V4 池,33.712711934404844,V3 池,33.67601237283156,0.108860,0.00,0.00
2025-12-03T11:28:08.322Z,33.67601237283156,33.712711934404844,33.6765,33.6765,V4 池,33.712711934404844,V3 池,33.67601237283156,0.108860,0.00,0.00
2025-12-03T11:28:08.328Z,33.67601237283156,33.712711934404844,33.6765,33.6765,V4 池,33.712711934404844,V3 池,33.67601237283156,0.108860,0.00,0.00
2025-12-03T11:28:08.430Z,33.67601237283156,33.712711934404844,33.6765,33.6765,V4 池,33.712711934404844,V3 池,33.67601237283156,0.108860,0.00,0.00
2025-12-03T11:28:08.461Z,33.67601237283156,33.712711934404844,33.6765,33.6765,V4 池,33.712711934404844,V3 池,33.67601237283156,0.108860,0.00,0.00
2025-12-03T11:28:08.489Z,33.67601237283156,33.712711934404844,33.6765,33.6765,V4 池,33.712711934404844,V3 池,33.67601237283156,0.108860,0.00,0.00
2025-12-03T11:28:10.100Z,33.67601237283156,33.712711934404844,33.6805,33.6805,V4 池,33.712711934404844,V3 池,33.67601237283156,0.108860,0.00,0.00
2025-12-03T11:28:13.199Z,33.67601237283156,33.712711934404844,33.6615,33.6615,V4 池,33.712711934404844,合约价格,33.6615,0.151907,0.00,0.00
2025-12-03T11:28:13.277Z,33.67601237283156,33.712711934404844,33.6615,33.6615,V4 池,33.712711934404844,合约价格,33.6615,0.151907,0.00,0.00
2025-12-03T11:28:13.285Z,33.67601237283156,33.712711934404844,33.6615,33.6615,V4 池,33.712711934404844,合约价格,33.6615,0.151907,0.00,0.00
2025-12-03T11:28:13.334Z,33.67601237283156,33.712711934404844,33.6615,33.6615,V4 池,33.712711934404844,合约价格,33.6615,0.151907,0.00,0.00
2025-12-03T11:28:13.507Z,33.67601237283156,33.712711934404844,33.6615,33.6615,V4 池,33.712711934404844,合约价格,33.6615,0.151907,0.00,0.00
2025-12-03T11:28:13.559Z,33.67601237283156,33.712711934404844,33.6615,33.6615,V4 池,33.712711934404844,合约价格,33.6615,0.151907,0.00,0.00
2025-12-03T11:28:15.077Z,33.67601237283156,33.712711934404844,33.6755,33.6755,V4 池,33.712711934404844,合约价格,33.6755,0.110380,0.00,0.00
2025-12-03T11:28:18.253Z,33.67601237283156,33.712711934404844,33.672,33.672,V4 池,33.712711934404844,合约价格,33.672,0.120761,0.00,0.00
2025-12-03T11:28:18.350Z,33.67601237283156,33.712711934404844,33.672,33.672,V4 池,33.712711934404844,合约价格,33.672,0.120761,0.00,0.00
2025-12-03T11:28:18.405Z,33.67601237283156,33.712711934404844,33.672,33.672,V4 池,33.712711934404844,合约价格,33.672,0.120761,0.00,0.00
2025-12-03T11:28:18.456Z,33.67601237283156,33.712711934404844,33.672,33.672,V4 池,33.712711934404844,合约价格,33.672,0.120761,0.00,0.00
2025-12-03T11:28:18.501Z,33.67601237283156,33.712711934404844,33.6715,33.6715,V4 池,33.712711934404844,合约价格,33.6715,0.122244,0.00,0.00
2025-12-03T11:28:18.559Z,33.67601237283156,33.712711934404844,33.672,33.672,V4 池,33.712711934404844,合约价格,33.672,0.120761,0.00,0.00
2025-12-03T11:28:20.136Z,33.67601237283156,33.712711934404844,33.6725,33.6725,V4 池,33.712711934404844,合约价格,33.6725,0.119278,0.00,0.00
2025-12-03T11:28:23.212Z,33.67601237283156,33.712711934404844,33.6735,33.6735,V4 池,33.712711934404844,合约价格,33.6735,0.116312,0.00,0.00
2025-12-03T11:28:23.240Z,33.67601237283156,33.712711934404844,33.6735,33.6735,V4 池,33.712711934404844,合约价格,33.6735,0.116312,0.00,0.00
2025-12-03T11:28:23.342Z,33.67601237283156,33.712711934404844,33.6735,33.6735,V4 池,33.712711934404844,合约价格,33.6735,0.116312,0.00,0.00
2025-12-03T11:28:23.417Z,33.67601237283156,33.712711934404844,33.6735,33.6735,V4 池,33.712711934404844,合约价格,33.6735,0.116312,0.00,0.00
2025-12-03T11:28:23.461Z,33.67601237283156,33.712711934404844,33.6735,33.6735,V4 池,33.712711934404844,合约价格,33.6735,0.116312,0.00,0.00
2025-12-03T11:28:23.541Z,33.67601237283156,33.712711934404844,33.6735,33.6735,V4 池,33.712711934404844,合约价格,33.6735,0.116312,0.00,0.00
2025-12-03T11:28:25.149Z,33.67601237283156,33.712711934404844,33.669,33.669,V4 池,33.712711934404844,合约价格,33.669,0.129660,0.00,0.00
2025-12-03T11:28:28.229Z,33.67601237283156,33.712711934404844,33.6705,33.6705,V4 池,33.712711934404844,合约价格,33.6705,0.125211,0.00,0.00
2025-12-03T11:28:28.300Z,33.67601237283156,33.712711934404844,33.6705,33.6705,V4 池,33.712711934404844,合约价格,33.6705,0.125211,0.00,0.00
2025-12-03T11:28:28.324Z,33.67601237283156,33.712711934404844,33.6705,33.6705,V4 池,33.712711934404844,合约价格,33.6705,0.125211,0.00,0.00
2025-12-03T11:28:28.351Z,33.67601237283156,33.712711934404844,33.6705,33.6705,V4 池,33.712711934404844,合约价格,33.6705,0.125211,0.00,0.00
2025-12-03T11:28:28.367Z,33.67601237283156,33.712711934404844,33.6705,33.6705,V4 池,33.712711934404844,合约价格,33.6705,0.125211,0.00,0.00
2025-12-03T11:28:28.604Z,33.67601237283156,33.712711934404844,33.6705,33.6705,V4 池,33.712711934404844,合约价格,33.6705,0.125211,0.00,0.00
2025-12-03T11:28:30.085Z,33.67601237283156,33.712711934404844,33.6705,33.6705,V4 池,33.712711934404844,合约价格,33.6705,0.125211,0.00,0.00
2025-12-03T11:28:33.272Z,33.67601237283156,33.712711934404844,33.6635,33.6635,V4 池,33.712711934404844,合约价格,33.6635,0.145974,0.00,0.00
2025-12-03T11:28:33.317Z,33.67601237283156,33.712711934404844,33.6635,33.6635,V4 池,33.712711934404844,合约价格,33.6635,0.145974,0.00,0.00
2025-12-03T11:28:33.322Z,33.67601237283156,33.712711934404844,33.6635,33.6635,V4 池,33.712711934404844,合约价格,33.6635,0.145974,0.00,0.00
2025-12-03T11:28:33.494Z,33.67601237283156,33.712711934404844,33.6655,33.6655,V4 池,33.712711934404844,合约价格,33.6655,0.140042,0.00,0.00
2025-12-03T11:28:33.532Z,33.67601237283156,33.712711934404844,33.6655,33.6655,V4 池,33.712711934404844,合约价格,33.6655,0.140042,0.00,0.00
2025-12-03T11:28:33.668Z,33.67601237283156,33.712711934404844,33.6635,33.6635,V4 池,33.712711934404844,合约价格,33.6635,0.145974,0.00,0.00
2025-12-03T11:28:35.023Z,33.67601237283156,33.712711934404844,33.6655,33.6655,V4 池,33.712711934404844,合约价格,33.6655,0.140042,0.00,0.00
2025-12-03T11:28:38.319Z,33.67601237283156,33.712711934404844,33.6625,33.6625,V4 池,33.712711934404844,合约价格,33.6625,0.148941,0.00,0.00
2025-12-03T11:28:38.320Z,33.67601237283156,33.712711934404844,33.6625,33.6625,V4 池,33.712711934404844,合约价格,33.6625,0.148941,0.00,0.00
2025-12-03T11:28:38.400Z,33.67601237283156,33.712711934404844,33.6625,33.6625,V4 池,33.712711934404844,合约价格,33.6625,0.148941,0.00,0.00
2025-12-03T11:28:38.487Z,33.67601237283156,33.712711934404844,33.6625,33.6625,V4 池,33.712711934404844,合约价格,33.6625,0.148941,0.00,0.00
2025-12-03T11:28:38.551Z,33.67601237283156,33.712711934404844,33.6625,33.6625,V4 池,33.712711934404844,合约价格,33.6625,0.148941,0.00,0.00
2025-12-03T11:28:38.696Z,33.67601237283156,33.712711934404844,33.6625,33.6625,V4 池,33.712711934404844,合约价格,33.6625,0.148941,0.00,0.00
2025-12-03T11:28:40.177Z,33.67601237283156,33.712711934404844,33.663,33.663,V4 池,33.712711934404844,合约价格,33.663,0.147458,0.00,0.00
2025-12-03T11:28:43.197Z,33.67601237283156,33.712711934404844,33.6635,33.6635,V4 池,33.712711934404844,合约价格,33.6635,0.145974,0.00,0.00
2025-12-03T11:28:43.249Z,33.67601237283156,33.712711934404844,33.6635,33.6635,V4 池,33.712711934404844,合约价格,33.6635,0.145974,0.00,0.00
2025-12-03T11:28:43.294Z,33.67601237283156,33.712711934404844,33.6635,33.6635,V4 池,33.712711934404844,合约价格,33.6635,0.145974,0.00,0.00
2025-12-03T11:28:43.296Z,33.67601237283156,33.712711934404844,33.6635,33.6635,V4 池,33.712711934404844,合约价格,33.6635,0.145974,0.00,0.00
2025-12-03T11:28:43.352Z,33.67601237283156,33.712711934404844,33.6635,33.6635,V4 池,33.712711934404844,合约价格,33.6635,0.145974,0.00,0.00
2025-12-03T11:28:43.632Z,33.67601237283156,33.712711934404844,33.6635,33.6635,V4 池,33.712711934404844,合约价格,33.6635,0.145974,0.00,0.00
2025-12-03T11:28:45.108Z,33.67601237283156,33.712711934404844,33.6645,33.6645,V4 池,33.712711934404844,合约价格,33.6645,0.143008,0.00,0.00
2025-12-03T11:28:48.307Z,33.67601237283156,33.712711934404844,33.673,33.673,V4 池,33.712711934404844,合约价格,33.673,0.117795,0.00,0.00
2025-12-03T11:28:48.326Z,33.67601237283156,33.712711934404844,33.6675,33.6675,V4 池,33.712711934404844,合约价格,33.6675,0.134109,0.00,0.00
2025-12-03T11:28:48.337Z,33.67601237283156,33.712711934404844,33.6675,33.6675,V4 池,33.712711934404844,合约价格,33.6675,0.134109,0.00,0.00
2025-12-03T11:28:48.391Z,33.67601237283156,33.712711934404844,33.6675,33.6675,V4 池,33.712711934404844,合约价格,33.6675,0.134109,0.00,0.00
2025-12-03T11:28:48.431Z,33.67601237283156,33.712711934404844,33.6645,33.6645,V4 池,33.712711934404844,合约价格,33.6645,0.143008,0.00,0.00
2025-12-03T11:28:48.567Z,33.67601237283156,33.712711934404844,33.6855,33.6855,V4 池,33.712711934404844,V3 池,33.67601237283156,0.108860,0.00,0.00
2025-12-03T11:28:50.076Z,33.67601237283156,33.712711934404844,33.6935,33.6935,V4 池,33.712711934404844,V3 池,33.67601237283156,0.108860,0.00,0.00
2025-12-03T11:28:53.192Z,33.67601237283156,33.712711934404844,33.6805,33.6805,V4 池,33.712711934404844,V3 池,33.67601237283156,0.108860,0.00,0.00
2025-12-03T11:28:53.305Z,33.67601237283156,33.712711934404844,33.6805,33.6805,V4 池,33.712711934404844,V3 池,33.67601237283156,0.108860,0.00,0.00
2025-12-03T11:28:53.319Z,33.67601237283156,33.712711934404844,33.6805,33.6805,V4 池,33.712711934404844,V3 池,33.67601237283156,0.108860,0.00,0.00
2025-12-03T11:28:53.415Z,33.67601237283156,33.712711934404844,33.6805,33.6805,V4 池,33.712711934404844,V3 池,33.67601237283156,0.108860,0.00,0.00
2025-12-03T11:28:53.432Z,33.67601237283156,33.712711934404844,33.6805,33.6805,V4 池,33.712711934404844,V3 池,33.67601237283156,0.108860,0.00,0.00
2025-12-03T11:28:53.531Z,33.67601237283156,33.712711934404844,33.6805,33.6805,V4 池,33.712711934404844,V3 池,33.67601237283156,0.108860,0.00,0.00
2025-12-03T11:28:55.009Z,33.67601237283156,33.712711934404844,33.6805,33.6805,V4 池,33.712711934404844,V3 池,33.67601237283156,0.108860,0.00,0.00
2025-12-03T11:28:58.233Z,33.67601237283156,33.712711934404844,33.6805,33.6805,V4 池,33.712711934404844,V3 池,33.67601237283156,0.108860,0.00,0.00
2025-12-03T11:28:58.238Z,33.67601237283156,33.712711934404844,33.6805,33.6805,V4 池,33.712711934404844,V3 池,33.67601237283156,0.108860,0.00,0.00
2025-12-03T11:28:58.355Z,33.67601237283156,33.712711934404844,33.6805,33.6805,V4 池,33.712711934404844,V3 池,33.67601237283156,0.108860,0.00,0.00
2025-12-03T11:28:58.381Z,33.67601237283156,33.712711934404844,33.6805,33.6805,V4 池,33.712711934404844,V3 池,33.67601237283156,0.108860,0.00,0.00
2025-12-03T11:28:58.461Z,33.67601237283156,33.712711934404844,33.6805,33.6805,V4 池,33.712711934404844,V3 池,33.67601237283156,0.108860,0.00,0.00
2025-12-03T11:28:58.534Z,33.67601237283156,33.712711934404844,33.6805,33.6805,V4 池,33.712711934404844,V3 池,33.67601237283156,0.108860,0.00,0.00
2025-12-03T11:29:00.014Z,33.67601237283156,33.712711934404844,33.6805,33.6805,V4 池,33.712711934404844,V3 池,33.67601237283156,0.108860,0.00,0.00
2025-12-03T11:29:03.473Z,33.67601237283156,33.712711934404844,33.6925,33.6925,V4 池,33.712711934404844,V3 池,33.67601237283156,0.108860,0.00,0.00
2025-12-03T11:29:03.553Z,33.67601237283156,33.712711934404844,33.6925,33.6925,V4 池,33.712711934404844,V3 池,33.67601237283156,0.108860,0.00,0.00
2025-12-03T11:29:03.776Z,33.67601237283156,33.712711934404844,33.6925,33.6925,V4 池,33.712711934404844,V3 池,33.67601237283156,0.108860,0.00,0.00
2025-12-03T11:29:03.913Z,33.67601237283156,33.712711934404844,33.6925,33.6925,V4 池,33.712711934404844,V3 池,33.67601237283156,0.108860,0.00,0.00
2025-12-03T11:29:03.923Z,33.67601237283156,33.712711934404844,33.6925,33.6925,V4 池,33.712711934404844,V3 池,33.67601237283156,0.108860,0.00,0.00
2025-12-03T11:29:04.458Z,33.67601237283156,33.712711934404844,33.6815,33.6815,V4 池,33.712711934404844,V3 池,33.67601237283156,0.108860,0.00,0.00
2025-12-03T11:29:05.292Z,33.67601237283156,33.712711934404844,33.6755,33.6755,V4 池,33.712711934404844,合约价格,33.6755,0.110380,0.00,0.00
2025-12-03T11:29:08.276Z,33.67601237283156,33.712711934404844,33.6645,33.6645,V4 池,33.712711934404844,合约价格,33.6645,0.143008,0.00,0.00
2025-12-03T11:29:08.310Z,33.67601237283156,33.712711934404844,33.6645,33.6645,V4 池,33.712711934404844,合约价格,33.6645,0.143008,0.00,0.00
2025-12-03T11:29:08.354Z,33.67601237283156,33.712711934404844,33.6645,33.6645,V4 池,33.712711934404844,合约价格,33.6645,0.143008,0.00,0.00
2025-12-03T11:29:08.408Z,33.67601237283156,33.712711934404844,33.6645,33.6645,V4 池,33.712711934404844,合约价格,33.6645,0.143008,0.00,0.00
2025-12-03T11:29:08.519Z,33.67601237283156,33.712711934404844,33.6645,33.6645,V4 池,33.712711934404844,合约价格,33.6645,0.143008,0.00,0.00
2025-12-03T11:29:08.646Z,33.67601237283156,33.712711934404844,33.6645,33.6645,V4 池,33.712711934404844,合约价格,33.6645,0.143008,0.00,0.00
2025-12-03T11:29:10.115Z,33.67601237283156,33.712711934404844,33.6605,33.6605,V4 池,33.712711934404844,合约价格,33.6605,0.154873,0.00,0.00
2025-12-03T11:29:21.264Z,33.67601237283156,33.712711934404844,33.681,33.681,V4 池,33.712711934404844,V3 池,33.67601237283156,0.108860,0.00,0.00
2025-12-03T11:29:21.335Z,33.67601237283156,33.712711934404844,33.681,33.681,V4 池,33.712711934404844,V3 池,33.67601237283156,0.108860,0.00,0.00
2025-12-03T11:29:21.345Z,33.67601237283156,33.712711934404844,33.681,33.681,V4 池,33.712711934404844,V3 池,33.67601237283156,0.108860,0.00,0.00
2025-12-03T11:29:21.356Z,33.67601237283156,33.712711934404844,33.681,33.681,V4 池,33.712711934404844,V3 池,33.67601237283156,0.108860,0.00,0.00
2025-12-03T11:29:21.417Z,33.67601237283156,33.712711934404844,33.681,33.681,V4 池,33.712711934404844,V3 池,33.67601237283156,0.108860,0.00,0.00
2025-12-03T11:29:21.420Z,33.67601237283156,33.712711934404844,33.681,33.681,V4 池,33.712711934404844,V3 池,33.67601237283156,0.108860,0.00,0.00
2025-12-03T11:29:26.163Z,33.67601237283156,33.712711934404844,33.68,33.68,V4 池,33.712711934404844,V3 池,33.67601237283156,0.108860,0.00,0.00
2025-12-03T11:29:26.252Z,33.67601237283156,33.712711934404844,33.6825,33.6825,V4 池,33.712711934404844,V3 池,33.67601237283156,0.108860,0.00,0.00
2025-12-03T11:29:26.381Z,33.67601237283156,33.712711934404844,33.6825,33.6825,V4 池,33.712711934404844,V3 池,33.67601237283156,0.108860,0.00,0.00
2025-12-03T11:29:26.387Z,33.67601237283156,33.712711934404844,33.68,33.68,V4 池,33.712711934404844,V3 池,33.67601237283156,0.108860,0.00,0.00
2025-12-03T11:29:26.392Z,33.67601237283156,33.712711934404844,33.6825,33.6825,V4 池,33.712711934404844,V3 池,33.67601237283156,0.108860,0.00,0.00
2025-12-03T11:29:26.407Z,33.67601237283156,33.712711934404844,33.6825,33.6825,V4 池,33.712711934404844,V3 池,33.67601237283156,0.108860,0.00,0.00
2025-12-03T11:29:26.407Z,33.67601237283156,33.712711934404844,33.6825,33.6825,V4 池,33.712711934404844,V3 池,33.67601237283156,0.108860,0.00,0.00
2025-12-03T11:29:26.461Z,33.67601237283156,33.712711934404844,33.6825,33.6825,V4 池,33.712711934404844,V3 池,33.67601237283156,0.108860,0.00,0.00
2025-12-03T11:29:31.181Z,33.67601237283156,33.712711934404844,33.691,33.691,V4 池,33.712711934404844,V3 池,33.67601237283156,0.108860,0.00,0.00
2025-12-03T11:29:31.196Z,33.67601237283156,33.712711934404844,33.691,33.691,V4 池,33.712711934404844,V3 池,33.67601237283156,0.108860,0.00,0.00
2025-12-03T11:29:31.267Z,33.67601237283156,33.712711934404844,33.691,33.691,V4 池,33.712711934404844,V3 池,33.67601237283156,0.108860,0.00,0.00
2025-12-03T11:29:31.282Z,33.67601237283156,33.712711934404844,33.691,33.691,V4 池,33.712711934404844,V3 池,33.67601237283156,0.108860,0.00,0.00
2025-12-03T11:29:31.329Z,33.67601237283156,33.712711934404844,33.691,33.691,V4 池,33.712711934404844,V3 池,33.67601237283156,0.108860,0.00,0.00
2025-12-03T11:29:31.343Z,33.67601237283156,33.712711934404844,33.691,33.691,V4 池,33.712711934404844,V3 池,33.67601237283156,0.108860,0.00,0.00
2025-12-03T11:29:31.401Z,33.67601237283156,33.712711934404844,33.691,33.691,V4 池,33.712711934404844,V3 池,33.67601237283156,0.108860,0.00,0.00
2025-12-03T11:29:36.188Z,33.67601237283156,33.712711934404844,33.6965,33.6965,V4 池,33.712711934404844,V3 池,33.67601237283156,0.108860,0.00,0.00
2025-12-03T11:29:36.200Z,33.67601237283156,33.712711934404844,33.6965,33.6965,V4 池,33.712711934404844,V3 池,33.67601237283156,0.108860,0.00,0.00
2025-12-03T11:29:36.263Z,33.67601237283156,33.712711934404844,33.6965,33.6965,V4 池,33.712711934404844,V3 池,33.67601237283156,0.108860,0.00,0.00
2025-12-03T11:29:36.272Z,33.67601237283156,33.712711934404844,33.6965,33.6965,V4 池,33.712711934404844,V3 池,33.67601237283156,0.108860,0.00,0.00
2025-12-03T11:29:36.297Z,33.67601237283156,33.712711934404844,33.6965,33.6965,V4 池,33.712711934404844,V3 池,33.67601237283156,0.108860,0.00,0.00
2025-12-03T11:29:36.307Z,33.67601237283156,33.712711934404844,33.6965,33.6965,V4 池,33.712711934404844,V3 池,33.67601237283156,0.108860,0.00,0.00
2025-12-03T11:29:36.452Z,33.67601237283156,33.712711934404844,33.6965,33.6965,V4 池,33.712711934404844,V3 池,33.67601237283156,0.108860,0.00,0.00
2025-12-03T11:29:41.171Z,33.67601237283156,33.712711934404844,33.6935,33.6935,V4 池,33.712711934404844,V3 池,33.67601237283156,0.108860,0.00,0.00
2025-12-03T11:29:41.265Z,33.67601237283156,33.712711934404844,33.6935,33.6935,V4 池,33.712711934404844,V3 池,33.67601237283156,0.108860,0.00,0.00
2025-12-03T11:29:41.274Z,33.67601237283156,33.712711934404844,33.6935,33.6935,V4 池,33.712711934404844,V3 池,33.67601237283156,0.108860,0.00,0.00
2025-12-03T11:29:41.277Z,33.67601237283156,33.712711934404844,33.6935,33.6935,V4 池,33.712711934404844,V3 池,33.67601237283156,0.108860,0.00,0.00
2025-12-03T11:29:41.309Z,33.67601237283156,33.712711934404844,33.6935,33.6935,V4 池,33.712711934404844,V3 池,33.67601237283156,0.108860,0.00,0.00
2025-12-03T11:29:41.349Z,33.67601237283156,33.712711934404844,33.6935,33.6935,V4 池,33.712711934404844,V3 池,33.67601237283156,0.108860,0.00,0.00
2025-12-03T11:29:41.406Z,33.67601237283156,33.712711934404844,33.6935,33.6935,V4 池,33.712711934404844,V3 池,33.67601237283156,0.108860,0.00,0.00
2025-12-03T11:29:46.168Z,33.67601237283156,33.712711934404844,33.6945,33.6945,V4 池,33.712711934404844,V3 池,33.67601237283156,0.108860,0.00,0.00
2025-12-03T11:29:46.239Z,33.67601237283156,33.712711934404844,33.6945,33.6945,V4 池,33.712711934404844,V3 池,33.67601237283156,0.108860,0.00,0.00
2025-12-03T11:29:46.245Z,33.67601237283156,33.712711934404844,33.6945,33.6945,V4 池,33.712711934404844,V3 池,33.67601237283156,0.108860,0.00,0.00
2025-12-03T11:29:46.298Z,33.67601237283156,33.712711934404844,33.6945,33.6945,V4 池,33.712711934404844,V3 池,33.67601237283156,0.108860,0.00,0.00
2025-12-03T11:29:46.301Z,33.67601237283156,33.712711934404844,33.6945,33.6945,V4 池,33.712711934404844,V3 池,33.67601237283156,0.108860,0.00,0.00
2025-12-03T11:29:46.470Z,33.67601237283156,33.712711934404844,33.6945,33.6945,V4 池,33.712711934404844,V3 池,33.67601237283156,0.108860,0.00,0.00
2025-12-03T11:29:46.493Z,33.67601237283156,33.712711934404844,33.6945,33.6945,V4 池,33.712711934404844,V3 池,33.67601237283156,0.108860,0.00,0.00
2025-12-03T11:29:51.203Z,33.67601237283156,33.712711934404844,33.7165,33.7165,现货价格,33.7165,V3 池,33.67601237283156,0.120083,0.00,0.00
2025-12-03T11:29:51.260Z,33.67601237283156,33.712711934404844,33.7165,33.7165,现货价格,33.7165,V3 池,33.67601237283156,0.120083,0.00,0.00
2025-12-03T11:29:51.261Z,33.67601237283156,33.712711934404844,33.7165,33.7165,现货价格,33.7165,V3 池,33.67601237283156,0.120083,0.00,0.00
2025-12-03T11:29:51.302Z,33.67601237283156,33.712711934404844,33.7165,33.7165,现货价格,33.7165,V3 池,33.67601237283156,0.120083,0.00,0.00
2025-12-03T11:29:51.320Z,33.67601237283156,33.712711934404844,33.7165,33.7165,现货价格,33.7165,V3 池,33.67601237283156,0.120083,0.00,0.00
2025-12-03T11:29:51.327Z,33.67601237283156,33.712711934404844,33.7165,33.7165,现货价格,33.7165,V3 池,33.67601237283156,0.120083,0.00,0.00
2025-12-03T11:29:51.329Z,33.67601237283156,33.712711934404844,33.7165,33.7165,现货价格,33.7165,V3 池,33.67601237283156,0.120083,0.00,0.00
2025-12-03T11:29:56.136Z,33.67601237283156,33.712711934404844,33.71,33.71,V4 池,33.712711934404844,V3 池,33.67601237283156,0.108860,0.00,0.00
2025-12-03T11:29:56.190Z,33.67601237283156,33.712711934404844,33.71,33.71,V4 池,33.712711934404844,V3 池,33.67601237283156,0.108860,0.00,0.00
2025-12-03T11:29:56.235Z,33.67601237283156,33.712711934404844,33.71,33.71,V4 池,33.712711934404844,V3 池,33.67601237283156,0.108860,0.00,0.00
2025-12-03T11:29:56.269Z,33.67601237283156,33.712711934404844,33.71,33.71,V4 池,33.712711934404844,V3 池,33.67601237283156,0.108860,0.00,0.00
2025-12-03T11:29:56.287Z,33.67601237283156,33.712711934404844,33.71,33.71,V4 池,33.712711934404844,V3 池,33.67601237283156,0.108860,0.00,0.00
2025-12-03T11:29:56.392Z,33.67601237283156,33.712711934404844,33.71,33.71,V4 池,33.712711934404844,V3 池,33.67601237283156,0.108860,0.00,0.00
2025-12-03T11:29:56.425Z,33.67601237283156,33.712711934404844,33.71,33.71,V4 池,33.712711934404844,V3 池,33.67601237283156,0.108860,0.00,0.00
2025-12-03T11:30:01.378Z,33.67601237283156,33.712711934404844,33.7065,33.7065,V4 池,33.712711934404844,V3 池,33.67601237283156,0.108860,0.00,0.00
2025-12-03T11:30:01.433Z,33.67601237283156,33.712711934404844,33.7065,33.7065,V4 池,33.712711934404844,V3 池,33.67601237283156,0.108860,0.00,0.00
2025-12-03T11:30:01.444Z,33.67601237283156,33.712711934404844,33.7065,33.7065,V4 池,33.712711934404844,V3 池,33.67601237283156,0.108860,0.00,0.00
2025-12-03T11:30:01.503Z,33.67601237283156,33.712711934404844,33.7065,33.7065,V4 池,33.712711934404844,V3 池,33.67601237283156,0.108860,0.00,0.00
2025-12-03T11:30:01.525Z,33.67601237283156,33.712711934404844,33.7065,33.7065,V4 池,33.712711934404844,V3 池,33.67601237283156,0.108860,0.00,0.00
2025-12-03T11:30:01.583Z,33.67601237283156,33.712711934404844,33.7065,33.7065,V4 池,33.712711934404844,V3 池,33.67601237283156,0.108860,0.00,0.00
2025-12-03T11:30:01.873Z,33.67601237283156,33.712711934404844,33.7065,33.7065,V4 池,33.712711934404844,V3 池,33.67601237283156,0.108860,0.00,0.00
2025-12-03T11:30:06.455Z,33.67601237283156,33.712711934404844,33.697,33.697,V4 池,33.712711934404844,V3 池,33.67601237283156,0.108860,0.00,0.00
2025-12-03T11:30:06.481Z,33.67601237283156,33.712711934404844,33.697,33.697,V4 池,33.712711934404844,V3 池,33.67601237283156,0.108860,0.00,0.00
2025-12-03T11:30:06.500Z,33.67601237283156,33.712711934404844,33.697,33.697,V4 池,33.712711934404844,V3 池,33.67601237283156,0.108860,0.00,0.00
2025-12-03T11:30:06.526Z,33.67601237283156,33.712711934404844,33.697,33.697,V4 池,33.712711934404844,V3 池,33.67601237283156,0.108860,0.00,0.00
2025-12-03T11:30:06.633Z,33.67601237283156,33.712711934404844,33.697,33.697,V4 池,33.712711934404844,V3 池,33.67601237283156,0.108860,0.00,0.00
2025-12-03T11:30:06.679Z,33.67601237283156,33.712711934404844,33.697,33.697,V4 池,33.712711934404844,V3 池,33.67601237283156,0.108860,0.00,0.00
2025-12-03T11:30:06.900Z,33.67601237283156,33.712711934404844,33.697,33.697,V4 池,33.712711934404844,V3 池,33.67601237283156,0.108860,0.00,0.00
2025-12-03T11:30:11.203Z,33.67601237283156,33.712711934404844,33.6725,33.6725,V4 池,33.712711934404844,合约价格,33.6725,0.119278,0.00,0.00
2025-12-03T11:30:11.214Z,33.67601237283156,33.712711934404844,33.6725,33.6725,V4 池,33.712711934404844,合约价格,33.6725,0.119278,0.00,0.00
2025-12-03T11:30:11.257Z,33.67601237283156,33.712711934404844,33.6725,33.6725,V4 池,33.712711934404844,合约价格,33.6725,0.119278,0.00,0.00
2025-12-03T11:30:11.280Z,33.67601237283156,33.712711934404844,33.6725,33.6725,V4 池,33.712711934404844,合约价格,33.6725,0.119278,0.00,0.00
2025-12-03T11:30:11.330Z,33.67601237283156,33.712711934404844,33.6725,33.6725,V4 池,33.712711934404844,合约价格,33.6725,0.119278,0.00,0.00
2025-12-03T11:30:11.333Z,33.67601237283156,33.712711934404844,33.6725,33.6725,V4 池,33.712711934404844,合约价格,33.6725,0.119278,0.00,0.00
2025-12-03T11:30:11.373Z,33.67601237283156,33.712711934404844,33.6725,33.6725,V4 池,33.712711934404844,合约价格,33.6725,0.119278,0.00,0.00
2025-12-03T11:30:16.224Z,33.67601237283156,33.712711934404844,33.6695,33.6695,V4 池,33.712711934404844,合约价格,33.6695,0.128177,0.00,0.00
2025-12-03T11:30:16.231Z,33.67601237283156,33.712711934404844,33.6695,33.6695,V4 池,33.712711934404844,合约价格,33.6695,0.128177,0.00,0.00
2025-12-03T11:30:16.232Z,33.67601237283156,33.712711934404844,33.6695,33.6695,V4 池,33.712711934404844,合约价格,33.6695,0.128177,0.00,0.00
2025-12-03T11:30:16.254Z,33.67601237283156,33.712711934404844,33.6695,33.6695,V4 池,33.712711934404844,合约价格,33.6695,0.128177,0.00,0.00
2025-12-03T11:30:16.300Z,33.67601237283156,33.712711934404844,33.6695,33.6695,V4 池,33.712711934404844,合约价格,33.6695,0.128177,0.00,0.00
2025-12-03T11:30:16.344Z,33.67601237283156,33.712711934404844,33.6695,33.6695,V4 池,33.712711934404844,合约价格,33.6695,0.128177,0.00,0.00
2025-12-03T11:30:16.445Z,33.67601237283156,33.712711934404844,33.6695,33.6695,V4 池,33.712711934404844,合约价格,33.6695,0.128177,0.00,0.00
2025-12-03T11:30:21.204Z,33.67601237283156,33.712711934404844,33.6695,33.6695,V4 池,33.712711934404844,合约价格,33.6695,0.128177,0.00,0.00
2025-12-03T11:30:21.230Z,33.67601237283156,33.712711934404844,33.6695,33.6695,V4 池,33.712711934404844,合约价格,33.6695,0.128177,0.00,0.00
2025-12-03T11:30:21.260Z,33.67601237283156,33.712711934404844,33.6695,33.6695,V4 池,33.712711934404844,合约价格,33.6695,0.128177,0.00,0.00
2025-12-03T11:30:21.268Z,33.67601237283156,33.712711934404844,33.6695,33.6695,V4 池,33.712711934404844,合约价格,33.6695,0.128177,0.00,0.00
2025-12-03T11:30:21.278Z,33.67601237283156,33.712711934404844,33.6695,33.6695,V4 池,33.712711934404844,合约价格,33.6695,0.128177,0.00,0.00
2025-12-03T11:30:21.354Z,33.67601237283156,33.712711934404844,33.6695,33.6695,V4 池,33.712711934404844,合约价格,33.6695,0.128177,0.00,0.00
2025-12-03T11:30:21.459Z,33.67601237283156,33.712711934404844,33.6695,33.6695,V4 池,33.712711934404844,合约价格,33.6695,0.128177,0.00,0.00
2025-12-03T11:30:26.154Z,33.67601237283156,33.712711934404844,33.6695,33.6695,V4 池,33.712711934404844,合约价格,33.6695,0.128177,0.00,0.00
2025-12-03T11:30:26.162Z,33.67601237283156,33.712711934404844,33.6695,33.6695,V4 池,33.712711934404844,合约价格,33.6695,0.128177,0.00,0.00
2025-12-03T11:30:26.228Z,33.67601237283156,33.712711934404844,33.6695,33.6695,V4 池,33.712711934404844,合约价格,33.6695,0.128177,0.00,0.00
2025-12-03T11:30:26.271Z,33.67601237283156,33.712711934404844,33.6695,33.6695,V4 池,33.712711934404844,合约价格,33.6695,0.128177,0.00,0.00
2025-12-03T11:30:26.293Z,33.67601237283156,33.712711934404844,33.6695,33.6695,V4 池,33.712711934404844,合约价格,33.6695,0.128177,0.00,0.00
2025-12-03T11:30:26.307Z,33.67601237283156,33.712711934404844,33.6695,33.6695,V4 池,33.712711934404844,合约价格,33.6695,0.128177,0.00,0.00
2025-12-03T11:30:26.334Z,33.67601237283156,33.712711934404844,33.6695,33.6695,V4 池,33.712711934404844,合约价格,33.6695,0.128177,0.00,0.00
2025-12-03T11:30:31.151Z,33.67601237283156,33.712711934404844,33.6695,33.6695,V4 池,33.712711934404844,合约价格,33.6695,0.128177,0.00,0.00
2025-12-03T11:30:31.163Z,33.67601237283156,33.712711934404844,33.6695,33.6695,V4 池,33.712711934404844,合约价格,33.6695,0.128177,0.00,0.00
2025-12-03T11:30:31.196Z,33.67601237283156,33.712711934404844,33.6695,33.6695,V4 池,33.712711934404844,合约价格,33.6695,0.128177,0.00,0.00
2025-12-03T11:30:31.248Z,33.67601237283156,33.712711934404844,33.6695,33.6695,V4 池,33.712711934404844,合约价格,33.6695,0.128177,0.00,0.00
2025-12-03T11:30:31.271Z,33.67601237283156,33.712711934404844,33.6695,33.6695,V4 池,33.712711934404844,合约价格,33.6695,0.128177,0.00,0.00
2025-12-03T11:30:31.300Z,33.67601237283156,33.712711934404844,33.6695,33.6695,V4 池,33.712711934404844,合约价格,33.6695,0.128177,0.00,0.00
2025-12-03T11:30:31.413Z,33.67601237283156,33.712711934404844,33.6695,33.6695,V4 池,33.712711934404844,合约价格,33.6695,0.128177,0.00,0.00
2025-12-03T11:30:36.227Z,33.67601237283156,33.712711934404844,33.7025,33.7025,V4 池,33.712711934404844,V3 池,33.67601237283156,0.108860,0.00,0.00
2025-12-03T11:30:36.247Z,33.67601237283156,33.712711934404844,33.7025,33.7025,V4 池,33.712711934404844,V3 池,33.67601237283156,0.108860,0.00,0.00
2025-12-03T11:30:36.258Z,33.67601237283156,33.712711934404844,33.7025,33.7025,V4 池,33.712711934404844,V3 池,33.67601237283156,0.108860,0.00,0.00
2025-12-03T11:30:36.274Z,33.67601237283156,33.712711934404844,33.7025,33.7025,V4 池,33.712711934404844,V3 池,33.67601237283156,0.108860,0.00,0.00
2025-12-03T11:30:36.283Z,33.67601237283156,33.712711934404844,33.7025,33.7025,V4 池,33.712711934404844,V3 池,33.67601237283156,0.108860,0.00,0.00
2025-12-03T11:30:36.432Z,33.67601237283156,33.712711934404844,33.7025,33.7025,V4 池,33.712711934404844,V3 池,33.67601237283156,0.108860,0.00,0.00
2025-12-03T11:30:36.434Z,33.67601237283156,33.712711934404844,33.7025,33.7025,V4 池,33.712711934404844,V3 池,33.67601237283156,0.108860,0.00,0.00
2025-12-03T11:30:41.236Z,33.67601237283156,33.712711934404844,33.7075,33.7075,V4 池,33.712711934404844,V3 池,33.67601237283156,0.108860,0.00,0.00
2025-12-03T11:30:41.319Z,33.67601237283156,33.712711934404844,33.7075,33.7075,V4 池,33.712711934404844,V3 池,33.67601237283156,0.108860,0.00,0.00
2025-12-03T11:30:41.350Z,33.67601237283156,33.712711934404844,33.7075,33.7075,V4 池,33.712711934404844,V3 池,33.67601237283156,0.108860,0.00,0.00
2025-12-03T11:30:41.363Z,33.67601237283156,33.712711934404844,33.7075,33.7075,V4 池,33.712711934404844,V3 池,33.67601237283156,0.108860,0.00,0.00
2025-12-03T11:30:41.414Z,33.67601237283156,33.712711934404844,33.7075,33.7075,V4 池,33.712711934404844,V3 池,33.67601237283156,0.108860,0.00,0.00
2025-12-03T11:30:41.510Z,33.67601237283156,33.712711934404844,33.7075,33.7075,V4 池,33.712711934404844,V3 池,33.67601237283156,0.108860,0.00,0.00
2025-12-03T11:30:41.630Z,33.67601237283156,33.712711934404844,33.7075,33.7075,V4 池,33.712711934404844,V3 池,33.67601237283156,0.108860,0.00,0.00
2025-12-03T11:30:46.284Z,33.67601237283156,33.712711934404844,33.723,33.723,现货价格,33.723,V3 池,33.67601237283156,0.139334,0.00,0.00
2025-12-03T11:30:46.372Z,33.67601237283156,33.712711934404844,33.723,33.723,现货价格,33.723,V3 池,33.67601237283156,0.139334,0.00,0.00
2025-12-03T11:30:46.388Z,33.67601237283156,33.712711934404844,33.723,33.723,现货价格,33.723,V3 池,33.67601237283156,0.139334,0.00,0.00
2025-12-03T11:30:46.436Z,33.67601237283156,33.712711934404844,33.723,33.723,现货价格,33.723,V3 池,33.67601237283156,0.139334,0.00,0.00
2025-12-03T11:30:46.533Z,33.67601237283156,33.712711934404844,33.723,33.723,现货价格,33.723,V3 池,33.67601237283156,0.139334,0.00,0.00
2025-12-03T11:30:46.556Z,33.67601237283156,33.712711934404844,33.723,33.723,现货价格,33.723,V3 池,33.67601237283156,0.139334,0.00,0.00
2025-12-03T11:30:46.738Z,33.67601237283156,33.712711934404844,33.723,33.723,现货价格,33.723,V3 池,33.67601237283156,0.139334,0.00,0.00
2025-12-03T11:30:51.161Z,33.67601237283156,33.712711934404844,33.7255,33.7255,现货价格,33.7255,V3 池,33.67601237283156,0.146737,0.00,0.00
2025-12-03T11:30:51.167Z,33.67601237283156,33.712711934404844,33.7255,33.7255,现货价格,33.7255,V3 池,33.67601237283156,0.146737,0.00,0.00
2025-12-03T11:30:51.209Z,33.67601237283156,33.712711934404844,33.7255,33.7255,现货价格,33.7255,V3 池,33.67601237283156,0.146737,0.00,0.00
2025-12-03T11:30:51.226Z,33.67601237283156,33.712711934404844,33.7255,33.7255,现货价格,33.7255,V3 池,33.67601237283156,0.146737,0.00,0.00
2025-12-03T11:30:51.227Z,33.67601237283156,33.712711934404844,33.7255,33.7255,现货价格,33.7255,V3 池,33.67601237283156,0.146737,0.00,0.00
2025-12-03T11:30:51.280Z,33.67601237283156,33.712711934404844,33.7255,33.7255,现货价格,33.7255,V3 池,33.67601237283156,0.146737,0.00,0.00
2025-12-03T11:30:51.318Z,33.67601237283156,33.712711934404844,33.7255,33.7255,现货价格,33.7255,V3 池,33.67601237283156,0.146737,0.00,0.00
2025-12-03T11:30:56.152Z,33.67601237283156,33.712711934404844,33.7305,33.7305,现货价格,33.7305,V3 池,33.67601237283156,0.161538,0.00,0.00
2025-12-03T11:30:56.176Z,33.67601237283156,33.712711934404844,33.7305,33.7305,现货价格,33.7305,V3 池,33.67601237283156,0.161538,0.00,0.00
2025-12-03T11:30:56.241Z,33.67601237283156,33.712711934404844,33.7305,33.7305,现货价格,33.7305,V3 池,33.67601237283156,0.161538,0.00,0.00
2025-12-03T11:30:56.246Z,33.67601237283156,33.712711934404844,33.7305,33.7305,现货价格,33.7305,V3 池,33.67601237283156,0.161538,0.00,0.00
2025-12-03T11:30:56.249Z,33.67601237283156,33.712711934404844,33.7305,33.7305,现货价格,33.7305,V3 池,33.67601237283156,0.161538,0.00,0.00
2025-12-03T11:30:56.323Z,33.67601237283156,33.712711934404844,33.7305,33.7305,现货价格,33.7305,V3 池,33.67601237283156,0.161538,0.00,0.00
2025-12-03T11:30:56.498Z,33.67601237283156,33.712711934404844,33.7305,33.7305,现货价格,33.7305,V3 池,33.67601237283156,0.161538,0.00,0.00
2025-12-03T11:31:01.173Z,33.67601237283156,33.712711934404844,33.734,33.734,现货价格,33.734,V3 池,33.67601237283156,0.171897,0.00,0.00
2025-12-03T11:31:01.181Z,33.67601237283156,33.712711934404844,33.7315,33.7315,现货价格,33.7315,V3 池,33.67601237283156,0.164498,0.00,0.00
2025-12-03T11:31:01.275Z,33.67601237283156,33.712711934404844,33.734,33.734,现货价格,33.734,V3 池,33.67601237283156,0.171897,0.00,0.00
2025-12-03T11:31:01.298Z,33.67601237283156,33.712711934404844,33.7315,33.7315,现货价格,33.7315,V3 池,33.67601237283156,0.164498,0.00,0.00
2025-12-03T11:31:01.312Z,33.67601237283156,33.712711934404844,33.734,33.734,现货价格,33.734,V3 池,33.67601237283156,0.171897,0.00,0.00
2025-12-03T11:31:01.340Z,33.67601237283156,33.712711934404844,33.734,33.734,现货价格,33.734,V3 池,33.67601237283156,0.171897,0.00,0.00
2025-12-03T11:31:01.354Z,33.67601237283156,33.712711934404844,33.7315,33.7315,现货价格,33.7315,V3 池,33.67601237283156,0.164498,0.00,0.00
2025-12-03T11:31:06.157Z,33.67601237283156,33.712711934404844,33.7305,33.7305,现货价格,33.7305,V3 池,33.67601237283156,0.161538,0.00,0.00
2025-12-03T11:31:06.159Z,33.67601237283156,33.712711934404844,33.7305,33.7305,现货价格,33.7305,V3 池,33.67601237283156,0.161538,0.00,0.00
2025-12-03T11:31:06.222Z,33.67601237283156,33.712711934404844,33.7305,33.7305,现货价格,33.7305,V3 池,33.67601237283156,0.161538,0.00,0.00
2025-12-03T11:31:06.256Z,33.67601237283156,33.712711934404844,33.7305,33.7305,现货价格,33.7305,V3 池,33.67601237283156,0.161538,0.00,0.00
2025-12-03T11:31:06.271Z,33.67601237283156,33.712711934404844,33.7305,33.7305,现货价格,33.7305,V3 池,33.67601237283156,0.161538,0.00,0.00
2025-12-03T11:31:06.346Z,33.67601237283156,33.712711934404844,33.7305,33.7305,现货价格,33.7305,V3 池,33.67601237283156,0.161538,0.00,0.00
2025-12-03T11:31:06.413Z,33.67601237283156,33.712711934404844,33.7305,33.7305,现货价格,33.7305,V3 池,33.67601237283156,0.161538,0.00,0.00
2025-12-03T11:31:11.165Z,33.67601237283156,33.712711934404844,33.74,33.74,现货价格,33.74,V3 池,33.67601237283156,0.189649,0.00,0.00
2025-12-03T11:31:11.278Z,33.67601237283156,33.712711934404844,33.74,33.74,现货价格,33.74,V3 池,33.67601237283156,0.189649,0.00,0.00
2025-12-03T11:31:11.293Z,33.67601237283156,33.712711934404844,33.74,33.74,现货价格,33.74,V3 池,33.67601237283156,0.189649,0.00,0.00
2025-12-03T11:31:11.297Z,33.67601237283156,33.712711934404844,33.74,33.74,现货价格,33.74,V3 池,33.67601237283156,0.189649,0.00,0.00
2025-12-03T11:31:11.372Z,33.67601237283156,33.712711934404844,33.74,33.74,现货价格,33.74,V3 池,33.67601237283156,0.189649,0.00,0.00
2025-12-03T11:31:11.403Z,33.67601237283156,33.712711934404844,33.74,33.74,现货价格,33.74,V3 池,33.67601237283156,0.189649,0.00,0.00
2025-12-03T11:31:11.404Z,33.67601237283156,33.712711934404844,33.74,33.74,现货价格,33.74,V3 池,33.67601237283156,0.189649,0.00,0.00
2025-12-03T11:31:16.201Z,33.67601237283156,33.712711934404844,33.7265,33.7265,现货价格,33.7265,V3 池,33.67601237283156,0.149697,0.00,0.00
2025-12-03T11:31:16.283Z,33.67601237283156,33.712711934404844,33.7265,33.7265,现货价格,33.7265,V3 池,33.67601237283156,0.149697,0.00,0.00
2025-12-03T11:31:16.283Z,33.67601237283156,33.712711934404844,33.7265,33.7265,现货价格,33.7265,V3 池,33.67601237283156,0.149697,0.00,0.00
2025-12-03T11:31:16.314Z,33.67601237283156,33.712711934404844,33.7265,33.7265,现货价格,33.7265,V3 池,33.67601237283156,0.149697,0.00,0.00
2025-12-03T11:31:16.361Z,33.67601237283156,33.712711934404844,33.7265,33.7265,现货价格,33.7265,V3 池,33.67601237283156,0.149697,0.00,0.00
2025-12-03T11:31:16.393Z,33.67601237283156,33.712711934404844,33.7265,33.7265,现货价格,33.7265,V3 池,33.67601237283156,0.149697,0.00,0.00
2025-12-03T11:31:16.541Z,33.67601237283156,33.712711934404844,33.7265,33.7265,现货价格,33.7265,V3 池,33.67601237283156,0.149697,0.00,0.00
2025-12-03T11:31:21.201Z,33.67601237283156,33.712711934404844,33.7005,33.7005,V4 池,33.712711934404844,V3 池,33.67601237283156,0.108860,0.00,0.00
2025-12-03T11:31:21.284Z,33.67601237283156,33.712711934404844,33.7005,33.7005,V4 池,33.712711934404844,V3 池,33.67601237283156,0.108860,0.00,0.00
2025-12-03T11:31:21.295Z,33.67601237283156,33.712711934404844,33.7005,33.7005,V4 池,33.712711934404844,V3 池,33.67601237283156,0.108860,0.00,0.00
2025-12-03T11:31:21.309Z,33.67601237283156,33.712711934404844,33.7005,33.7005,V4 池,33.712711934404844,V3 池,33.67601237283156,0.108860,0.00,0.00
2025-12-03T11:31:21.412Z,33.67601237283156,33.712711934404844,33.7005,33.7005,V4 池,33.712711934404844,V3 池,33.67601237283156,0.108860,0.00,0.00
2025-12-03T11:31:21.466Z,33.67601237283156,33.712711934404844,33.7005,33.7005,V4 池,33.712711934404844,V3 池,33.67601237283156,0.108860,0.00,0.00
2025-12-03T11:31:21.506Z,33.67601237283156,33.712711934404844,33.7005,33.7005,V4 池,33.712711934404844,V3 池,33.67601237283156,0.108860,0.00,0.00
2025-12-03T11:31:26.219Z,33.67601237283156,33.712711934404844,33.6855,33.6855,V4 池,33.712711934404844,V3 池,33.67601237283156,0.108860,0.00,0.00
2025-12-03T11:31:26.252Z,33.67601237283156,33.712711934404844,33.6855,33.6855,V4 池,33.712711934404844,V3 池,33.67601237283156,0.108860,0.00,0.00
2025-12-03T11:31:26.298Z,33.67601237283156,33.712711934404844,33.6855,33.6855,V4 池,33.712711934404844,V3 池,33.67601237283156,0.108860,0.00,0.00
2025-12-03T11:31:26.302Z,33.67601237283156,33.712711934404844,33.6855,33.6855,V4 池,33.712711934404844,V3 池,33.67601237283156,0.108860,0.00,0.00
2025-12-03T11:31:26.309Z,33.67601237283156,33.712711934404844,33.6855,33.6855,V4 池,33.712711934404844,V3 池,33.67601237283156,0.108860,0.00,0.00
2025-12-03T11:31:26.326Z,33.67601237283156,33.712711934404844,33.6855,33.6855,V4 池,33.712711934404844,V3 池,33.67601237283156,0.108860,0.00,0.00
2025-12-03T11:31:26.373Z,33.67601237283156,33.712711934404844,33.6855,33.6855,V4 池,33.712711934404844,V3 池,33.67601237283156,0.108860,0.00,0.00
2025-12-03T11:31:31.215Z,33.67601237283156,33.712711934404844,33.6905,33.6905,V4 池,33.712711934404844,V3 池,33.67601237283156,0.108860,0.00,0.00
2025-12-03T11:31:31.344Z,33.67601237283156,33.712711934404844,33.6905,33.6905,V4 池,33.712711934404844,V3 池,33.67601237283156,0.108860,0.00,0.00
2025-12-03T11:31:31.345Z,33.67601237283156,33.712711934404844,33.6905,33.6905,V4 池,33.712711934404844,V3 池,33.67601237283156,0.108860,0.00,0.00
2025-12-03T11:31:31.364Z,33.67601237283156,33.712711934404844,33.6905,33.6905,V4 池,33.712711934404844,V3 池,33.67601237283156,0.108860,0.00,0.00
2025-12-03T11:31:31.512Z,33.67601237283156,33.712711934404844,33.6905,33.6905,V4 池,33.712711934404844,V3 池,33.67601237283156,0.108860,0.00,0.00
2025-12-03T11:31:31.524Z,33.67601237283156,33.712711934404844,33.6905,33.6905,V4 池,33.712711934404844,V3 池,33.67601237283156,0.108860,0.00,0.00
2025-12-03T11:31:31.804Z,33.67601237283156,33.712711934404844,33.6905,33.6905,V4 池,33.712711934404844,V3 池,33.67601237283156,0.108860,0.00,0.00
2025-12-03T11:31:36.223Z,33.67601237283156,33.712711934404844,33.6865,33.6865,V4 池,33.712711934404844,V3 池,33.67601237283156,0.108860,0.00,0.00
2025-12-03T11:31:36.243Z,33.67601237283156,33.712711934404844,33.6865,33.6865,V4 池,33.712711934404844,V3 池,33.67601237283156,0.108860,0.00,0.00
2025-12-03T11:31:36.262Z,33.67601237283156,33.712711934404844,33.6865,33.6865,V4 池,33.712711934404844,V3 池,33.67601237283156,0.108860,0.00,0.00
2025-12-03T11:31:36.300Z,33.67601237283156,33.712711934404844,33.6865,33.6865,V4 池,33.712711934404844,V3 池,33.67601237283156,0.108860,0.00,0.00
2025-12-03T11:31:36.415Z,33.67601237283156,33.712711934404844,33.6865,33.6865,V4 池,33.712711934404844,V3 池,33.67601237283156,0.108860,0.00,0.00
2025-12-03T11:31:36.419Z,33.67601237283156,33.712711934404844,33.6865,33.6865,V4 池,33.712711934404844,V3 池,33.67601237283156,0.108860,0.00,0.00
2025-12-03T11:31:36.462Z,33.67601237283156,33.712711934404844,33.6865,33.6865,V4 池,33.712711934404844,V3 池,33.67601237283156,0.108860,0.00,0.00
2025-12-03T11:31:41.294Z,33.67601237283156,33.712711934404844,33.6835,33.6835,V4 池,33.712711934404844,V3 池,33.67601237283156,0.108860,0.00,0.00
2025-12-03T11:31:41.320Z,33.67601237283156,33.712711934404844,33.6835,33.6835,V4 池,33.712711934404844,V3 池,33.67601237283156,0.108860,0.00,0.00
2025-12-03T11:31:41.325Z,33.67601237283156,33.712711934404844,33.6835,33.6835,V4 池,33.712711934404844,V3 池,33.67601237283156,0.108860,0.00,0.00
2025-12-03T11:31:41.359Z,33.67601237283156,33.712711934404844,33.6835,33.6835,V4 池,33.712711934404844,V3 池,33.67601237283156,0.108860,0.00,0.00
2025-12-03T11:31:41.389Z,33.67601237283156,33.712711934404844,33.6835,33.6835,V4 池,33.712711934404844,V3 池,33.67601237283156,0.108860,0.00,0.00
2025-12-03T11:31:41.412Z,33.67601237283156,33.712711934404844,33.6835,33.6835,V4 池,33.712711934404844,V3 池,33.67601237283156,0.108860,0.00,0.00
2025-12-03T11:31:41.430Z,33.67601237283156,33.712711934404844,33.6835,33.6835,V4 池,33.712711934404844,V3 池,33.67601237283156,0.108860,0.00,0.00
2025-12-03T11:31:46.266Z,33.67601237283156,33.712711934404844,33.6745,33.6745,V4 池,33.712711934404844,合约价格,33.6745,0.113346,0.00,0.00
2025-12-03T11:31:46.286Z,33.67601237283156,33.712711934404844,33.6745,33.6745,V4 池,33.712711934404844,合约价格,33.6745,0.113346,0.00,0.00
2025-12-03T11:31:46.287Z,33.67601237283156,33.712711934404844,33.6745,33.6745,V4 池,33.712711934404844,合约价格,33.6745,0.113346,0.00,0.00
2025-12-03T11:31:46.307Z,33.67601237283156,33.712711934404844,33.6745,33.6745,V4 池,33.712711934404844,合约价格,33.6745,0.113346,0.00,0.00
2025-12-03T11:31:46.365Z,33.67601237283156,33.712711934404844,33.6745,33.6745,V4 池,33.712711934404844,合约价格,33.6745,0.113346,0.00,0.00
2025-12-03T11:31:46.374Z,33.67601237283156,33.712711934404844,33.6745,33.6745,V4 池,33.712711934404844,合约价格,33.6745,0.113346,0.00,0.00
2025-12-03T11:31:46.376Z,33.67601237283156,33.712711934404844,33.6745,33.6745,V4 池,33.712711934404844,合约价格,33.6745,0.113346,0.00,0.00
2025-12-03T11:31:51.176Z,33.67601237283156,33.712711934404844,33.6715,33.6715,V4 池,33.712711934404844,合约价格,33.6715,0.122244,0.00,0.00
2025-12-03T11:31:51.252Z,33.67601237283156,33.712711934404844,33.6715,33.6715,V4 池,33.712711934404844,合约价格,33.6715,0.122244,0.00,0.00
2025-12-03T11:31:51.272Z,33.67601237283156,33.712711934404844,33.6715,33.6715,V4 池,33.712711934404844,合约价格,33.6715,0.122244,0.00,0.00
2025-12-03T11:31:51.350Z,33.67601237283156,33.712711934404844,33.6715,33.6715,V4 池,33.712711934404844,合约价格,33.6715,0.122244,0.00,0.00
2025-12-03T11:31:51.380Z,33.67601237283156,33.712711934404844,33.6715,33.6715,V4 池,33.712711934404844,合约价格,33.6715,0.122244,0.00,0.00
2025-12-03T11:31:51.443Z,33.67601237283156,33.712711934404844,33.6715,33.6715,V4 池,33.712711934404844,合约价格,33.6715,0.122244,0.00,0.00
2025-12-03T11:31:51.462Z,33.67601237283156,33.712711934404844,33.6715,33.6715,V4 池,33.712711934404844,合约价格,33.6715,0.122244,0.00,0.00
2025-12-03T11:31:56.165Z,33.67601237283156,33.712711934404844,33.6755,33.6755,V4 池,33.712711934404844,合约价格,33.6755,0.110380,0.00,0.00
2025-12-03T11:31:56.203Z,33.67601237283156,33.712711934404844,33.6755,33.6755,V4 池,33.712711934404844,合约价格,33.6755,0.110380,0.00,0.00
2025-12-03T11:31:56.253Z,33.67601237283156,33.712711934404844,33.6755,33.6755,V4 池,33.712711934404844,合约价格,33.6755,0.110380,0.00,0.00
2025-12-03T11:31:56.277Z,33.67601237283156,33.712711934404844,33.6755,33.6755,V4 池,33.712711934404844,合约价格,33.6755,0.110380,0.00,0.00
2025-12-03T11:31:56.386Z,33.67601237283156,33.712711934404844,33.6755,33.6755,V4 池,33.712711934404844,合约价格,33.6755,0.110380,0.00,0.00
2025-12-03T11:31:56.394Z,33.67601237283156,33.712711934404844,33.6755,33.6755,V4 池,33.712711934404844,合约价格,33.6755,0.110380,0.00,0.00
2025-12-03T11:31:56.520Z,33.67601237283156,33.712711934404844,33.6755,33.6755,V4 池,33.712711934404844,合约价格,33.6755,0.110380,0.00,0.00
2025-12-03T11:32:01.216Z,33.67601237283156,33.712711934404844,33.6765,33.6765,V4 池,33.712711934404844,V3 池,33.67601237283156,0.108860,0.00,0.00
2025-12-03T11:32:01.256Z,33.67601237283156,33.712711934404844,33.6765,33.6765,V4 池,33.712711934404844,V3 池,33.67601237283156,0.108860,0.00,0.00
2025-12-03T11:32:01.311Z,33.67601237283156,33.712711934404844,33.6765,33.6765,V4 池,33.712711934404844,V3 池,33.67601237283156,0.108860,0.00,0.00
2025-12-03T11:32:01.321Z,33.67601237283156,33.712711934404844,33.6765,33.6765,V4 池,33.712711934404844,V3 池,33.67601237283156,0.108860,0.00,0.00
2025-12-03T11:32:01.337Z,33.67601237283156,33.712711934404844,33.6765,33.6765,V4 池,33.712711934404844,V3 池,33.67601237283156,0.108860,0.00,0.00
2025-12-03T11:32:01.364Z,33.67601237283156,33.712711934404844,33.6765,33.6765,V4 池,33.712711934404844,V3 池,33.67601237283156,0.108860,0.00,0.00
2025-12-03T11:32:01.409Z,33.67601237283156,33.712711934404844,33.6765,33.6765,V4 池,33.712711934404844,V3 池,33.67601237283156,0.108860,0.00,0.00
2025-12-03T11:32:06.309Z,33.67601237283156,33.712711934404844,33.6765,33.6765,V4 池,33.712711934404844,V3 池,33.67601237283156,0.108860,0.00,0.00
2025-12-03T11:32:06.434Z,33.67601237283156,33.712711934404844,33.6765,33.6765,V4 池,33.712711934404844,V3 池,33.67601237283156,0.108860,0.00,0.00
2025-12-03T11:32:06.461Z,33.67601237283156,33.712711934404844,33.6765,33.6765,V4 池,33.712711934404844,V3 池,33.67601237283156,0.108860,0.00,0.00
2025-12-03T11:32:06.504Z,33.67601237283156,33.712711934404844,33.6765,33.6765,V4 池,33.712711934404844,V3 池,33.67601237283156,0.108860,0.00,0.00
2025-12-03T11:32:06.597Z,33.67601237283156,33.712711934404844,33.6765,33.6765,V4 池,33.712711934404844,V3 池,33.67601237283156,0.108860,0.00,0.00
2025-12-03T11:32:06.611Z,33.67601237283156,33.712711934404844,33.6765,33.6765,V4 池,33.712711934404844,V3 池,33.67601237283156,0.108860,0.00,0.00
2025-12-03T11:32:06.638Z,33.67601237283156,33.712711934404844,33.6765,33.6765,V4 池,33.712711934404844,V3 池,33.67601237283156,0.108860,0.00,0.00
2025-12-03T11:32:11.224Z,33.67601237283156,33.712711934404844,33.6605,33.6605,V4 池,33.712711934404844,合约价格,33.6605,0.154873,0.00,0.00
2025-12-03T11:32:11.262Z,33.67601237283156,33.712711934404844,33.6605,33.6605,V4 池,33.712711934404844,合约价格,33.6605,0.154873,0.00,0.00
2025-12-03T11:32:11.268Z,33.67601237283156,33.712711934404844,33.6605,33.6605,V4 池,33.712711934404844,合约价格,33.6605,0.154873,0.00,0.00
2025-12-03T11:32:11.280Z,33.67601237283156,33.712711934404844,33.6605,33.6605,V4 池,33.712711934404844,合约价格,33.6605,0.154873,0.00,0.00
2025-12-03T11:32:11.361Z,33.67601237283156,33.712711934404844,33.6605,33.6605,V4 池,33.712711934404844,合约价格,33.6605,0.154873,0.00,0.00
2025-12-03T11:32:11.386Z,33.67601237283156,33.712711934404844,33.6605,33.6605,V4 池,33.712711934404844,合约价格,33.6605,0.154873,0.00,0.00
2025-12-03T11:32:11.399Z,33.67601237283156,33.712711934404844,33.6605,33.6605,V4 池,33.712711934404844,合约价格,33.6605,0.154873,0.00,0.00
2025-12-03T11:32:16.280Z,33.67601237283156,33.712711934404844,33.659,33.659,V4 池,33.712711934404844,合约价格,33.659,0.159322,0.00,0.00
2025-12-03T11:32:16.288Z,33.67601237283156,33.712711934404844,33.659,33.659,V4 池,33.712711934404844,合约价格,33.659,0.159322,0.00,0.00
2025-12-03T11:32:16.354Z,33.67601237283156,33.712711934404844,33.659,33.659,V4 池,33.712711934404844,合约价格,33.659,0.159322,0.00,0.00
2025-12-03T11:32:16.398Z,33.67601237283156,33.712711934404844,33.659,33.659,V4 池,33.712711934404844,合约价格,33.659,0.159322,0.00,0.00
2025-12-03T11:32:16.408Z,33.67601237283156,33.712711934404844,33.659,33.659,V4 池,33.712711934404844,合约价格,33.659,0.159322,0.00,0.00
2025-12-03T11:32:16.524Z,33.67601237283156,33.712711934404844,33.659,33.659,V4 池,33.712711934404844,合约价格,33.659,0.159322,0.00,0.00
2025-12-03T11:32:16.766Z,33.67601237283156,33.712711934404844,33.659,33.659,V4 池,33.712711934404844,合约价格,33.659,0.159322,0.00,0.00
2025-12-03T11:32:21.153Z,33.67601237283156,33.712711934404844,33.6765,33.6765,V4 池,33.712711934404844,V3 池,33.67601237283156,0.108860,0.00,0.00
2025-12-03T11:32:21.203Z,33.67601237283156,33.712711934404844,33.6765,33.6765,V4 池,33.712711934404844,V3 池,33.67601237283156,0.108860,0.00,0.00
2025-12-03T11:32:21.258Z,33.67601237283156,33.712711934404844,33.6765,33.6765,V4 池,33.712711934404844,V3 池,33.67601237283156,0.108860,0.00,0.00
2025-12-03T11:32:21.428Z,33.67601237283156,33.712711934404844,33.6765,33.6765,V4 池,33.712711934404844,V3 池,33.67601237283156,0.108860,0.00,0.00
2025-12-03T11:32:21.455Z,33.67601237283156,33.712711934404844,33.6765,33.6765,V4 池,33.712711934404844,V3 池,33.67601237283156,0.108860,0.00,0.00
2025-12-03T11:32:21.580Z,33.67601237283156,33.712711934404844,33.6765,33.6765,V4 池,33.712711934404844,V3 池,33.67601237283156,0.108860,0.00,0.00
2025-12-03T11:32:21.868Z,33.67601237283156,33.712711934404844,33.6765,33.6765,V4 池,33.712711934404844,V3 池,33.67601237283156,0.108860,0.00,0.00
2025-12-03T11:32:26.270Z,33.67601237283156,33.712711934404844,33.708,33.708,V4 池,33.712711934404844,V3 池,33.67601237283156,0.108860,0.00,0.00
2025-12-03T11:32:26.291Z,33.67601237283156,33.712711934404844,33.708,33.708,V4 池,33.712711934404844,V3 池,33.67601237283156,0.108860,0.00,0.00
2025-12-03T11:32:26.302Z,33.67601237283156,33.712711934404844,33.708,33.708,V4 池,33.712711934404844,V3 池,33.67601237283156,0.108860,0.00,0.00
2025-12-03T11:32:26.383Z,33.67601237283156,33.712711934404844,33.708,33.708,V4 池,33.712711934404844,V3 池,33.67601237283156,0.108860,0.00,0.00
2025-12-03T11:32:26.425Z,33.67601237283156,33.712711934404844,33.708,33.708,V4 池,33.712711934404844,V3 池,33.67601237283156,0.108860,0.00,0.00
2025-12-03T11:32:26.452Z,33.67601237283156,33.712711934404844,33.708,33.708,V4 池,33.712711934404844,V3 池,33.67601237283156,0.108860,0.00,0.00
2025-12-03T11:32:26.905Z,33.67601237283156,33.712711934404844,33.708,33.708,V4 池,33.712711934404844,V3 池,33.67601237283156,0.108860,0.00,0.00
2025-12-03T11:32:31.231Z,33.67601237283156,33.712711934404844,33.7235,33.7235,现货价格,33.7235,V3 池,33.67601237283156,0.140815,0.00,0.00
2025-12-03T11:32:31.298Z,33.67601237283156,33.712711934404844,33.7235,33.7235,现货价格,33.7235,V3 池,33.67601237283156,0.140815,0.00,0.00
2025-12-03T11:32:31.380Z,33.67601237283156,33.712711934404844,33.7235,33.7235,现货价格,33.7235,V3 池,33.67601237283156,0.140815,0.00,0.00
2025-12-03T11:32:31.391Z,33.67601237283156,33.712711934404844,33.7235,33.7235,现货价格,33.7235,V3 池,33.67601237283156,0.140815,0.00,0.00
2025-12-03T11:32:31.427Z,33.67601237283156,33.712711934404844,33.7235,33.7235,现货价格,33.7235,V3 池,33.67601237283156,0.140815,0.00,0.00
2025-12-03T11:32:31.598Z,33.67601237283156,33.712711934404844,33.7235,33.7235,现货价格,33.7235,V3 池,33.67601237283156,0.140815,0.00,0.00
2025-12-03T11:32:31.704Z,33.67601237283156,33.712711934404844,33.7235,33.7235,现货价格,33.7235,V3 池,33.67601237283156,0.140815,0.00,0.00
2025-12-03T11:32:36.272Z,33.67601237283156,33.712711934404844,33.7035,33.7035,V4 池,33.712711934404844,V3 池,33.67601237283156,0.108860,0.00,0.00
2025-12-03T11:32:36.282Z,33.67601237283156,33.712711934404844,33.7035,33.7035,V4 池,33.712711934404844,V3 池,33.67601237283156,0.108860,0.00,0.00
2025-12-03T11:32:36.315Z,33.67601237283156,33.712711934404844,33.7035,33.7035,V4 池,33.712711934404844,V3 池,33.67601237283156,0.108860,0.00,0.00
2025-12-03T11:32:36.327Z,33.67601237283156,33.712711934404844,33.7035,33.7035,V4 池,33.712711934404844,V3 池,33.67601237283156,0.108860,0.00,0.00
2025-12-03T11:32:36.352Z,33.67601237283156,33.712711934404844,33.7035,33.7035,V4 池,33.712711934404844,V3 池,33.67601237283156,0.108860,0.00,0.00
2025-12-03T11:32:36.396Z,33.67601237283156,33.712711934404844,33.7035,33.7035,V4 池,33.712711934404844,V3 池,33.67601237283156,0.108860,0.00,0.00
2025-12-03T11:32:36.403Z,33.67601237283156,33.712711934404844,33.7035,33.7035,V4 池,33.712711934404844,V3 池,33.67601237283156,0.108860,0.00,0.00
2025-12-03T11:32:41.221Z,33.67601237283156,33.712711934404844,33.7035,33.7035,V4 池,33.712711934404844,V3 池,33.67601237283156,0.108860,0.00,0.00
2025-12-03T11:32:41.273Z,33.67601237283156,33.712711934404844,33.7035,33.7035,V4 池,33.712711934404844,V3 池,33.67601237283156,0.108860,0.00,0.00
2025-12-03T11:32:41.283Z,33.67601237283156,33.712711934404844,33.7035,33.7035,V4 池,33.712711934404844,V3 池,33.67601237283156,0.108860,0.00,0.00
2025-12-03T11:32:41.383Z,33.67601237283156,33.712711934404844,33.7035,33.7035,V4 池,33.712711934404844,V3 池,33.67601237283156,0.108860,0.00,0.00
2025-12-03T11:32:41.393Z,33.67601237283156,33.712711934404844,33.7035,33.7035,V4 池,33.712711934404844,V3 池,33.67601237283156,0.108860,0.00,0.00
2025-12-03T11:32:41.425Z,33.67601237283156,33.712711934404844,33.7035,33.7035,V4 池,33.712711934404844,V3 池,33.67601237283156,0.108860,0.00,0.00
2025-12-03T11:32:41.455Z,33.67601237283156,33.712711934404844,33.7035,33.7035,V4 池,33.712711934404844,V3 池,33.67601237283156,0.108860,0.00,0.00
2025-12-03T11:32:46.210Z,33.67601237283156,33.712711934404844,33.7375,33.7375,现货价格,33.7375,V3 池,33.67601237283156,0.182253,0.00,0.00
2025-12-03T11:32:46.224Z,33.67601237283156,33.712711934404844,33.7375,33.7375,现货价格,33.7375,V3 池,33.67601237283156,0.182253,0.00,0.00
2025-12-03T11:32:46.403Z,33.67601237283156,33.712711934404844,33.7375,33.7375,现货价格,33.7375,V3 池,33.67601237283156,0.182253,0.00,0.00
2025-12-03T11:32:46.411Z,33.67601237283156,33.712711934404844,33.7375,33.7375,现货价格,33.7375,V3 池,33.67601237283156,0.182253,0.00,0.00
2025-12-03T11:32:46.429Z,33.67601237283156,33.712711934404844,33.7375,33.7375,现货价格,33.7375,V3 池,33.67601237283156,0.182253,0.00,0.00
2025-12-03T11:32:46.478Z,33.67601237283156,33.712711934404844,33.7375,33.7375,现货价格,33.7375,V3 池,33.67601237283156,0.182253,0.00,0.00
2025-12-03T11:32:46.485Z,33.67601237283156,33.712711934404844,33.7375,33.7375,现货价格,33.7375,V3 池,33.67601237283156,0.182253,0.00,0.00
2025-12-03T11:32:51.210Z,33.67601237283156,33.712711934404844,33.7375,33.7375,现货价格,33.7375,V3 池,33.67601237283156,0.182253,0.00,0.00
2025-12-03T11:32:51.212Z,33.67601237283156,33.712711934404844,33.7375,33.7375,现货价格,33.7375,V3 池,33.67601237283156,0.182253,0.00,0.00
2025-12-03T11:32:51.217Z,33.67601237283156,33.712711934404844,33.7375,33.7375,现货价格,33.7375,V3 池,33.67601237283156,0.182253,0.00,0.00
2025-12-03T11:32:51.271Z,33.67601237283156,33.712711934404844,33.7375,33.7375,现货价格,33.7375,V3 池,33.67601237283156,0.182253,0.00,0.00
2025-12-03T11:32:51.312Z,33.67601237283156,33.712711934404844,33.7375,33.7375,现货价格,33.7375,V3 池,33.67601237283156,0.182253,0.00,0.00
2025-12-03T11:32:51.330Z,33.67601237283156,33.712711934404844,33.7375,33.7375,现货价格,33.7375,V3 池,33.67601237283156,0.182253,0.00,0.00
2025-12-03T11:32:51.487Z,33.67601237283156,33.712711934404844,33.7375,33.7375,现货价格,33.7375,V3 池,33.67601237283156,0.182253,0.00,0.00
2025-12-03T11:32:56.195Z,33.67601237283156,33.712711934404844,33.7145,33.7145,现货价格,33.7145,V3 池,33.67601237283156,0.114157,0.00,0.00
2025-12-03T11:32:56.265Z,33.67601237283156,33.712711934404844,33.7145,33.7145,现货价格,33.7145,V3 池,33.67601237283156,0.114157,0.00,0.00
2025-12-03T11:32:56.292Z,33.67601237283156,33.712711934404844,33.7145,33.7145,现货价格,33.7145,V3 池,33.67601237283156,0.114157,0.00,0.00
2025-12-03T11:32:56.326Z,33.67601237283156,33.712711934404844,33.7145,33.7145,现货价格,33.7145,V3 池,33.67601237283156,0.114157,0.00,0.00
2025-12-03T11:32:56.357Z,33.67601237283156,33.712711934404844,33.7145,33.7145,现货价格,33.7145,V3 池,33.67601237283156,0.114157,0.00,0.00
2025-12-03T11:32:56.362Z,33.67601237283156,33.712711934404844,33.7145,33.7145,现货价格,33.7145,V3 池,33.67601237283156,0.114157,0.00,0.00
2025-12-03T11:32:56.431Z,33.67601237283156,33.712711934404844,33.7145,33.7145,现货价格,33.7145,V3 池,33.67601237283156,0.114157,0.00,0.00
2025-12-03T11:33:01.300Z,33.67601237283156,33.712711934404844,33.7125,33.7125,V4 池,33.712711934404844,V3 池,33.67601237283156,0.108860,0.00,0.00
2025-12-03T11:33:01.369Z,33.67601237283156,33.712711934404844,33.7125,33.7125,V4 池,33.712711934404844,V3 池,33.67601237283156,0.108860,0.00,0.00
2025-12-03T11:33:01.378Z,33.67601237283156,33.712711934404844,33.7125,33.7125,V4 池,33.712711934404844,V3 池,33.67601237283156,0.108860,0.00,0.00
2025-12-03T11:33:01.388Z,33.67601237283156,33.712711934404844,33.7125,33.7125,V4 池,33.712711934404844,V3 池,33.67601237283156,0.108860,0.00,0.00
2025-12-03T11:33:01.414Z,33.67601237283156,33.712711934404844,33.7125,33.7125,V4 池,33.712711934404844,V3 池,33.67601237283156,0.108860,0.00,0.00
2025-12-03T11:33:01.416Z,33.67601237283156,33.712711934404844,33.7125,33.7125,V4 池,33.712711934404844,V3 池,33.67601237283156,0.108860,0.00,0.00
2025-12-03T11:33:01.563Z,33.67601237283156,33.712711934404844,33.7125,33.7125,V4 池,33.712711934404844,V3 池,33.67601237283156,0.108860,0.00,0.00
2025-12-03T11:33:06.187Z,33.67601237283156,33.712711934404844,33.7125,33.7125,V4 池,33.712711934404844,V3 池,33.67601237283156,0.108860,0.00,0.00
2025-12-03T11:33:06.278Z,33.67601237283156,33.712711934404844,33.7125,33.7125,V4 池,33.712711934404844,V3 池,33.67601237283156,0.108860,0.00,0.00
2025-12-03T11:33:06.280Z,33.67601237283156,33.712711934404844,33.7125,33.7125,V4 池,33.712711934404844,V3 池,33.67601237283156,0.108860,0.00,0.00
2025-12-03T11:33:06.286Z,33.67601237283156,33.712711934404844,33.7125,33.7125,V4 池,33.712711934404844,V3 池,33.67601237283156,0.108860,0.00,0.00
2025-12-03T11:33:06.319Z,33.67601237283156,33.712711934404844,33.7125,33.7125,V4 池,33.712711934404844,V3 池,33.67601237283156,0.108860,0.00,0.00
2025-12-03T11:33:06.335Z,33.67601237283156,33.712711934404844,33.7125,33.7125,V4 池,33.712711934404844,V3 池,33.67601237283156,0.108860,0.00,0.00
2025-12-03T11:33:06.477Z,33.67601237283156,33.712711934404844,33.7125,33.7125,V4 池,33.712711934404844,V3 池,33.67601237283156,0.108860,0.00,0.00
2025-12-03T11:33:11.191Z,33.67601237283156,33.712711934404844,33.7125,33.7125,V4 池,33.712711934404844,V3 池,33.67601237283156,0.108860,0.00,0.00
2025-12-03T11:33:11.195Z,33.67601237283156,33.712711934404844,33.7125,33.7125,V4 池,33.712711934404844,V3 池,33.67601237283156,0.108860,0.00,0.00
2025-12-03T11:33:11.279Z,33.67601237283156,33.712711934404844,33.7125,33.7125,V4 池,33.712711934404844,V3 池,33.67601237283156,0.108860,0.00,0.00
2025-12-03T11:33:11.306Z,33.67601237283156,33.712711934404844,33.7125,33.7125,V4 池,33.712711934404844,V3 池,33.67601237283156,0.108860,0.00,0.00
2025-12-03T11:33:11.311Z,33.67601237283156,33.712711934404844,33.7125,33.7125,V4 池,33.712711934404844,V3 池,33.67601237283156,0.108860,0.00,0.00
2025-12-03T11:33:11.419Z,33.67601237283156,33.712711934404844,33.7125,33.7125,V4 池,33.712711934404844,V3 池,33.67601237283156,0.108860,0.00,0.00
2025-12-03T11:33:11.467Z,33.67601237283156,33.712711934404844,33.7125,33.7125,V4 池,33.712711934404844,V3 池,33.67601237283156,0.108860,0.00,0.00
2025-12-03T11:33:16.189Z,33.67601237283156,33.712711934404844,33.7125,33.7125,V4 池,33.712711934404844,V3 池,33.67601237283156,0.108860,0.00,0.00
2025-12-03T11:33:16.238Z,33.67601237283156,33.712711934404844,33.7125,33.7125,V4 池,33.712711934404844,V3 池,33.67601237283156,0.108860,0.00,0.00
2025-12-03T11:33:16.241Z,33.67601237283156,33.712711934404844,33.7125,33.7125,V4 池,33.712711934404844,V3 池,33.67601237283156,0.108860,0.00,0.00
2025-12-03T11:33:16.339Z,33.67601237283156,33.712711934404844,33.7125,33.7125,V4 池,33.712711934404844,V3 池,33.67601237283156,0.108860,0.00,0.00
2025-12-03T11:33:16.369Z,33.67601237283156,33.712711934404844,33.7125,33.7125,V4 池,33.712711934404844,V3 池,33.67601237283156,0.108860,0.00,0.00
2025-12-03T11:33:16.401Z,33.67601237283156,33.712711934404844,33.7125,33.7125,V4 池,33.712711934404844,V3 池,33.67601237283156,0.108860,0.00,0.00
2025-12-03T11:33:16.587Z,33.67601237283156,33.712711934404844,33.7125,33.7125,V4 池,33.712711934404844,V3 池,33.67601237283156,0.108860,0.00,0.00
2025-12-03T11:33:21.211Z,33.67601237283156,33.712711934404844,33.6915,33.6915,V4 池,33.712711934404844,V3 池,33.67601237283156,0.108860,0.00,0.00
2025-12-03T11:33:21.228Z,33.67601237283156,33.712711934404844,33.6915,33.6915,V4 池,33.712711934404844,V3 池,33.67601237283156,0.108860,0.00,0.00
2025-12-03T11:33:21.263Z,33.67601237283156,33.712711934404844,33.6915,33.6915,V4 池,33.712711934404844,V3 池,33.67601237283156,0.108860,0.00,0.00
2025-12-03T11:33:21.304Z,33.67601237283156,33.712711934404844,33.6915,33.6915,V4 池,33.712711934404844,V3 池,33.67601237283156,0.108860,0.00,0.00
2025-12-03T11:33:21.327Z,33.67601237283156,33.712711934404844,33.6915,33.6915,V4 池,33.712711934404844,V3 池,33.67601237283156,0.108860,0.00,0.00
2025-12-03T11:33:21.362Z,33.67601237283156,33.712711934404844,33.6915,33.6915,V4 池,33.712711934404844,V3 池,33.67601237283156,0.108860,0.00,0.00
2025-12-03T11:33:21.369Z,33.67601237283156,33.712711934404844,33.6915,33.6915,V4 池,33.712711934404844,V3 池,33.67601237283156,0.108860,0.00,0.00
2025-12-03T11:33:26.222Z,33.67601237283156,33.712711934404844,33.6975,33.6975,V4 池,33.712711934404844,V3 池,33.67601237283156,0.108860,0.00,0.00
2025-12-03T11:33:26.222Z,33.67601237283156,33.712711934404844,33.6975,33.6975,V4 池,33.712711934404844,V3 池,33.67601237283156,0.108860,0.00,0.00
2025-12-03T11:33:26.232Z,33.67601237283156,33.712711934404844,33.6975,33.6975,V4 池,33.712711934404844,V3 池,33.67601237283156,0.108860,0.00,0.00
2025-12-03T11:33:26.257Z,33.67601237283156,33.712711934404844,33.6975,33.6975,V4 池,33.712711934404844,V3 池,33.67601237283156,0.108860,0.00,0.00
2025-12-03T11:33:26.326Z,33.67601237283156,33.712711934404844,33.6975,33.6975,V4 池,33.712711934404844,V3 池,33.67601237283156,0.108860,0.00,0.00
2025-12-03T11:33:26.329Z,33.67601237283156,33.712711934404844,33.6975,33.6975,V4 池,33.712711934404844,V3 池,33.67601237283156,0.108860,0.00,0.00
2025-12-03T11:33:26.387Z,33.67601237283156,33.712711934404844,33.6975,33.6975,V4 池,33.712711934404844,V3 池,33.67601237283156,0.108860,0.00,0.00
2025-12-03T11:33:31.212Z,33.67601237283156,33.712711934404844,33.6865,33.6865,V4 池,33.712711934404844,V3 池,33.67601237283156,0.108860,0.00,0.00
2025-12-03T11:33:31.222Z,33.67601237283156,33.712711934404844,33.6865,33.6865,V4 池,33.712711934404844,V3 池,33.67601237283156,0.108860,0.00,0.00
2025-12-03T11:33:31.342Z,33.67601237283156,33.712711934404844,33.6865,33.6865,V4 池,33.712711934404844,V3 池,33.67601237283156,0.108860,0.00,0.00
2025-12-03T11:33:31.394Z,33.67601237283156,33.712711934404844,33.6865,33.6865,V4 池,33.712711934404844,V3 池,33.67601237283156,0.108860,0.00,0.00
2025-12-03T11:33:31.416Z,33.67601237283156,33.712711934404844,33.6865,33.6865,V4 池,33.712711934404844,V3 池,33.67601237283156,0.108860,0.00,0.00
2025-12-03T11:33:31.623Z,33.67601237283156,33.712711934404844,33.6865,33.6865,V4 池,33.712711934404844,V3 池,33.67601237283156,0.108860,0.00,0.00
2025-12-03T11:33:31.902Z,33.67601237283156,33.712711934404844,33.6865,33.6865,V4 池,33.712711934404844,V3 池,33.67601237283156,0.108860,0.00,0.00
2025-12-03T11:33:36.172Z,33.67601237283156,33.712711934404844,33.6885,33.6885,V4 池,33.712711934404844,V3 池,33.67601237283156,0.108860,0.00,0.00
2025-12-03T11:33:36.255Z,33.67601237283156,33.712711934404844,33.6885,33.6885,V4 池,33.712711934404844,V3 池,33.67601237283156,0.108860,0.00,0.00
2025-12-03T11:33:36.270Z,33.67601237283156,33.712711934404844,33.6885,33.6885,V4 池,33.712711934404844,V3 池,33.67601237283156,0.108860,0.00,0.00
2025-12-03T11:33:36.272Z,33.67601237283156,33.712711934404844,33.6885,33.6885,V4 池,33.712711934404844,V3 池,33.67601237283156,0.108860,0.00,0.00
2025-12-03T11:33:36.286Z,33.67601237283156,33.712711934404844,33.6885,33.6885,V4 池,33.712711934404844,V3 池,33.67601237283156,0.108860,0.00,0.00
2025-12-03T11:33:36.286Z,33.67601237283156,33.712711934404844,33.6885,33.6885,V4 池,33.712711934404844,V3 池,33.67601237283156,0.108860,0.00,0.00
2025-12-03T11:33:36.303Z,33.67601237283156,33.712711934404844,33.6885,33.6885,V4 池,33.712711934404844,V3 池,33.67601237283156,0.108860,0.00,0.00
2025-12-03T11:33:41.192Z,33.67601237283156,33.712711934404844,33.6975,33.6975,V4 池,33.712711934404844,V3 池,33.67601237283156,0.108860,0.00,0.00
2025-12-03T11:33:41.268Z,33.67601237283156,33.712711934404844,33.6975,33.6975,V4 池,33.712711934404844,V3 池,33.67601237283156,0.108860,0.00,0.00
2025-12-03T11:33:41.317Z,33.67601237283156,33.712711934404844,33.6975,33.6975,V4 池,33.712711934404844,V3 池,33.67601237283156,0.108860,0.00,0.00
2025-12-03T11:33:41.318Z,33.67601237283156,33.712711934404844,33.6975,33.6975,V4 池,33.712711934404844,V3 池,33.67601237283156,0.108860,0.00,0.00
2025-12-03T11:33:41.443Z,33.67601237283156,33.712711934404844,33.6975,33.6975,V4 池,33.712711934404844,V3 池,33.67601237283156,0.108860,0.00,0.00
2025-12-03T11:33:41.448Z,33.67601237283156,33.712711934404844,33.6975,33.6975,V4 池,33.712711934404844,V3 池,33.67601237283156,0.108860,0.00,0.00
2025-12-03T11:33:41.456Z,33.67601237283156,33.712711934404844,33.6975,33.6975,V4 池,33.712711934404844,V3 池,33.67601237283156,0.108860,0.00,0.00
2025-12-03T11:33:46.200Z,33.67601237283156,33.712711934404844,33.6985,33.6985,V4 池,33.712711934404844,V3 池,33.67601237283156,0.108860,0.00,0.00
2025-12-03T11:33:46.270Z,33.67601237283156,33.712711934404844,33.6985,33.6985,V4 池,33.712711934404844,V3 池,33.67601237283156,0.108860,0.00,0.00
2025-12-03T11:33:46.370Z,33.67601237283156,33.712711934404844,33.6985,33.6985,V4 池,33.712711934404844,V3 池,33.67601237283156,0.108860,0.00,0.00
2025-12-03T11:33:46.422Z,33.67601237283156,33.712711934404844,33.6985,33.6985,V4 池,33.712711934404844,V3 池,33.67601237283156,0.108860,0.00,0.00
2025-12-03T11:33:46.584Z,33.67601237283156,33.712711934404844,33.6985,33.6985,V4 池,33.712711934404844,V3 池,33.67601237283156,0.108860,0.00,0.00
2025-12-03T11:33:46.608Z,33.67601237283156,33.712711934404844,33.6985,33.6985,V4 池,33.712711934404844,V3 池,33.67601237283156,0.108860,0.00,0.00
2025-12-03T11:33:46.613Z,33.67601237283156,33.712711934404844,33.6985,33.6985,V4 池,33.712711934404844,V3 池,33.67601237283156,0.108860,0.00,0.00
2025-12-03T11:33:51.278Z,33.67601237283156,33.712711934404844,33.693,33.693,V4 池,33.712711934404844,V3 池,33.67601237283156,0.108860,0.00,0.00
2025-12-03T11:33:51.286Z,33.67601237283156,33.712711934404844,33.693,33.693,V4 池,33.712711934404844,V3 池,33.67601237283156,0.108860,0.00,0.00
2025-12-03T11:33:51.363Z,33.67601237283156,33.712711934404844,33.693,33.693,V4 池,33.712711934404844,V3 池,33.67601237283156,0.108860,0.00,0.00
2025-12-03T11:33:51.391Z,33.67601237283156,33.712711934404844,33.693,33.693,V4 池,33.712711934404844,V3 池,33.67601237283156,0.108860,0.00,0.00
2025-12-03T11:33:51.433Z,33.67601237283156,33.712711934404844,33.693,33.693,V4 池,33.712711934404844,V3 池,33.67601237283156,0.108860,0.00,0.00
2025-12-03T11:33:51.473Z,33.67601237283156,33.712711934404844,33.693,33.693,V4 池,33.712711934404844,V3 池,33.67601237283156,0.108860,0.00,0.00
2025-12-03T11:33:51.507Z,33.67601237283156,33.712711934404844,33.693,33.693,V4 池,33.712711934404844,V3 池,33.67601237283156,0.108860,0.00,0.00
2025-12-03T11:33:56.149Z,33.67601237283156,33.712711934404844,33.6815,33.6815,V4 池,33.712711934404844,V3 池,33.67601237283156,0.108860,0.00,0.00
2025-12-03T11:33:56.226Z,33.67601237283156,33.712711934404844,33.6815,33.6815,V4 池,33.712711934404844,V3 池,33.67601237283156,0.108860,0.00,0.00
2025-12-03T11:33:56.342Z,33.67601237283156,33.712711934404844,33.6815,33.6815,V4 池,33.712711934404844,V3 池,33.67601237283156,0.108860,0.00,0.00
2025-12-03T11:33:56.343Z,33.67601237283156,33.712711934404844,33.6815,33.6815,V4 池,33.712711934404844,V3 池,33.67601237283156,0.108860,0.00,0.00
2025-12-03T11:33:56.381Z,33.67601237283156,33.712711934404844,33.6815,33.6815,V4 池,33.712711934404844,V3 池,33.67601237283156,0.108860,0.00,0.00
2025-12-03T11:33:56.389Z,33.67601237283156,33.712711934404844,33.6815,33.6815,V4 池,33.712711934404844,V3 池,33.67601237283156,0.108860,0.00,0.00
2025-12-03T11:33:56.567Z,33.67601237283156,33.712711934404844,33.6815,33.6815,V4 池,33.712711934404844,V3 池,33.67601237283156,0.108860,0.00,0.00
2025-12-03T11:34:01.294Z,33.67601237283156,33.712711934404844,33.6945,33.6945,V4 池,33.712711934404844,V3 池,33.67601237283156,0.108860,0.00,0.00
2025-12-03T11:34:01.301Z,33.67601237283156,33.712711934404844,33.6945,33.6945,V4 池,33.712711934404844,V3 池,33.67601237283156,0.108860,0.00,0.00
2025-12-03T11:34:01.310Z,33.67601237283156,33.712711934404844,33.6945,33.6945,V4 池,33.712711934404844,V3 池,33.67601237283156,0.108860,0.00,0.00
2025-12-03T11:34:01.312Z,33.67601237283156,33.712711934404844,33.6945,33.6945,V4 池,33.712711934404844,V3 池,33.67601237283156,0.108860,0.00,0.00
2025-12-03T11:34:01.417Z,33.67601237283156,33.712711934404844,33.6945,33.6945,V4 池,33.712711934404844,V3 池,33.67601237283156,0.108860,0.00,0.00
2025-12-03T11:34:01.430Z,33.67601237283156,33.712711934404844,33.6945,33.6945,V4 池,33.712711934404844,V3 池,33.67601237283156,0.108860,0.00,0.00
2025-12-03T11:34:01.454Z,33.67601237283156,33.712711934404844,33.6945,33.6945,V4 池,33.712711934404844,V3 池,33.67601237283156,0.108860,0.00,0.00
2025-12-03T11:34:06.209Z,33.67601237283156,33.712711934404844,33.6835,33.6835,V4 池,33.712711934404844,V3 池,33.67601237283156,0.108860,0.00,0.00
2025-12-03T11:34:06.266Z,33.67601237283156,33.712711934404844,33.6835,33.6835,V4 池,33.712711934404844,V3 池,33.67601237283156,0.108860,0.00,0.00
2025-12-03T11:34:06.274Z,33.67601237283156,33.712711934404844,33.6835,33.6835,V4 池,33.712711934404844,V3 池,33.67601237283156,0.108860,0.00,0.00
2025-12-03T11:34:06.275Z,33.67601237283156,33.712711934404844,33.6835,33.6835,V4 池,33.712711934404844,V3 池,33.67601237283156,0.108860,0.00,0.00
2025-12-03T11:34:06.282Z,33.67601237283156,33.712711934404844,33.6835,33.6835,V4 池,33.712711934404844,V3 池,33.67601237283156,0.108860,0.00,0.00
2025-12-03T11:34:06.343Z,33.67601237283156,33.712711934404844,33.6835,33.6835,V4 池,33.712711934404844,V3 池,33.67601237283156,0.108860,0.00,0.00
2025-12-03T11:34:06.426Z,33.67601237283156,33.712711934404844,33.6835,33.6835,V4 池,33.712711934404844,V3 池,33.67601237283156,0.108860,0.00,0.00
2025-12-03T11:34:11.207Z,33.67601237283156,33.712711934404844,33.6925,33.6925,V4 池,33.712711934404844,V3 池,33.67601237283156,0.108860,0.00,0.00
2025-12-03T11:34:11.295Z,33.67601237283156,33.712711934404844,33.6925,33.6925,V4 池,33.712711934404844,V3 池,33.67601237283156,0.108860,0.00,0.00
2025-12-03T11:34:11.357Z,33.67601237283156,33.712711934404844,33.6925,33.6925,V4 池,33.712711934404844,V3 池,33.67601237283156,0.108860,0.00,0.00
2025-12-03T11:34:11.358Z,33.67601237283156,33.712711934404844,33.6925,33.6925,V4 池,33.712711934404844,V3 池,33.67601237283156,0.108860,0.00,0.00
2025-12-03T11:34:11.381Z,33.67601237283156,33.712711934404844,33.6925,33.6925,V4 池,33.712711934404844,V3 池,33.67601237283156,0.108860,0.00,0.00
2025-12-03T11:34:11.432Z,33.67601237283156,33.712711934404844,33.6925,33.6925,V4 池,33.712711934404844,V3 池,33.67601237283156,0.108860,0.00,0.00
2025-12-03T11:34:11.433Z,33.67601237283156,33.712711934404844,33.6925,33.6925,V4 池,33.712711934404844,V3 池,33.67601237283156,0.108860,0.00,0.00
2025-12-03T11:34:16.172Z,33.67601237283156,33.712711934404844,33.6925,33.6925,V4 池,33.712711934404844,V3 池,33.67601237283156,0.108860,0.00,0.00
2025-12-03T11:34:16.251Z,33.67601237283156,33.712711934404844,33.6925,33.6925,V4 池,33.712711934404844,V3 池,33.67601237283156,0.108860,0.00,0.00
2025-12-03T11:34:16.256Z,33.67601237283156,33.712711934404844,33.6925,33.6925,V4 池,33.712711934404844,V3 池,33.67601237283156,0.108860,0.00,0.00
2025-12-03T11:34:16.262Z,33.67601237283156,33.712711934404844,33.6925,33.6925,V4 池,33.712711934404844,V3 池,33.67601237283156,0.108860,0.00,0.00
2025-12-03T11:34:16.263Z,33.67601237283156,33.712711934404844,33.6925,33.6925,V4 池,33.712711934404844,V3 池,33.67601237283156,0.108860,0.00,0.00
2025-12-03T11:34:16.297Z,33.67601237283156,33.712711934404844,33.6925,33.6925,V4 池,33.712711934404844,V3 池,33.67601237283156,0.108860,0.00,0.00
2025-12-03T11:34:16.348Z,33.67601237283156,33.712711934404844,33.6925,33.6925,V4 池,33.712711934404844,V3 池,33.67601237283156,0.108860,0.00,0.00
2025-12-03T11:34:21.252Z,33.67601237283156,33.712711934404844,33.6925,33.6925,V4 池,33.712711934404844,V3 池,33.67601237283156,0.108860,0.00,0.00
2025-12-03T11:34:21.271Z,33.67601237283156,33.712711934404844,33.6925,33.6925,V4 池,33.712711934404844,V3 池,33.67601237283156,0.108860,0.00,0.00
2025-12-03T11:34:21.271Z,33.67601237283156,33.712711934404844,33.6925,33.6925,V4 池,33.712711934404844,V3 池,33.67601237283156,0.108860,0.00,0.00
2025-12-03T11:34:21.272Z,33.67601237283156,33.712711934404844,33.6925,33.6925,V4 池,33.712711934404844,V3 池,33.67601237283156,0.108860,0.00,0.00
2025-12-03T11:34:21.279Z,33.67601237283156,33.712711934404844,33.6925,33.6925,V4 池,33.712711934404844,V3 池,33.67601237283156,0.108860,0.00,0.00
2025-12-03T11:34:21.285Z,33.67601237283156,33.712711934404844,33.6925,33.6925,V4 池,33.712711934404844,V3 池,33.67601237283156,0.108860,0.00,0.00
2025-12-03T11:34:21.378Z,33.67601237283156,33.712711934404844,33.6925,33.6925,V4 池,33.712711934404844,V3 池,33.67601237283156,0.108860,0.00,0.00
2025-12-03T11:34:26.235Z,33.67601237283156,33.712711934404844,33.681,33.681,V4 池,33.712711934404844,V3 池,33.67601237283156,0.108860,0.00,0.00
2025-12-03T11:34:26.279Z,33.67601237283156,33.712711934404844,33.681,33.681,V4 池,33.712711934404844,V3 池,33.67601237283156,0.108860,0.00,0.00
2025-12-03T11:34:26.314Z,33.67601237283156,33.712711934404844,33.681,33.681,V4 池,33.712711934404844,V3 池,33.67601237283156,0.108860,0.00,0.00
2025-12-03T11:34:26.350Z,33.67601237283156,33.712711934404844,33.681,33.681,V4 池,33.712711934404844,V3 池,33.67601237283156,0.108860,0.00,0.00
2025-12-03T11:34:26.407Z,33.67601237283156,33.712711934404844,33.681,33.681,V4 池,33.712711934404844,V3 池,33.67601237283156,0.108860,0.00,0.00
2025-12-03T11:34:26.447Z,33.67601237283156,33.712711934404844,33.681,33.681,V4 池,33.712711934404844,V3 池,33.67601237283156,0.108860,0.00,0.00
2025-12-03T11:34:26.567Z,33.67601237283156,33.712711934404844,33.681,33.681,V4 池,33.712711934404844,V3 池,33.67601237283156,0.108860,0.00,0.00
2025-12-03T11:34:31.170Z,33.67601237283156,33.712711934404844,33.678,33.678,V4 池,33.712711934404844,V3 池,33.67601237283156,0.108860,0.00,0.00
2025-12-03T11:34:31.233Z,33.67601237283156,33.712711934404844,33.678,33.678,V4 池,33.712711934404844,V3 池,33.67601237283156,0.108860,0.00,0.00
2025-12-03T11:34:31.255Z,33.67601237283156,33.712711934404844,33.678,33.678,V4 池,33.712711934404844,V3 池,33.67601237283156,0.108860,0.00,0.00
2025-12-03T11:34:31.255Z,33.67601237283156,33.712711934404844,33.678,33.678,V4 池,33.712711934404844,V3 池,33.67601237283156,0.108860,0.00,0.00
2025-12-03T11:34:31.262Z,33.67601237283156,33.712711934404844,33.678,33.678,V4 池,33.712711934404844,V3 池,33.67601237283156,0.108860,0.00,0.00
2025-12-03T11:34:31.267Z,33.67601237283156,33.712711934404844,33.678,33.678,V4 池,33.712711934404844,V3 池,33.67601237283156,0.108860,0.00,0.00
2025-12-03T11:34:31.273Z,33.67601237283156,33.712711934404844,33.678,33.678,V4 池,33.712711934404844,V3 池,33.67601237283156,0.108860,0.00,0.00
2025-12-03T11:34:36.315Z,33.67601237283156,33.712711934404844,33.6655,33.6655,V4 池,33.712711934404844,合约价格,33.6655,0.140042,0.00,0.00
2025-12-03T11:34:36.381Z,33.67601237283156,33.712711934404844,33.6655,33.6655,V4 池,33.712711934404844,合约价格,33.6655,0.140042,0.00,0.00
2025-12-03T11:34:36.392Z,33.67601237283156,33.712711934404844,33.6655,33.6655,V4 池,33.712711934404844,合约价格,33.6655,0.140042,0.00,0.00
2025-12-03T11:34:36.411Z,33.67601237283156,33.712711934404844,33.6655,33.6655,V4 池,33.712711934404844,合约价格,33.6655,0.140042,0.00,0.00
2025-12-03T11:34:36.443Z,33.67601237283156,33.712711934404844,33.6655,33.6655,V4 池,33.712711934404844,合约价格,33.6655,0.140042,0.00,0.00
2025-12-03T11:34:36.618Z,33.67601237283156,33.712711934404844,33.6655,33.6655,V4 池,33.712711934404844,合约价格,33.6655,0.140042,0.00,0.00
2025-12-03T11:34:36.703Z,33.67601237283156,33.712711934404844,33.6655,33.6655,V4 池,33.712711934404844,合约价格,33.6655,0.140042,0.00,0.00
2025-12-03T11:34:41.216Z,33.67601237283156,33.712711934404844,33.7055,33.7055,V4 池,33.712711934404844,V3 池,33.67601237283156,0.108860,0.00,0.00
2025-12-03T11:34:41.230Z,33.67601237283156,33.712711934404844,33.695,33.695,V4 池,33.712711934404844,V3 池,33.67601237283156,0.108860,0.00,0.00
2025-12-03T11:34:41.301Z,33.67601237283156,33.712711934404844,33.6965,33.6965,V4 池,33.712711934404844,V3 池,33.67601237283156,0.108860,0.00,0.00
2025-12-03T11:34:41.352Z,33.67601237283156,33.712711934404844,33.695,33.695,V4 池,33.712711934404844,V3 池,33.67601237283156,0.108860,0.00,0.00
2025-12-03T11:34:41.370Z,33.67601237283156,33.712711934404844,33.6965,33.6965,V4 池,33.712711934404844,V3 池,33.67601237283156,0.108860,0.00,0.00
2025-12-03T11:34:41.471Z,33.67601237283156,33.712711934404844,33.695,33.695,V4 池,33.712711934404844,V3 池,33.67601237283156,0.108860,0.00,0.00
2025-12-03T11:34:41.614Z,33.67601237283156,33.712711934404844,33.695,33.695,V4 池,33.712711934404844,V3 池,33.67601237283156,0.108860,0.00,0.00
2025-12-03T11:34:46.168Z,33.67601237283156,33.712711934404844,33.7015,33.7015,V4 池,33.712711934404844,V3 池,33.67601237283156,0.108860,0.00,0.00
2025-12-03T11:34:46.257Z,33.67601237283156,33.712711934404844,33.705,33.705,V4 池,33.712711934404844,V3 池,33.67601237283156,0.108860,0.00,0.00
2025-12-03T11:34:46.301Z,33.67601237283156,33.712711934404844,33.705,33.705,V4 池,33.712711934404844,V3 池,33.67601237283156,0.108860,0.00,0.00
2025-12-03T11:34:46.339Z,33.67601237283156,33.712711934404844,33.7015,33.7015,V4 池,33.712711934404844,V3 池,33.67601237283156,0.108860,0.00,0.00
2025-12-03T11:34:46.365Z,33.67601237283156,33.712711934404844,33.7015,33.7015,V4 池,33.712711934404844,V3 池,33.67601237283156,0.108860,0.00,0.00
2025-12-03T11:34:46.413Z,33.67601237283156,33.712711934404844,33.7015,33.7015,V4 池,33.712711934404844,V3 池,33.67601237283156,0.108860,0.00,0.00
2025-12-03T11:34:46.473Z,33.67601237283156,33.712711934404844,33.7015,33.7015,V4 池,33.712711934404844,V3 池,33.67601237283156,0.108860,0.00,0.00
2025-12-03T11:34:51.160Z,33.67601237283156,33.712711934404844,33.6985,33.6985,V4 池,33.712711934404844,V3 池,33.67601237283156,0.108860,0.00,0.00
2025-12-03T11:34:51.176Z,33.67601237283156,33.712711934404844,33.6985,33.6985,V4 池,33.712711934404844,V3 池,33.67601237283156,0.108860,0.00,0.00
2025-12-03T11:34:51.242Z,33.67601237283156,33.712711934404844,33.6985,33.6985,V4 池,33.712711934404844,V3 池,33.67601237283156,0.108860,0.00,0.00
2025-12-03T11:34:51.275Z,33.67601237283156,33.712711934404844,33.6985,33.6985,V4 池,33.712711934404844,V3 池,33.67601237283156,0.108860,0.00,0.00
2025-12-03T11:34:51.281Z,33.67601237283156,33.712711934404844,33.6985,33.6985,V4 池,33.712711934404844,V3 池,33.67601237283156,0.108860,0.00,0.00
2025-12-03T11:34:51.290Z,33.67601237283156,33.712711934404844,33.6985,33.6985,V4 池,33.712711934404844,V3 池,33.67601237283156,0.108860,0.00,0.00
2025-12-03T11:34:51.363Z,33.67601237283156,33.712711934404844,33.6985,33.6985,V4 池,33.712711934404844,V3 池,33.67601237283156,0.108860,0.00,0.00
2025-12-03T11:34:56.338Z,33.67601237283156,33.712711934404844,33.7085,33.7085,V4 池,33.712711934404844,V3 池,33.67601237283156,0.108860,0.00,0.00
2025-12-03T11:34:56.400Z,33.67601237283156,33.712711934404844,33.7085,33.7085,V4 池,33.712711934404844,V3 池,33.67601237283156,0.108860,0.00,0.00
2025-12-03T11:34:56.417Z,33.67601237283156,33.712711934404844,33.7085,33.7085,V4 池,33.712711934404844,V3 池,33.67601237283156,0.108860,0.00,0.00
2025-12-03T11:34:56.439Z,33.67601237283156,33.712711934404844,33.7085,33.7085,V4 池,33.712711934404844,V3 池,33.67601237283156,0.108860,0.00,0.00
2025-12-03T11:34:56.451Z,33.67601237283156,33.712711934404844,33.7085,33.7085,V4 池,33.712711934404844,V3 池,33.67601237283156,0.108860,0.00,0.00
2025-12-03T11:34:56.492Z,33.67601237283156,33.712711934404844,33.7085,33.7085,V4 池,33.712711934404844,V3 池,33.67601237283156,0.108860,0.00,0.00
2025-12-03T11:34:56.560Z,33.67601237283156,33.712711934404844,33.7085,33.7085,V4 池,33.712711934404844,V3 池,33.67601237283156,0.108860,0.00,0.00
2025-12-03T11:35:01.193Z,33.67601237283156,33.712711934404844,33.7175,33.7175,现货价格,33.7175,V3 池,33.67601237283156,0.123045,0.00,0.00
2025-12-03T11:35:01.250Z,33.67601237283156,33.712711934404844,33.7175,33.7175,现货价格,33.7175,V3 池,33.67601237283156,0.123045,0.00,0.00
2025-12-03T11:35:01.284Z,33.67601237283156,33.712711934404844,33.7175,33.7175,现货价格,33.7175,V3 池,33.67601237283156,0.123045,0.00,0.00
2025-12-03T11:35:01.297Z,33.67601237283156,33.712711934404844,33.7175,33.7175,现货价格,33.7175,V3 池,33.67601237283156,0.123045,0.00,0.00
2025-12-03T11:35:01.337Z,33.67601237283156,33.712711934404844,33.7175,33.7175,现货价格,33.7175,V3 池,33.67601237283156,0.123045,0.00,0.00
2025-12-03T11:35:01.353Z,33.67601237283156,33.712711934404844,33.7175,33.7175,现货价格,33.7175,V3 池,33.67601237283156,0.123045,0.00,0.00
2025-12-03T11:35:01.356Z,33.67601237283156,33.712711934404844,33.7175,33.7175,现货价格,33.7175,V3 池,33.67601237283156,0.123045,0.00,0.00
2025-12-03T11:35:06.185Z,33.67601237283156,33.712711934404844,33.7175,33.7175,现货价格,33.7175,V3 池,33.67601237283156,0.123045,0.00,0.00
2025-12-03T11:35:06.228Z,33.67601237283156,33.712711934404844,33.7175,33.7175,现货价格,33.7175,V3 池,33.67601237283156,0.123045,0.00,0.00
2025-12-03T11:35:06.260Z,33.67601237283156,33.712711934404844,33.7145,33.7145,现货价格,33.7145,V3 池,33.67601237283156,0.114157,0.00,0.00
2025-12-03T11:35:06.283Z,33.67601237283156,33.712711934404844,33.7145,33.7145,现货价格,33.7145,V3 池,33.67601237283156,0.114157,0.00,0.00
2025-12-03T11:35:06.317Z,33.67601237283156,33.712711934404844,33.7145,33.7145,现货价格,33.7145,V3 池,33.67601237283156,0.114157,0.00,0.00
2025-12-03T11:35:06.362Z,33.67601237283156,33.712711934404844,33.7175,33.7175,现货价格,33.7175,V3 池,33.67601237283156,0.123045,0.00,0.00
2025-12-03T11:35:06.396Z,33.67601237283156,33.712711934404844,33.7145,33.7145,现货价格,33.7145,V3 池,33.67601237283156,0.114157,0.00,0.00
2025-12-03T11:35:11.293Z,33.67601237283156,33.712711934404844,33.6955,33.6955,V4 池,33.712711934404844,V3 池,33.67601237283156,0.108860,0.00,0.00
2025-12-03T11:35:11.370Z,33.67601237283156,33.712711934404844,33.6955,33.6955,V4 池,33.712711934404844,V3 池,33.67601237283156,0.108860,0.00,0.00
2025-12-03T11:35:11.409Z,33.67601237283156,33.712711934404844,33.6955,33.6955,V4 池,33.712711934404844,V3 池,33.67601237283156,0.108860,0.00,0.00
2025-12-03T11:35:11.500Z,33.67601237283156,33.712711934404844,33.6955,33.6955,V4 池,33.712711934404844,V3 池,33.67601237283156,0.108860,0.00,0.00
2025-12-03T11:35:11.572Z,33.67601237283156,33.712711934404844,33.6955,33.6955,V4 池,33.712711934404844,V3 池,33.67601237283156,0.108860,0.00,0.00
2025-12-03T11:35:11.591Z,33.67601237283156,33.712711934404844,33.6955,33.6955,V4 池,33.712711934404844,V3 池,33.67601237283156,0.108860,0.00,0.00
2025-12-03T11:35:11.835Z,33.67601237283156,33.712711934404844,33.6955,33.6955,V4 池,33.712711934404844,V3 池,33.67601237283156,0.108860,0.00,0.00
2025-12-03T11:35:16.223Z,33.67601237283156,33.712711934404844,33.6805,33.6805,V4 池,33.712711934404844,V3 池,33.67601237283156,0.108860,0.00,0.00
2025-12-03T11:35:16.246Z,33.67601237283156,33.712711934404844,33.6805,33.6805,V4 池,33.712711934404844,V3 池,33.67601237283156,0.108860,0.00,0.00
2025-12-03T11:35:16.265Z,33.67601237283156,33.712711934404844,33.6805,33.6805,V4 池,33.712711934404844,V3 池,33.67601237283156,0.108860,0.00,0.00
2025-12-03T11:35:16.285Z,33.67601237283156,33.712711934404844,33.6805,33.6805,V4 池,33.712711934404844,V3 池,33.67601237283156,0.108860,0.00,0.00
2025-12-03T11:35:16.286Z,33.67601237283156,33.712711934404844,33.6805,33.6805,V4 池,33.712711934404844,V3 池,33.67601237283156,0.108860,0.00,0.00
2025-12-03T11:35:16.296Z,33.67601237283156,33.712711934404844,33.6805,33.6805,V4 池,33.712711934404844,V3 池,33.67601237283156,0.108860,0.00,0.00
2025-12-03T11:35:16.395Z,33.67601237283156,33.712711934404844,33.6805,33.6805,V4 池,33.712711934404844,V3 池,33.67601237283156,0.108860,0.00,0.00
2025-12-03T11:35:21.203Z,33.67601237283156,33.712711934404844,33.699,33.699,V4 池,33.712711934404844,V3 池,33.67601237283156,0.108860,0.00,0.00
2025-12-03T11:35:21.243Z,33.67601237283156,33.712711934404844,33.699,33.699,V4 池,33.712711934404844,V3 池,33.67601237283156,0.108860,0.00,0.00
2025-12-03T11:35:21.280Z,33.67601237283156,33.712711934404844,33.699,33.699,V4 池,33.712711934404844,V3 池,33.67601237283156,0.108860,0.00,0.00
2025-12-03T11:35:21.284Z,33.67601237283156,33.712711934404844,33.699,33.699,V4 池,33.712711934404844,V3 池,33.67601237283156,0.108860,0.00,0.00
2025-12-03T11:35:21.441Z,33.67601237283156,33.712711934404844,33.699,33.699,V4 池,33.712711934404844,V3 池,33.67601237283156,0.108860,0.00,0.00
2025-12-03T11:35:21.486Z,33.67601237283156,33.712711934404844,33.699,33.699,V4 池,33.712711934404844,V3 池,33.67601237283156,0.108860,0.00,0.00
2025-12-03T11:35:21.612Z,33.67601237283156,33.712711934404844,33.699,33.699,V4 池,33.712711934404844,V3 池,33.67601237283156,0.108860,0.00,0.00
2025-12-03T11:35:26.242Z,33.67601237283156,33.712711934404844,33.695,33.695,V4 池,33.712711934404844,V3 池,33.67601237283156,0.108860,0.00,0.00
2025-12-03T11:35:26.273Z,33.67601237283156,33.712711934404844,33.695,33.695,V4 池,33.712711934404844,V3 池,33.67601237283156,0.108860,0.00,0.00
2025-12-03T11:35:26.292Z,33.67601237283156,33.712711934404844,33.695,33.695,V4 池,33.712711934404844,V3 池,33.67601237283156,0.108860,0.00,0.00
2025-12-03T11:35:26.337Z,33.67601237283156,33.712711934404844,33.695,33.695,V4 池,33.712711934404844,V3 池,33.67601237283156,0.108860,0.00,0.00
2025-12-03T11:35:26.387Z,33.67601237283156,33.712711934404844,33.695,33.695,V4 池,33.712711934404844,V3 池,33.67601237283156,0.108860,0.00,0.00
2025-12-03T11:35:26.467Z,33.67601237283156,33.712711934404844,33.695,33.695,V4 池,33.712711934404844,V3 池,33.67601237283156,0.108860,0.00,0.00
2025-12-03T11:35:26.720Z,33.67601237283156,33.712711934404844,33.695,33.695,V4 池,33.712711934404844,V3 池,33.67601237283156,0.108860,0.00,0.00
2025-12-03T11:35:31.263Z,33.67601237283156,33.712711934404844,33.694,33.694,V4 池,33.712711934404844,V3 池,33.67601237283156,0.108860,0.00,0.00
2025-12-03T11:35:31.273Z,33.67601237283156,33.712711934404844,33.6965,33.6965,V4 池,33.712711934404844,V3 池,33.67601237283156,0.108860,0.00,0.00
2025-12-03T11:35:31.280Z,33.67601237283156,33.712711934404844,33.694,33.694,V4 池,33.712711934404844,V3 池,33.67601237283156,0.108860,0.00,0.00
2025-12-03T11:35:31.282Z,33.67601237283156,33.712711934404844,33.694,33.694,V4 池,33.712711934404844,V3 池,33.67601237283156,0.108860,0.00,0.00
2025-12-03T11:35:31.300Z,33.67601237283156,33.712711934404844,33.6965,33.6965,V4 池,33.712711934404844,V3 池,33.67601237283156,0.108860,0.00,0.00
2025-12-03T11:35:31.304Z,33.67601237283156,33.712711934404844,33.694,33.694,V4 池,33.712711934404844,V3 池,33.67601237283156,0.108860,0.00,0.00
2025-12-03T11:35:31.341Z,33.67601237283156,33.712711934404844,33.694,33.694,V4 池,33.712711934404844,V3 池,33.67601237283156,0.108860,0.00,0.00
2025-12-03T11:35:36.202Z,33.67601237283156,33.712711934404844,33.6955,33.6955,V4 池,33.712711934404844,V3 池,33.67601237283156,0.108860,0.00,0.00
2025-12-03T11:35:36.210Z,33.67601237283156,33.712711934404844,33.6955,33.6955,V4 池,33.712711934404844,V3 池,33.67601237283156,0.108860,0.00,0.00
2025-12-03T11:35:36.226Z,33.67601237283156,33.712711934404844,33.6955,33.6955,V4 池,33.712711934404844,V3 池,33.67601237283156,0.108860,0.00,0.00
2025-12-03T11:35:36.259Z,33.67601237283156,33.712711934404844,33.6955,33.6955,V4 池,33.712711934404844,V3 池,33.67601237283156,0.108860,0.00,0.00
2025-12-03T11:35:36.280Z,33.67601237283156,33.712711934404844,33.6955,33.6955,V4 池,33.712711934404844,V3 池,33.67601237283156,0.108860,0.00,0.00
2025-12-03T11:35:36.340Z,33.67601237283156,33.712711934404844,33.6955,33.6955,V4 池,33.712711934404844,V3 池,33.67601237283156,0.108860,0.00,0.00
2025-12-03T11:35:36.407Z,33.67601237283156,33.712711934404844,33.6955,33.6955,V4 池,33.712711934404844,V3 池,33.67601237283156,0.108860,0.00,0.00
2025-12-03T11:35:41.164Z,33.67601237283156,33.712711934404844,33.7125,33.7125,V4 池,33.712711934404844,V3 池,33.67601237283156,0.108860,0.00,0.00
2025-12-03T11:35:41.190Z,33.67601237283156,33.712711934404844,33.7125,33.7125,V4 池,33.712711934404844,V3 池,33.67601237283156,0.108860,0.00,0.00
2025-12-03T11:35:41.257Z,33.67601237283156,33.712711934404844,33.7125,33.7125,V4 池,33.712711934404844,V3 池,33.67601237283156,0.108860,0.00,0.00
2025-12-03T11:35:41.259Z,33.67601237283156,33.712711934404844,33.7125,33.7125,V4 池,33.712711934404844,V3 池,33.67601237283156,0.108860,0.00,0.00
2025-12-03T11:35:41.263Z,33.67601237283156,33.712711934404844,33.7125,33.7125,V4 池,33.712711934404844,V3 池,33.67601237283156,0.108860,0.00,0.00
2025-12-03T11:35:41.291Z,33.67601237283156,33.712711934404844,33.7125,33.7125,V4 池,33.712711934404844,V3 池,33.67601237283156,0.108860,0.00,0.00
2025-12-03T11:35:41.304Z,33.67601237283156,33.712711934404844,33.7125,33.7125,V4 池,33.712711934404844,V3 池,33.67601237283156,0.108860,0.00,0.00
2025-12-03T11:35:46.178Z,33.67601237283156,33.712711934404844,33.7005,33.7005,V4 池,33.712711934404844,V3 池,33.67601237283156,0.108860,0.00,0.00
2025-12-03T11:35:46.226Z,33.67601237283156,33.712711934404844,33.7005,33.7005,V4 池,33.712711934404844,V3 池,33.67601237283156,0.108860,0.00,0.00
2025-12-03T11:35:46.236Z,33.67601237283156,33.712711934404844,33.7005,33.7005,V4 池,33.712711934404844,V3 池,33.67601237283156,0.108860,0.00,0.00
2025-12-03T11:35:46.248Z,33.67601237283156,33.712711934404844,33.7005,33.7005,V4 池,33.712711934404844,V3 池,33.67601237283156,0.108860,0.00,0.00
2025-12-03T11:35:46.336Z,33.67601237283156,33.712711934404844,33.7005,33.7005,V4 池,33.712711934404844,V3 池,33.67601237283156,0.108860,0.00,0.00
2025-12-03T11:35:46.374Z,33.67601237283156,33.712711934404844,33.7005,33.7005,V4 池,33.712711934404844,V3 池,33.67601237283156,0.108860,0.00,0.00
2025-12-03T11:35:46.412Z,33.67601237283156,33.712711934404844,33.7005,33.7005,V4 池,33.712711934404844,V3 池,33.67601237283156,0.108860,0.00,0.00
2025-12-03T11:35:51.307Z,33.67601237283156,33.712711934404844,33.7045,33.7045,V4 池,33.712711934404844,V3 池,33.67601237283156,0.108860,0.00,0.00
2025-12-03T11:35:51.311Z,33.67601237283156,33.712711934404844,33.7045,33.7045,V4 池,33.712711934404844,V3 池,33.67601237283156,0.108860,0.00,0.00
2025-12-03T11:35:51.326Z,33.67601237283156,33.712711934404844,33.7045,33.7045,V4 池,33.712711934404844,V3 池,33.67601237283156,0.108860,0.00,0.00
2025-12-03T11:35:51.336Z,33.67601237283156,33.712711934404844,33.7045,33.7045,V4 池,33.712711934404844,V3 池,33.67601237283156,0.108860,0.00,0.00
2025-12-03T11:35:51.342Z,33.67601237283156,33.712711934404844,33.7045,33.7045,V4 池,33.712711934404844,V3 池,33.67601237283156,0.108860,0.00,0.00
2025-12-03T11:35:51.347Z,33.67601237283156,33.712711934404844,33.7045,33.7045,V4 池,33.712711934404844,V3 池,33.67601237283156,0.108860,0.00,0.00
2025-12-03T11:35:51.380Z,33.67601237283156,33.712711934404844,33.7045,33.7045,V4 池,33.712711934404844,V3 池,33.67601237283156,0.108860,0.00,0.00
2025-12-03T11:35:56.191Z,33.67601237283156,33.712711934404844,33.7055,33.7055,V4 池,33.712711934404844,V3 池,33.67601237283156,0.108860,0.00,0.00
2025-12-03T11:35:56.268Z,33.67601237283156,33.712711934404844,33.7055,33.7055,V4 池,33.712711934404844,V3 池,33.67601237283156,0.108860,0.00,0.00
2025-12-03T11:35:56.268Z,33.67601237283156,33.712711934404844,33.7055,33.7055,V4 池,33.712711934404844,V3 池,33.67601237283156,0.108860,0.00,0.00
2025-12-03T11:35:56.284Z,33.67601237283156,33.712711934404844,33.7055,33.7055,V4 池,33.712711934404844,V3 池,33.67601237283156,0.108860,0.00,0.00
2025-12-03T11:35:56.287Z,33.67601237283156,33.712711934404844,33.7055,33.7055,V4 池,33.712711934404844,V3 池,33.67601237283156,0.108860,0.00,0.00
2025-12-03T11:35:56.314Z,33.67601237283156,33.712711934404844,33.7055,33.7055,V4 池,33.712711934404844,V3 池,33.67601237283156,0.108860,0.00,0.00
2025-12-03T11:35:56.340Z,33.67601237283156,33.712711934404844,33.7055,33.7055,V4 池,33.712711934404844,V3 池,33.67601237283156,0.108860,0.00,0.00
2025-12-03T11:36:01.216Z,33.67601237283156,33.712711934404844,33.7075,33.7075,V4 池,33.712711934404844,V3 池,33.67601237283156,0.108860,0.00,0.00
2025-12-03T11:36:01.218Z,33.67601237283156,33.712711934404844,33.7075,33.7075,V4 池,33.712711934404844,V3 池,33.67601237283156,0.108860,0.00,0.00
2025-12-03T11:36:01.276Z,33.67601237283156,33.712711934404844,33.7075,33.7075,V4 池,33.712711934404844,V3 池,33.67601237283156,0.108860,0.00,0.00
2025-12-03T11:36:01.359Z,33.67601237283156,33.712711934404844,33.7075,33.7075,V4 池,33.712711934404844,V3 池,33.67601237283156,0.108860,0.00,0.00
2025-12-03T11:36:01.384Z,33.67601237283156,33.712711934404844,33.7075,33.7075,V4 池,33.712711934404844,V3 池,33.67601237283156,0.108860,0.00,0.00
2025-12-03T11:36:01.446Z,33.67601237283156,33.712711934404844,33.7075,33.7075,V4 池,33.712711934404844,V3 池,33.67601237283156,0.108860,0.00,0.00
2025-12-03T11:36:01.451Z,33.67601237283156,33.712711934404844,33.7075,33.7075,V4 池,33.712711934404844,V3 池,33.67601237283156,0.108860,0.00,0.00
2025-12-03T11:36:06.191Z,33.67601237283156,33.712711934404844,33.707,33.707,V4 池,33.712711934404844,V3 池,33.67601237283156,0.108860,0.00,0.00
2025-12-03T11:36:06.194Z,33.67601237283156,33.712711934404844,33.707,33.707,V4 池,33.712711934404844,V3 池,33.67601237283156,0.108860,0.00,0.00
2025-12-03T11:36:06.254Z,33.67601237283156,33.712711934404844,33.707,33.707,V4 池,33.712711934404844,V3 池,33.67601237283156,0.108860,0.00,0.00
2025-12-03T11:36:06.355Z,33.67601237283156,33.712711934404844,33.707,33.707,V4 池,33.712711934404844,V3 池,33.67601237283156,0.108860,0.00,0.00
2025-12-03T11:36:06.370Z,33.67601237283156,33.712711934404844,33.707,33.707,V4 池,33.712711934404844,V3 池,33.67601237283156,0.108860,0.00,0.00
2025-12-03T11:36:06.391Z,33.67601237283156,33.712711934404844,33.7075,33.7075,V4 池,33.712711934404844,V3 池,33.67601237283156,0.108860,0.00,0.00
2025-12-03T11:36:06.413Z,33.67601237283156,33.712711934404844,33.707,33.707,V4 池,33.712711934404844,V3 池,33.67601237283156,0.108860,0.00,0.00
2025-12-03T11:36:11.234Z,33.67601237283156,33.712711934404844,33.6965,33.6965,V4 池,33.712711934404844,V3 池,33.67601237283156,0.108860,0.00,0.00
2025-12-03T11:36:11.268Z,33.67601237283156,33.712711934404844,33.6965,33.6965,V4 池,33.712711934404844,V3 池,33.67601237283156,0.108860,0.00,0.00
2025-12-03T11:36:11.316Z,33.67601237283156,33.712711934404844,33.6965,33.6965,V4 池,33.712711934404844,V3 池,33.67601237283156,0.108860,0.00,0.00
2025-12-03T11:36:11.401Z,33.67601237283156,33.712711934404844,33.6965,33.6965,V4 池,33.712711934404844,V3 池,33.67601237283156,0.108860,0.00,0.00
2025-12-03T11:36:11.516Z,33.67601237283156,33.712711934404844,33.6965,33.6965,V4 池,33.712711934404844,V3 池,33.67601237283156,0.108860,0.00,0.00
2025-12-03T11:36:11.570Z,33.67601237283156,33.712711934404844,33.6965,33.6965,V4 池,33.712711934404844,V3 池,33.67601237283156,0.108860,0.00,0.00
2025-12-03T11:36:11.593Z,33.67601237283156,33.712711934404844,33.6965,33.6965,V4 池,33.712711934404844,V3 池,33.67601237283156,0.108860,0.00,0.00
2025-12-03T11:36:16.220Z,33.67601237283156,33.712711934404844,33.6975,33.6975,V4 池,33.712711934404844,V3 池,33.67601237283156,0.108860,0.00,0.00
2025-12-03T11:36:16.289Z,33.67601237283156,33.712711934404844,33.6975,33.6975,V4 池,33.712711934404844,V3 池,33.67601237283156,0.108860,0.00,0.00
2025-12-03T11:36:16.305Z,33.67601237283156,33.712711934404844,33.6975,33.6975,V4 池,33.712711934404844,V3 池,33.67601237283156,0.108860,0.00,0.00
2025-12-03T11:36:16.319Z,33.67601237283156,33.712711934404844,33.6975,33.6975,V4 池,33.712711934404844,V3 池,33.67601237283156,0.108860,0.00,0.00
2025-12-03T11:36:16.510Z,33.67601237283156,33.712711934404844,33.6975,33.6975,V4 池,33.712711934404844,V3 池,33.67601237283156,0.108860,0.00,0.00
2025-12-03T11:36:16.604Z,33.67601237283156,33.712711934404844,33.6975,33.6975,V4 池,33.712711934404844,V3 池,33.67601237283156,0.108860,0.00,0.00
2025-12-03T11:36:16.631Z,33.67601237283156,33.712711934404844,33.6975,33.6975,V4 池,33.712711934404844,V3 池,33.67601237283156,0.108860,0.00,0.00
2025-12-03T11:36:21.236Z,33.67601237283156,33.712711934404844,33.7045,33.7045,V4 池,33.712711934404844,V3 池,33.67601237283156,0.108860,0.00,0.00
2025-12-03T11:36:21.346Z,33.67601237283156,33.712711934404844,33.7045,33.7045,V4 池,33.712711934404844,V3 池,33.67601237283156,0.108860,0.00,0.00
2025-12-03T11:36:21.359Z,33.67601237283156,33.712711934404844,33.7045,33.7045,V4 池,33.712711934404844,V3 池,33.67601237283156,0.108860,0.00,0.00
2025-12-03T11:36:21.374Z,33.67601237283156,33.712711934404844,33.7045,33.7045,V4 池,33.712711934404844,V3 池,33.67601237283156,0.108860,0.00,0.00
2025-12-03T11:36:21.383Z,33.67601237283156,33.712711934404844,33.7045,33.7045,V4 池,33.712711934404844,V3 池,33.67601237283156,0.108860,0.00,0.00
2025-12-03T11:36:21.387Z,33.67601237283156,33.712711934404844,33.7045,33.7045,V4 池,33.712711934404844,V3 池,33.67601237283156,0.108860,0.00,0.00
2025-12-03T11:36:21.497Z,33.67601237283156,33.712711934404844,33.7045,33.7045,V4 池,33.712711934404844,V3 池,33.67601237283156,0.108860,0.00,0.00
2025-12-03T11:36:26.202Z,33.67601237283156,33.712711934404844,33.7005,33.7005,V4 池,33.712711934404844,V3 池,33.67601237283156,0.108860,0.00,0.00
2025-12-03T11:36:26.319Z,33.67601237283156,33.712711934404844,33.7005,33.7005,V4 池,33.712711934404844,V3 池,33.67601237283156,0.108860,0.00,0.00
2025-12-03T11:36:26.331Z,33.67601237283156,33.712711934404844,33.7005,33.7005,V4 池,33.712711934404844,V3 池,33.67601237283156,0.108860,0.00,0.00
2025-12-03T11:36:26.397Z,33.67601237283156,33.712711934404844,33.7005,33.7005,V4 池,33.712711934404844,V3 池,33.67601237283156,0.108860,0.00,0.00
2025-12-03T11:36:26.397Z,33.67601237283156,33.712711934404844,33.7005,33.7005,V4 池,33.712711934404844,V3 池,33.67601237283156,0.108860,0.00,0.00
2025-12-03T11:36:26.400Z,33.67601237283156,33.712711934404844,33.7005,33.7005,V4 池,33.712711934404844,V3 池,33.67601237283156,0.108860,0.00,0.00
2025-12-03T11:36:26.593Z,33.67601237283156,33.712711934404844,33.7005,33.7005,V4 池,33.712711934404844,V3 池,33.67601237283156,0.108860,0.00,0.00
2025-12-03T11:36:31.197Z,33.67601237283156,33.712711934404844,33.7075,33.7075,V4 池,33.712711934404844,V3 池,33.67601237283156,0.108860,0.00,0.00
2025-12-03T11:36:31.264Z,33.67601237283156,33.712711934404844,33.7075,33.7075,V4 池,33.712711934404844,V3 池,33.67601237283156,0.108860,0.00,0.00
2025-12-03T11:36:31.338Z,33.67601237283156,33.712711934404844,33.7075,33.7075,V4 池,33.712711934404844,V3 池,33.67601237283156,0.108860,0.00,0.00
2025-12-03T11:36:31.434Z,33.67601237283156,33.712711934404844,33.7075,33.7075,V4 池,33.712711934404844,V3 池,33.67601237283156,0.108860,0.00,0.00
2025-12-03T11:36:31.462Z,33.67601237283156,33.712711934404844,33.7075,33.7075,V4 池,33.712711934404844,V3 池,33.67601237283156,0.108860,0.00,0.00
2025-12-03T11:36:31.506Z,33.67601237283156,33.712711934404844,33.7075,33.7075,V4 池,33.712711934404844,V3 池,33.67601237283156,0.108860,0.00,0.00
2025-12-03T11:36:31.511Z,33.67601237283156,33.712711934404844,33.7075,33.7075,V4 池,33.712711934404844,V3 池,33.67601237283156,0.108860,0.00,0.00
2025-12-03T11:36:36.219Z,33.67601237283156,33.712711934404844,33.7065,33.7065,V4 池,33.712711934404844,V3 池,33.67601237283156,0.108860,0.00,0.00
2025-12-03T11:36:36.285Z,33.67601237283156,33.712711934404844,33.7065,33.7065,V4 池,33.712711934404844,V3 池,33.67601237283156,0.108860,0.00,0.00
2025-12-03T11:36:36.292Z,33.67601237283156,33.712711934404844,33.7065,33.7065,V4 池,33.712711934404844,V3 池,33.67601237283156,0.108860,0.00,0.00
2025-12-03T11:36:36.298Z,33.67601237283156,33.712711934404844,33.7075,33.7075,V4 池,33.712711934404844,V3 池,33.67601237283156,0.108860,0.00,0.00
2025-12-03T11:36:36.401Z,33.67601237283156,33.712711934404844,33.7075,33.7075,V4 池,33.712711934404844,V3 池,33.67601237283156,0.108860,0.00,0.00
2025-12-03T11:36:36.440Z,33.67601237283156,33.712711934404844,33.7065,33.7065,V4 池,33.712711934404844,V3 池,33.67601237283156,0.108860,0.00,0.00
2025-12-03T11:36:36.456Z,33.67601237283156,33.712711934404844,33.7065,33.7065,V4 池,33.712711934404844,V3 池,33.67601237283156,0.108860,0.00,0.00
2025-12-03T11:36:41.204Z,33.67601237283156,33.712711934404844,33.7065,33.7065,V4 池,33.712711934404844,V3 池,33.67601237283156,0.108860,0.00,0.00
2025-12-03T11:36:41.217Z,33.67601237283156,33.712711934404844,33.7065,33.7065,V4 池,33.712711934404844,V3 池,33.67601237283156,0.108860,0.00,0.00
2025-12-03T11:36:41.218Z,33.67601237283156,33.712711934404844,33.7065,33.7065,V4 池,33.712711934404844,V3 池,33.67601237283156,0.108860,0.00,0.00
2025-12-03T11:36:41.280Z,33.67601237283156,33.712711934404844,33.7065,33.7065,V4 池,33.712711934404844,V3 池,33.67601237283156,0.108860,0.00,0.00
2025-12-03T11:36:41.306Z,33.67601237283156,33.712711934404844,33.7065,33.7065,V4 池,33.712711934404844,V3 池,33.67601237283156,0.108860,0.00,0.00
2025-12-03T11:36:41.498Z,33.67601237283156,33.712711934404844,33.7065,33.7065,V4 池,33.712711934404844,V3 池,33.67601237283156,0.108860,0.00,0.00
2025-12-03T11:36:41.560Z,33.67601237283156,33.712711934404844,33.7065,33.7065,V4 池,33.712711934404844,V3 池,33.67601237283156,0.108860,0.00,0.00
2025-12-03T11:36:46.214Z,33.67601237283156,33.712711934404844,33.7075,33.7075,V4 池,33.712711934404844,V3 池,33.67601237283156,0.108860,0.00,0.00
2025-12-03T11:36:46.283Z,33.67601237283156,33.712711934404844,33.708,33.708,V4 池,33.712711934404844,V3 池,33.67601237283156,0.108860,0.00,0.00
2025-12-03T11:36:46.291Z,33.67601237283156,33.712711934404844,33.708,33.708,V4 池,33.712711934404844,V3 池,33.67601237283156,0.108860,0.00,0.00
2025-12-03T11:36:46.310Z,33.67601237283156,33.712711934404844,33.708,33.708,V4 池,33.712711934404844,V3 池,33.67601237283156,0.108860,0.00,0.00
2025-12-03T11:36:46.384Z,33.67601237283156,33.712711934404844,33.708,33.708,V4 池,33.712711934404844,V3 池,33.67601237283156,0.108860,0.00,0.00
2025-12-03T11:36:46.389Z,33.67601237283156,33.712711934404844,33.7075,33.7075,V4 池,33.712711934404844,V3 池,33.67601237283156,0.108860,0.00,0.00
2025-12-03T11:36:46.481Z,33.67601237283156,33.712711934404844,33.708,33.708,V4 池,33.712711934404844,V3 池,33.67601237283156,0.108860,0.00,0.00
2025-12-03T11:36:51.265Z,33.67601237283156,33.712711934404844,33.7115,33.7115,V4 池,33.712711934404844,V3 池,33.67601237283156,0.108860,0.00,0.00
2025-12-03T11:36:51.273Z,33.67601237283156,33.712711934404844,33.7115,33.7115,V4 池,33.712711934404844,V3 池,33.67601237283156,0.108860,0.00,0.00
2025-12-03T11:36:51.302Z,33.67601237283156,33.712711934404844,33.7115,33.7115,V4 池,33.712711934404844,V3 池,33.67601237283156,0.108860,0.00,0.00
2025-12-03T11:36:51.365Z,33.67601237283156,33.712711934404844,33.7115,33.7115,V4 池,33.712711934404844,V3 池,33.67601237283156,0.108860,0.00,0.00
2025-12-03T11:36:51.369Z,33.67601237283156,33.712711934404844,33.7115,33.7115,V4 池,33.712711934404844,V3 池,33.67601237283156,0.108860,0.00,0.00
2025-12-03T11:36:51.396Z,33.67601237283156,33.712711934404844,33.7115,33.7115,V4 池,33.712711934404844,V3 池,33.67601237283156,0.108860,0.00,0.00
2025-12-03T11:36:51.495Z,33.67601237283156,33.712711934404844,33.7115,33.7115,V4 池,33.712711934404844,V3 池,33.67601237283156,0.108860,0.00,0.00
2025-12-03T11:36:56.191Z,33.67601237283156,33.712711934404844,33.7105,33.7105,V4 池,33.712711934404844,V3 池,33.67601237283156,0.108860,0.00,0.00
2025-12-03T11:36:56.221Z,33.67601237283156,33.712711934404844,33.7105,33.7105,V4 池,33.712711934404844,V3 池,33.67601237283156,0.108860,0.00,0.00
2025-12-03T11:36:56.291Z,33.67601237283156,33.712711934404844,33.7105,33.7105,V4 池,33.712711934404844,V3 池,33.67601237283156,0.108860,0.00,0.00
2025-12-03T11:36:56.345Z,33.67601237283156,33.712711934404844,33.7105,33.7105,V4 池,33.712711934404844,V3 池,33.67601237283156,0.108860,0.00,0.00
2025-12-03T11:36:56.377Z,33.67601237283156,33.712711934404844,33.7105,33.7105,V4 池,33.712711934404844,V3 池,33.67601237283156,0.108860,0.00,0.00
2025-12-03T11:36:56.486Z,33.67601237283156,33.712711934404844,33.7105,33.7105,V4 池,33.712711934404844,V3 池,33.67601237283156,0.108860,0.00,0.00
2025-12-03T11:36:56.573Z,33.67601237283156,33.712711934404844,33.7105,33.7105,V4 池,33.712711934404844,V3 池,33.67601237283156,0.108860,0.00,0.00
2025-12-03T11:37:01.227Z,33.67601237283156,33.712711934404844,33.7135,33.7135,现货价格,33.7135,V3 池,33.67601237283156,0.111195,0.00,0.00
2025-12-03T11:37:01.250Z,33.67601237283156,33.712711934404844,33.7135,33.7135,现货价格,33.7135,V3 池,33.67601237283156,0.111195,0.00,0.00
2025-12-03T11:37:01.340Z,33.67601237283156,33.712711934404844,33.7135,33.7135,现货价格,33.7135,V3 池,33.67601237283156,0.111195,0.00,0.00
2025-12-03T11:37:01.365Z,33.67601237283156,33.712711934404844,33.7135,33.7135,现货价格,33.7135,V3 池,33.67601237283156,0.111195,0.00,0.00
2025-12-03T11:37:01.456Z,33.67601237283156,33.712711934404844,33.7135,33.7135,现货价格,33.7135,V3 池,33.67601237283156,0.111195,0.00,0.00
2025-12-03T11:37:01.486Z,33.67601237283156,33.712711934404844,33.7135,33.7135,现货价格,33.7135,V3 池,33.67601237283156,0.111195,0.00,0.00
2025-12-03T11:37:01.583Z,33.67601237283156,33.712711934404844,33.7135,33.7135,现货价格,33.7135,V3 池,33.67601237283156,0.111195,0.00,0.00
2025-12-03T11:37:06.179Z,33.67601237283156,33.712711934404844,33.7105,33.7105,V4 池,33.712711934404844,V3 池,33.67601237283156,0.108860,0.00,0.00
2025-12-03T11:37:06.258Z,33.67601237283156,33.712711934404844,33.7105,33.7105,V4 池,33.712711934404844,V3 池,33.67601237283156,0.108860,0.00,0.00
2025-12-03T11:37:06.269Z,33.67601237283156,33.712711934404844,33.7105,33.7105,V4 池,33.712711934404844,V3 池,33.67601237283156,0.108860,0.00,0.00
2025-12-03T11:37:06.330Z,33.67601237283156,33.712711934404844,33.7105,33.7105,V4 池,33.712711934404844,V3 池,33.67601237283156,0.108860,0.00,0.00
2025-12-03T11:37:06.438Z,33.67601237283156,33.712711934404844,33.7105,33.7105,V4 池,33.712711934404844,V3 池,33.67601237283156,0.108860,0.00,0.00
2025-12-03T11:37:06.442Z,33.67601237283156,33.712711934404844,33.7105,33.7105,V4 池,33.712711934404844,V3 池,33.67601237283156,0.108860,0.00,0.00
2025-12-03T11:37:06.470Z,33.67601237283156,33.712711934404844,33.7105,33.7105,V4 池,33.712711934404844,V3 池,33.67601237283156,0.108860,0.00,0.00
2025-12-03T11:37:11.281Z,33.67601237283156,33.712711934404844,33.7175,33.7175,现货价格,33.7175,V3 池,33.67601237283156,0.123045,0.00,0.00
2025-12-03T11:37:11.348Z,33.67601237283156,33.712711934404844,33.7175,33.7175,现货价格,33.7175,V3 池,33.67601237283156,0.123045,0.00,0.00
2025-12-03T11:37:11.350Z,33.67601237283156,33.712711934404844,33.7175,33.7175,现货价格,33.7175,V3 池,33.67601237283156,0.123045,0.00,0.00
2025-12-03T11:37:11.363Z,33.67601237283156,33.712711934404844,33.715,33.715,现货价格,33.715,V3 池,33.67601237283156,0.115639,0.00,0.00
2025-12-03T11:37:11.395Z,33.67601237283156,33.712711934404844,33.715,33.715,现货价格,33.715,V3 池,33.67601237283156,0.115639,0.00,0.00
2025-12-03T11:37:11.426Z,33.67601237283156,33.712711934404844,33.7175,33.7175,现货价格,33.7175,V3 池,33.67601237283156,0.123045,0.00,0.00
2025-12-03T11:37:11.837Z,33.67601237283156,33.712711934404844,33.7175,33.7175,现货价格,33.7175,V3 池,33.67601237283156,0.123045,0.00,0.00
2025-12-03T11:37:16.331Z,33.67601237283156,33.712711934404844,33.7125,33.7125,V4 池,33.712711934404844,V3 池,33.67601237283156,0.108860,0.00,0.00
2025-12-03T11:37:16.504Z,33.67601237283156,33.712711934404844,33.7125,33.7125,V4 池,33.712711934404844,V3 池,33.67601237283156,0.108860,0.00,0.00
2025-12-03T11:37:16.536Z,33.67601237283156,33.712711934404844,33.7125,33.7125,V4 池,33.712711934404844,V3 池,33.67601237283156,0.108860,0.00,0.00
2025-12-03T11:37:16.569Z,33.67601237283156,33.712711934404844,33.7125,33.7125,V4 池,33.712711934404844,V3 池,33.67601237283156,0.108860,0.00,0.00
2025-12-03T11:37:16.637Z,33.67601237283156,33.712711934404844,33.7125,33.7125,V4 池,33.712711934404844,V3 池,33.67601237283156,0.108860,0.00,0.00
2025-12-03T11:37:16.759Z,33.67601237283156,33.712711934404844,33.7125,33.7125,V4 池,33.712711934404844,V3 池,33.67601237283156,0.108860,0.00,0.00
2025-12-03T11:37:16.839Z,33.67601237283156,33.712711934404844,33.7125,33.7125,V4 池,33.712711934404844,V3 池,33.67601237283156,0.108860,0.00,0.00
2025-12-03T11:37:21.348Z,33.67601237283156,33.712711934404844,33.72,33.72,现货价格,33.72,V3 池,33.67601237283156,0.130450,0.00,0.00
2025-12-03T11:37:21.407Z,33.67601237283156,33.712711934404844,33.7245,33.7245,现货价格,33.7245,V3 池,33.67601237283156,0.143776,0.00,0.00
2025-12-03T11:37:21.440Z,33.67601237283156,33.712711934404844,33.72,33.72,现货价格,33.72,V3 池,33.67601237283156,0.130450,0.00,0.00
2025-12-03T11:37:21.542Z,33.67601237283156,33.712711934404844,33.72,33.72,现货价格,33.72,V3 池,33.67601237283156,0.130450,0.00,0.00
2025-12-03T11:37:21.655Z,33.67601237283156,33.712711934404844,33.7245,33.7245,现货价格,33.7245,V3 池,33.67601237283156,0.143776,0.00,0.00
2025-12-03T11:37:21.802Z,33.67601237283156,33.712711934404844,33.72,33.72,现货价格,33.72,V3 池,33.67601237283156,0.130450,0.00,0.00
2025-12-03T11:37:21.827Z,33.67601237283156,33.712711934404844,33.72,33.72,现货价格,33.72,V3 池,33.67601237283156,0.130450,0.00,0.00
2025-12-03T11:37:26.199Z,33.67601237283156,33.712711934404844,33.7345,33.7345,现货价格,33.7345,V3 池,33.67601237283156,0.173376,0.00,0.00
2025-12-03T11:37:26.416Z,33.67601237283156,33.712711934404844,33.7345,33.7345,现货价格,33.7345,V3 池,33.67601237283156,0.173376,0.00,0.00
2025-12-03T11:37:26.576Z,33.67601237283156,33.712711934404844,33.7345,33.7345,现货价格,33.7345,V3 池,33.67601237283156,0.173376,0.00,0.00
2025-12-03T11:37:26.592Z,33.67601237283156,33.712711934404844,33.7345,33.7345,现货价格,33.7345,V3 池,33.67601237283156,0.173376,0.00,0.00
2025-12-03T11:37:26.596Z,33.67601237283156,33.712711934404844,33.7345,33.7345,现货价格,33.7345,V3 池,33.67601237283156,0.173376,0.00,0.00
2025-12-03T11:37:26.617Z,33.67601237283156,33.712711934404844,33.7345,33.7345,现货价格,33.7345,V3 池,33.67601237283156,0.173376,0.00,0.00
2025-12-03T11:37:26.786Z,33.67601237283156,33.712711934404844,33.7345,33.7345,现货价格,33.7345,V3 池,33.67601237283156,0.173376,0.00,0.00
2025-12-03T11:37:31.319Z,33.67601237283156,33.712711934404844,33.7365,33.7365,现货价格,33.7365,V3 池,33.67601237283156,0.179294,0.00,0.00
2025-12-03T11:37:31.374Z,33.67601237283156,33.712711934404844,33.7365,33.7365,现货价格,33.7365,V3 池,33.67601237283156,0.179294,0.00,0.00
2025-12-03T11:37:31.457Z,33.67601237283156,33.712711934404844,33.7365,33.7365,现货价格,33.7365,V3 池,33.67601237283156,0.179294,0.00,0.00
2025-12-03T11:37:31.632Z,33.67601237283156,33.712711934404844,33.7365,33.7365,现货价格,33.7365,V3 池,33.67601237283156,0.179294,0.00,0.00
2025-12-03T11:37:31.637Z,33.67601237283156,33.712711934404844,33.7365,33.7365,现货价格,33.7365,V3 池,33.67601237283156,0.179294,0.00,0.00
2025-12-03T11:37:31.673Z,33.67601237283156,33.712711934404844,33.7365,33.7365,现货价格,33.7365,V3 池,33.67601237283156,0.179294,0.00,0.00
2025-12-03T11:37:31.681Z,33.67601237283156,33.712711934404844,33.7365,33.7365,现货价格,33.7365,V3 池,33.67601237283156,0.179294,0.00,0.00
2025-12-03T11:37:36.380Z,33.67601237283156,33.712711934404844,33.7245,33.7245,现货价格,33.7245,V3 池,33.67601237283156,0.143776,0.00,0.00
2025-12-03T11:37:36.458Z,33.67601237283156,33.712711934404844,33.7245,33.7245,现货价格,33.7245,V3 池,33.67601237283156,0.143776,0.00,0.00
2025-12-03T11:37:36.466Z,33.67601237283156,33.712711934404844,33.7245,33.7245,现货价格,33.7245,V3 池,33.67601237283156,0.143776,0.00,0.00
2025-12-03T11:37:36.577Z,33.67601237283156,33.712711934404844,33.7245,33.7245,现货价格,33.7245,V3 池,33.67601237283156,0.143776,0.00,0.00
2025-12-03T11:37:36.643Z,33.67601237283156,33.712711934404844,33.7245,33.7245,现货价格,33.7245,V3 池,33.67601237283156,0.143776,0.00,0.00
2025-12-03T11:37:36.820Z,33.67601237283156,33.712711934404844,33.7245,33.7245,现货价格,33.7245,V3 池,33.67601237283156,0.143776,0.00,0.00
2025-12-03T11:37:36.943Z,33.67601237283156,33.712711934404844,33.7305,33.7305,现货价格,33.7305,V3 池,33.67601237283156,0.161538,0.00,0.00
2025-12-03T11:37:41.559Z,33.67601237283156,33.712711934404844,33.7245,33.7245,现货价格,33.7245,V3 池,33.67601237283156,0.143776,0.00,0.00
2025-12-03T11:37:41.567Z,33.67601237283156,33.712711934404844,33.7245,33.7245,现货价格,33.7245,V3 池,33.67601237283156,0.143776,0.00,0.00
2025-12-03T11:37:41.749Z,33.67601237283156,33.712711934404844,33.711,33.711,V4 池,33.712711934404844,V3 池,33.67601237283156,0.108860,0.00,0.00
2025-12-03T11:37:41.785Z,33.67601237283156,33.712711934404844,33.711,33.711,V4 池,33.712711934404844,V3 池,33.67601237283156,0.108860,0.00,0.00
2025-12-03T11:37:41.929Z,33.67601237283156,33.712711934404844,33.711,33.711,V4 池,33.712711934404844,V3 池,33.67601237283156,0.108860,0.00,0.00
2025-12-03T11:37:42.004Z,33.67601237283156,33.712711934404844,33.711,33.711,V4 池,33.712711934404844,V3 池,33.67601237283156,0.108860,0.00,0.00
2025-12-03T11:37:42.187Z,33.67601237283156,33.712711934404844,33.711,33.711,V4 池,33.712711934404844,V3 池,33.67601237283156,0.108860,0.00,0.00
2025-12-03T11:37:46.246Z,33.67601237283156,33.712711934404844,33.725,33.725,现货价格,33.725,V3 池,33.67601237283156,0.145256,0.00,0.00
2025-12-03T11:37:46.491Z,33.67601237283156,33.712711934404844,33.725,33.725,现货价格,33.725,V3 池,33.67601237283156,0.145256,0.00,0.00
2025-12-03T11:37:46.535Z,33.67601237283156,33.712711934404844,33.7165,33.7165,现货价格,33.7165,V3 池,33.67601237283156,0.120083,0.00,0.00
2025-12-03T11:37:46.657Z,33.67601237283156,33.712711934404844,33.725,33.725,现货价格,33.725,V3 池,33.67601237283156,0.145256,0.00,0.00
2025-12-03T11:37:46.809Z,33.67601237283156,33.712711934404844,33.7165,33.7165,现货价格,33.7165,V3 池,33.67601237283156,0.120083,0.00,0.00
2025-12-03T11:37:46.850Z,33.67601237283156,33.712711934404844,33.7165,33.7165,现货价格,33.7165,V3 池,33.67601237283156,0.120083,0.00,0.00
2025-12-03T11:37:46.890Z,33.67601237283156,33.712711934404844,33.7165,33.7165,现货价格,33.7165,V3 池,33.67601237283156,0.120083,0.00,0.00
2025-12-03T11:37:51.352Z,33.67601237283156,33.712711934404844,33.723,33.723,现货价格,33.723,V3 池,33.67601237283156,0.139334,0.00,0.00
2025-12-03T11:37:51.423Z,33.67601237283156,33.712711934404844,33.723,33.723,现货价格,33.723,V3 池,33.67601237283156,0.139334,0.00,0.00
2025-12-03T11:37:51.426Z,33.67601237283156,33.712711934404844,33.723,33.723,现货价格,33.723,V3 池,33.67601237283156,0.139334,0.00,0.00
2025-12-03T11:37:51.461Z,33.67601237283156,33.712711934404844,33.7235,33.7235,现货价格,33.7235,V3 池,33.67601237283156,0.140815,0.00,0.00
2025-12-03T11:37:51.698Z,33.67601237283156,33.712711934404844,33.723,33.723,现货价格,33.723,V3 池,33.67601237283156,0.139334,0.00,0.00
2025-12-03T11:37:51.759Z,33.67601237283156,33.712711934404844,33.723,33.723,现货价格,33.723,V3 池,33.67601237283156,0.139334,0.00,0.00
2025-12-03T11:37:51.985Z,33.67601237283156,33.712711934404844,33.7235,33.7235,现货价格,33.7235,V3 池,33.67601237283156,0.140815,0.00,0.00
2025-12-03T11:37:56.324Z,33.67601237283156,33.712711934404844,33.716,33.716,现货价格,33.716,V3 池,33.67601237283156,0.118601,0.00,0.00
2025-12-03T11:37:56.623Z,33.67601237283156,33.712711934404844,33.716,33.716,现货价格,33.716,V3 池,33.67601237283156,0.118601,0.00,0.00
2025-12-03T11:37:56.647Z,33.67601237283156,33.712711934404844,33.716,33.716,现货价格,33.716,V3 池,33.67601237283156,0.118601,0.00,0.00
2025-12-03T11:37:56.979Z,33.67601237283156,33.712711934404844,33.716,33.716,现货价格,33.716,V3 池,33.67601237283156,0.118601,0.00,0.00
2025-12-03T11:37:56.992Z,33.67601237283156,33.712711934404844,33.716,33.716,现货价格,33.716,V3 池,33.67601237283156,0.118601,0.00,0.00
2025-12-03T11:37:57.015Z,33.67601237283156,33.712711934404844,33.7165,33.7165,现货价格,33.7165,V3 池,33.67601237283156,0.120083,0.00,0.00
2025-12-03T11:37:57.094Z,33.67601237283156,33.712711934404844,33.7165,33.7165,现货价格,33.7165,V3 池,33.67601237283156,0.120083,0.00,0.00
2025-12-03T11:38:01.624Z,33.67601237283156,33.712711934404844,33.712,33.712,V4 池,33.712711934404844,V3 池,33.67601237283156,0.108860,0.00,0.00
2025-12-03T11:38:01.741Z,33.67601237283156,33.712711934404844,33.712,33.712,V4 池,33.712711934404844,V3 池,33.67601237283156,0.108860,0.00,0.00
2025-12-03T11:38:01.938Z,33.67601237283156,33.712711934404844,33.712,33.712,V4 池,33.712711934404844,V3 池,33.67601237283156,0.108860,0.00,0.00
2025-12-03T11:38:02.033Z,33.67601237283156,33.712711934404844,33.712,33.712,V4 池,33.712711934404844,V3 池,33.67601237283156,0.108860,0.00,0.00
2025-12-03T11:38:02.103Z,33.67601237283156,33.712711934404844,33.712,33.712,V4 池,33.712711934404844,V3 池,33.67601237283156,0.108860,0.00,0.00
2025-12-03T11:38:02.117Z,33.67601237283156,33.712711934404844,33.7195,33.7195,现货价格,33.7195,V3 池,33.67601237283156,0.128969,0.00,0.00
2025-12-03T11:38:02.177Z,33.67601237283156,33.712711934404844,33.712,33.712,V4 池,33.712711934404844,V3 池,33.67601237283156,0.108860,0.00,0.00
2025-12-03T11:38:06.623Z,33.67601237283156,33.712711934404844,33.7185,33.7185,现货价格,33.7185,V3 池,33.67601237283156,0.126007,0.00,0.00
2025-12-03T11:38:06.645Z,33.67601237283156,33.712711934404844,33.7185,33.7185,现货价格,33.7185,V3 池,33.67601237283156,0.126007,0.00,0.00
2025-12-03T11:38:06.647Z,33.67601237283156,33.712711934404844,33.7185,33.7185,现货价格,33.7185,V3 池,33.67601237283156,0.126007,0.00,0.00
2025-12-03T11:38:06.735Z,33.67601237283156,33.712711934404844,33.7185,33.7185,现货价格,33.7185,V3 池,33.67601237283156,0.126007,0.00,0.00
2025-12-03T11:38:06.793Z,33.67601237283156,33.712711934404844,33.7185,33.7185,现货价格,33.7185,V3 池,33.67601237283156,0.126007,0.00,0.00
2025-12-03T11:38:06.814Z,33.67601237283156,33.712711934404844,33.7185,33.7185,现货价格,33.7185,V3 池,33.67601237283156,0.126007,0.00,0.00
2025-12-03T11:38:06.906Z,33.67601237283156,33.712711934404844,33.7185,33.7185,现货价格,33.7185,V3 池,33.67601237283156,0.126007,0.00,0.00
2025-12-03T11:38:11.563Z,33.67601237283156,33.712711934404844,33.7205,33.7205,现货价格,33.7205,V3 池,33.67601237283156,0.131931,0.00,0.00
2025-12-03T11:38:11.701Z,33.67601237283156,33.712711934404844,33.7205,33.7205,现货价格,33.7205,V3 池,33.67601237283156,0.131931,0.00,0.00
2025-12-03T11:38:11.912Z,33.67601237283156,33.712711934404844,33.7205,33.7205,现货价格,33.7205,V3 池,33.67601237283156,0.131931,0.00,0.00
2025-12-03T11:38:11.925Z,33.67601237283156,33.712711934404844,33.7205,33.7205,现货价格,33.7205,V3 池,33.67601237283156,0.131931,0.00,0.00
2025-12-03T11:38:11.982Z,33.67601237283156,33.712711934404844,33.7205,33.7205,现货价格,33.7205,V3 池,33.67601237283156,0.131931,0.00,0.00
2025-12-03T11:38:11.992Z,33.67601237283156,33.712711934404844,33.7205,33.7205,现货价格,33.7205,V3 池,33.67601237283156,0.131931,0.00,0.00
2025-12-03T11:38:12.047Z,33.67601237283156,33.712711934404844,33.7205,33.7205,现货价格,33.7205,V3 池,33.67601237283156,0.131931,0.00,0.00
2025-12-03T11:38:16.394Z,33.67601237283156,33.712711934404844,33.7145,33.7145,现货价格,33.7145,V3 池,33.67601237283156,0.114157,0.00,0.00
2025-12-03T11:38:16.604Z,33.67601237283156,33.712711934404844,33.7145,33.7145,现货价格,33.7145,V3 池,33.67601237283156,0.114157,0.00,0.00
2025-12-03T11:38:16.651Z,33.67601237283156,33.712711934404844,33.7145,33.7145,现货价格,33.7145,V3 池,33.67601237283156,0.114157,0.00,0.00
2025-12-03T11:38:16.680Z,33.67601237283156,33.712711934404844,33.7145,33.7145,现货价格,33.7145,V3 池,33.67601237283156,0.114157,0.00,0.00
2025-12-03T11:38:16.846Z,33.67601237283156,33.712711934404844,33.7145,33.7145,现货价格,33.7145,V3 池,33.67601237283156,0.114157,0.00,0.00
2025-12-03T11:38:16.864Z,33.67601237283156,33.712711934404844,33.7145,33.7145,现货价格,33.7145,V3 池,33.67601237283156,0.114157,0.00,0.00
2025-12-03T11:38:16.924Z,33.67601237283156,33.712711934404844,33.7145,33.7145,现货价格,33.7145,V3 池,33.67601237283156,0.114157,0.00,0.00
2025-12-03T11:38:21.400Z,33.67601237283156,33.712711934404844,33.7295,33.7295,现货价格,33.7295,V3 池,33.67601237283156,0.158578,0.00,0.00
2025-12-03T11:38:21.407Z,33.67601237283156,33.712711934404844,33.7295,33.7295,现货价格,33.7295,V3 池,33.67601237283156,0.158578,0.00,0.00
2025-12-03T11:38:21.522Z,33.67601237283156,33.712711934404844,33.7295,33.7295,现货价格,33.7295,V3 池,33.67601237283156,0.158578,0.00,0.00
2025-12-03T11:38:21.670Z,33.67601237283156,33.712711934404844,33.7295,33.7295,现货价格,33.7295,V3 池,33.67601237283156,0.158578,0.00,0.00
2025-12-03T11:38:22.050Z,33.67601237283156,33.712711934404844,33.7295,33.7295,现货价格,33.7295,V3 池,33.67601237283156,0.158578,0.00,0.00
2025-12-03T11:38:22.090Z,33.67601237283156,33.712711934404844,33.7295,33.7295,现货价格,33.7295,V3 池,33.67601237283156,0.158578,0.00,0.00
2025-12-03T11:38:22.130Z,33.67601237283156,33.712711934404844,33.7295,33.7295,现货价格,33.7295,V3 池,33.67601237283156,0.158578,0.00,0.00
2025-12-03T11:38:26.526Z,33.67601237283156,33.712711934404844,33.7255,33.7255,现货价格,33.7255,V3 池,33.67601237283156,0.146737,0.00,0.00
2025-12-03T11:38:26.527Z,33.67601237283156,33.712711934404844,33.7255,33.7255,现货价格,33.7255,V3 池,33.67601237283156,0.146737,0.00,0.00
2025-12-03T11:38:26.579Z,33.67601237283156,33.712711934404844,33.7255,33.7255,现货价格,33.7255,V3 池,33.67601237283156,0.146737,0.00,0.00
2025-12-03T11:38:26.853Z,33.67601237283156,33.712711934404844,33.7255,33.7255,现货价格,33.7255,V3 池,33.67601237283156,0.146737,0.00,0.00
2025-12-03T11:38:26.955Z,33.67601237283156,33.712711934404844,33.7255,33.7255,现货价格,33.7255,V3 池,33.67601237283156,0.146737,0.00,0.00
2025-12-03T11:38:27.010Z,33.67601237283156,33.712711934404844,33.7255,33.7255,现货价格,33.7255,V3 池,33.67601237283156,0.146737,0.00,0.00
2025-12-03T11:38:27.055Z,33.67601237283156,33.712711934404844,33.7255,33.7255,现货价格,33.7255,V3 池,33.67601237283156,0.146737,0.00,0.00
2025-12-03T11:38:31.519Z,33.67601237283156,33.712711934404844,33.7205,33.7205,现货价格,33.7205,V3 池,33.67601237283156,0.131931,0.00,0.00
2025-12-03T11:38:31.536Z,33.67601237283156,33.712711934404844,33.7205,33.7205,现货价格,33.7205,V3 池,33.67601237283156,0.131931,0.00,0.00
2025-12-03T11:38:31.749Z,33.67601237283156,33.712711934404844,33.7205,33.7205,现货价格,33.7205,V3 池,33.67601237283156,0.131931,0.00,0.00
2025-12-03T11:38:31.988Z,33.67601237283156,33.712711934404844,33.7205,33.7205,现货价格,33.7205,V3 池,33.67601237283156,0.131931,0.00,0.00
2025-12-03T11:38:32.023Z,33.67601237283156,33.712711934404844,33.7205,33.7205,现货价格,33.7205,V3 池,33.67601237283156,0.131931,0.00,0.00
2025-12-03T11:38:32.110Z,33.67601237283156,33.712711934404844,33.7205,33.7205,现货价格,33.7205,V3 池,33.67601237283156,0.131931,0.00,0.00
2025-12-03T11:38:32.175Z,33.67601237283156,33.712711934404844,33.7205,33.7205,现货价格,33.7205,V3 池,33.67601237283156,0.131931,0.00,0.00
2025-12-03T11:38:36.694Z,33.67601237283156,33.712711934404844,33.7195,33.7195,现货价格,33.7195,V3 池,33.67601237283156,0.128969,0.00,0.00
2025-12-03T11:38:36.844Z,33.67601237283156,33.712711934404844,33.72,33.72,现货价格,33.72,V3 池,33.67601237283156,0.130450,0.00,0.00
2025-12-03T11:38:36.848Z,33.67601237283156,33.712711934404844,33.72,33.72,现货价格,33.72,V3 池,33.67601237283156,0.130450,0.00,0.00
2025-12-03T11:38:36.854Z,33.67601237283156,33.712711934404844,33.7195,33.7195,现货价格,33.7195,V3 池,33.67601237283156,0.128969,0.00,0.00
2025-12-03T11:38:36.942Z,33.67601237283156,33.712711934404844,33.7195,33.7195,现货价格,33.7195,V3 池,33.67601237283156,0.128969,0.00,0.00
2025-12-03T11:38:37.187Z,33.67601237283156,33.712711934404844,33.7195,33.7195,现货价格,33.7195,V3 池,33.67601237283156,0.128969,0.00,0.00
2025-12-03T11:38:37.339Z,33.67601237283156,33.712711934404844,33.7195,33.7195,现货价格,33.7195,V3 池,33.67601237283156,0.128969,0.00,0.00
2025-12-03T11:38:41.669Z,33.67601237283156,33.712711934404844,33.7195,33.7195,现货价格,33.7195,V3 池,33.67601237283156,0.128969,0.00,0.00
2025-12-03T11:38:41.717Z,33.67601237283156,33.712711934404844,33.7195,33.7195,现货价格,33.7195,V3 池,33.67601237283156,0.128969,0.00,0.00
2025-12-03T11:38:41.779Z,33.67601237283156,33.712711934404844,33.7195,33.7195,现货价格,33.7195,V3 池,33.67601237283156,0.128969,0.00,0.00
2025-12-03T11:38:41.780Z,33.67601237283156,33.712711934404844,33.7195,33.7195,现货价格,33.7195,V3 池,33.67601237283156,0.128969,0.00,0.00
2025-12-03T11:38:41.863Z,33.67601237283156,33.712711934404844,33.7195,33.7195,现货价格,33.7195,V3 池,33.67601237283156,0.128969,0.00,0.00
2025-12-03T11:38:41.931Z,33.67601237283156,33.712711934404844,33.7195,33.7195,现货价格,33.7195,V3 池,33.67601237283156,0.128969,0.00,0.00
2025-12-03T11:38:42.198Z,33.67601237283156,33.712711934404844,33.7195,33.7195,现货价格,33.7195,V3 池,33.67601237283156,0.128969,0.00,0.00
2025-12-03T11:38:46.503Z,33.67601237283156,33.712711934404844,33.7185,33.7185,现货价格,33.7185,V3 池,33.67601237283156,0.126007,0.00,0.00
2025-12-03T11:38:46.598Z,33.67601237283156,33.712711934404844,33.7185,33.7185,现货价格,33.7185,V3 池,33.67601237283156,0.126007,0.00,0.00
2025-12-03T11:38:46.709Z,33.67601237283156,33.712711934404844,33.7185,33.7185,现货价格,33.7185,V3 池,33.67601237283156,0.126007,0.00,0.00
2025-12-03T11:38:46.793Z,33.67601237283156,33.712711934404844,33.7185,33.7185,现货价格,33.7185,V3 池,33.67601237283156,0.126007,0.00,0.00
2025-12-03T11:38:46.851Z,33.67601237283156,33.712711934404844,33.7185,33.7185,现货价格,33.7185,V3 池,33.67601237283156,0.126007,0.00,0.00
2025-12-03T11:38:46.909Z,33.67601237283156,33.712711934404844,33.7185,33.7185,现货价格,33.7185,V3 池,33.67601237283156,0.126007,0.00,0.00
2025-12-03T11:38:47.066Z,33.67601237283156,33.712711934404844,33.7185,33.7185,现货价格,33.7185,V3 池,33.67601237283156,0.126007,0.00,0.00
2025-12-03T11:38:51.278Z,33.67601237283156,33.712711934404844,33.7115,33.7115,V4 池,33.712711934404844,V3 池,33.67601237283156,0.108860,0.00,0.00
2025-12-03T11:38:51.357Z,33.67601237283156,33.712711934404844,33.7115,33.7115,V4 池,33.712711934404844,V3 池,33.67601237283156,0.108860,0.00,0.00
2025-12-03T11:38:51.435Z,33.67601237283156,33.712711934404844,33.7115,33.7115,V4 池,33.712711934404844,V3 池,33.67601237283156,0.108860,0.00,0.00
2025-12-03T11:38:51.599Z,33.67601237283156,33.712711934404844,33.7115,33.7115,V4 池,33.712711934404844,V3 池,33.67601237283156,0.108860,0.00,0.00
2025-12-03T11:38:51.928Z,33.67601237283156,33.712711934404844,33.7115,33.7115,V4 池,33.712711934404844,V3 池,33.67601237283156,0.108860,0.00,0.00
2025-12-03T11:38:52.013Z,33.67601237283156,33.712711934404844,33.7115,33.7115,V4 池,33.712711934404844,V3 池,33.67601237283156,0.108860,0.00,0.00
2025-12-03T11:38:52.289Z,33.67601237283156,33.712711934404844,33.7115,33.7115,V4 池,33.712711934404844,V3 池,33.67601237283156,0.108860,0.00,0.00
2025-12-03T11:38:56.290Z,33.67601237283156,33.712711934404844,33.7125,33.7125,V4 池,33.712711934404844,V3 池,33.67601237283156,0.108860,0.00,0.00
2025-12-03T11:38:56.298Z,33.67601237283156,33.712711934404844,33.7125,33.7125,V4 池,33.712711934404844,V3 池,33.67601237283156,0.108860,0.00,0.00
2025-12-03T11:38:56.317Z,33.67601237283156,33.712711934404844,33.7125,33.7125,V4 池,33.712711934404844,V3 池,33.67601237283156,0.108860,0.00,0.00
2025-12-03T11:38:56.355Z,33.67601237283156,33.712711934404844,33.7125,33.7125,V4 池,33.712711934404844,V3 池,33.67601237283156,0.108860,0.00,0.00
2025-12-03T11:38:56.553Z,33.67601237283156,33.712711934404844,33.7125,33.7125,V4 池,33.712711934404844,V3 池,33.67601237283156,0.108860,0.00,0.00
2025-12-03T11:38:56.590Z,33.67601237283156,33.712711934404844,33.7125,33.7125,V4 池,33.712711934404844,V3 池,33.67601237283156,0.108860,0.00,0.00
2025-12-03T11:38:57.634Z,33.67601237283156,33.712711934404844,33.7125,33.7125,V4 池,33.712711934404844,V3 池,33.67601237283156,0.108860,0.00,0.00
2025-12-03T11:39:01.245Z,33.67601237283156,33.712711934404844,33.712,33.712,V4 池,33.712711934404844,V3 池,33.67601237283156,0.108860,0.00,0.00
2025-12-03T11:39:01.277Z,33.67601237283156,33.712711934404844,33.712,33.712,V4 池,33.712711934404844,V3 池,33.67601237283156,0.108860,0.00,0.00
2025-12-03T11:39:01.583Z,33.67601237283156,33.712711934404844,33.712,33.712,V4 池,33.712711934404844,V3 池,33.67601237283156,0.108860,0.00,0.00
2025-12-03T11:39:01.818Z,33.67601237283156,33.712711934404844,33.712,33.712,V4 池,33.712711934404844,V3 池,33.67601237283156,0.108860,0.00,0.00
2025-12-03T11:39:02.069Z,33.67601237283156,33.712711934404844,33.712,33.712,V4 池,33.712711934404844,V3 池,33.67601237283156,0.108860,0.00,0.00
2025-12-03T11:39:02.359Z,33.67601237283156,33.712711934404844,33.712,33.712,V4 池,33.712711934404844,V3 池,33.67601237283156,0.108860,0.00,0.00
2025-12-03T11:39:02.439Z,33.67601237283156,33.712711934404844,33.712,33.712,V4 池,33.712711934404844,V3 池,33.67601237283156,0.108860,0.00,0.00
2025-12-03T11:39:06.182Z,33.67601237283156,33.712711934404844,33.7105,33.7105,V4 池,33.712711934404844,V3 池,33.67601237283156,0.108860,0.00,0.00
2025-12-03T11:39:06.193Z,33.67601237283156,33.712711934404844,33.7105,33.7105,V4 池,33.712711934404844,V3 池,33.67601237283156,0.108860,0.00,0.00
2025-12-03T11:39:06.231Z,33.67601237283156,33.712711934404844,33.7105,33.7105,V4 池,33.712711934404844,V3 池,33.67601237283156,0.108860,0.00,0.00
2025-12-03T11:39:06.235Z,33.67601237283156,33.712711934404844,33.7105,33.7105,V4 池,33.712711934404844,V3 池,33.67601237283156,0.108860,0.00,0.00
2025-12-03T11:39:06.352Z,33.67601237283156,33.712711934404844,33.7105,33.7105,V4 池,33.712711934404844,V3 池,33.67601237283156,0.108860,0.00,0.00
2025-12-03T11:39:06.752Z,33.67601237283156,33.712711934404844,33.7105,33.7105,V4 池,33.712711934404844,V3 池,33.67601237283156,0.108860,0.00,0.00
2025-12-03T11:39:06.967Z,33.67601237283156,33.712711934404844,33.7105,33.7105,V4 池,33.712711934404844,V3 池,33.67601237283156,0.108860,0.00,0.00
2025-12-03T11:39:11.207Z,33.67601237283156,33.712711934404844,33.711,33.711,V4 池,33.712711934404844,V3 池,33.67601237283156,0.108860,0.00,0.00
2025-12-03T11:39:11.225Z,33.67601237283156,33.712711934404844,33.711,33.711,V4 池,33.712711934404844,V3 池,33.67601237283156,0.108860,0.00,0.00
2025-12-03T11:39:11.239Z,33.67601237283156,33.712711934404844,33.711,33.711,V4 池,33.712711934404844,V3 池,33.67601237283156,0.108860,0.00,0.00
2025-12-03T11:39:11.311Z,33.67601237283156,33.712711934404844,33.711,33.711,V4 池,33.712711934404844,V3 池,33.67601237283156,0.108860,0.00,0.00
2025-12-03T11:39:11.444Z,33.67601237283156,33.712711934404844,33.711,33.711,V4 池,33.712711934404844,V3 池,33.67601237283156,0.108860,0.00,0.00
2025-12-03T11:39:11.614Z,33.67601237283156,33.712711934404844,33.711,33.711,V4 池,33.712711934404844,V3 池,33.67601237283156,0.108860,0.00,0.00
2025-12-03T11:39:11.632Z,33.67601237283156,33.712711934404844,33.711,33.711,V4 池,33.712711934404844,V3 池,33.67601237283156,0.108860,0.00,0.00
2025-12-03T11:39:16.169Z,33.67601237283156,33.712711934404844,33.7105,33.7105,V4 池,33.712711934404844,V3 池,33.67601237283156,0.108860,0.00,0.00
2025-12-03T11:39:16.220Z,33.67601237283156,33.712711934404844,33.7105,33.7105,V4 池,33.712711934404844,V3 池,33.67601237283156,0.108860,0.00,0.00
2025-12-03T11:39:16.221Z,33.67601237283156,33.712711934404844,33.7105,33.7105,V4 池,33.712711934404844,V3 池,33.67601237283156,0.108860,0.00,0.00
2025-12-03T11:39:16.276Z,33.67601237283156,33.712711934404844,33.7105,33.7105,V4 池,33.712711934404844,V3 池,33.67601237283156,0.108860,0.00,0.00
2025-12-03T11:39:16.284Z,33.67601237283156,33.712711934404844,33.7105,33.7105,V4 池,33.712711934404844,V3 池,33.67601237283156,0.108860,0.00,0.00
2025-12-03T11:39:16.326Z,33.67601237283156,33.712711934404844,33.7105,33.7105,V4 池,33.712711934404844,V3 池,33.67601237283156,0.108860,0.00,0.00
2025-12-03T11:39:16.415Z,33.67601237283156,33.712711934404844,33.7105,33.7105,V4 池,33.712711934404844,V3 池,33.67601237283156,0.108860,0.00,0.00
2025-12-03T11:39:21.166Z,33.67601237283156,33.712711934404844,33.7175,33.7175,现货价格,33.7175,V3 池,33.67601237283156,0.123045,0.00,0.00
2025-12-03T11:39:21.189Z,33.67601237283156,33.712711934404844,33.7175,33.7175,现货价格,33.7175,V3 池,33.67601237283156,0.123045,0.00,0.00
2025-12-03T11:39:21.208Z,33.67601237283156,33.712711934404844,33.7175,33.7175,现货价格,33.7175,V3 池,33.67601237283156,0.123045,0.00,0.00
2025-12-03T11:39:21.237Z,33.67601237283156,33.712711934404844,33.7175,33.7175,现货价格,33.7175,V3 池,33.67601237283156,0.123045,0.00,0.00
2025-12-03T11:39:21.284Z,33.67601237283156,33.712711934404844,33.7175,33.7175,现货价格,33.7175,V3 池,33.67601237283156,0.123045,0.00,0.00
2025-12-03T11:39:21.303Z,33.67601237283156,33.712711934404844,33.7175,33.7175,现货价格,33.7175,V3 池,33.67601237283156,0.123045,0.00,0.00
2025-12-03T11:39:21.347Z,33.67601237283156,33.712711934404844,33.7175,33.7175,现货价格,33.7175,V3 池,33.67601237283156,0.123045,0.00,0.00
2025-12-03T11:39:26.216Z,33.67601237283156,33.712711934404844,33.71,33.71,V4 池,33.712711934404844,V3 池,33.67601237283156,0.108860,0.00,0.00
2025-12-03T11:39:26.263Z,33.67601237283156,33.712711934404844,33.71,33.71,V4 池,33.712711934404844,V3 池,33.67601237283156,0.108860,0.00,0.00
2025-12-03T11:39:26.264Z,33.67601237283156,33.712711934404844,33.71,33.71,V4 池,33.712711934404844,V3 池,33.67601237283156,0.108860,0.00,0.00
2025-12-03T11:39:26.280Z,33.67601237283156,33.712711934404844,33.71,33.71,V4 池,33.712711934404844,V3 池,33.67601237283156,0.108860,0.00,0.00
2025-12-03T11:39:26.297Z,33.67601237283156,33.712711934404844,33.71,33.71,V4 池,33.712711934404844,V3 池,33.67601237283156,0.108860,0.00,0.00
2025-12-03T11:39:26.323Z,33.67601237283156,33.712711934404844,33.71,33.71,V4 池,33.712711934404844,V3 池,33.67601237283156,0.108860,0.00,0.00
2025-12-03T11:39:26.860Z,33.67601237283156,33.712711934404844,33.71,33.71,V4 池,33.712711934404844,V3 池,33.67601237283156,0.108860,0.00,0.00
2025-12-03T11:39:31.224Z,33.67601237283156,33.712711934404844,33.7105,33.7105,V4 池,33.712711934404844,V3 池,33.67601237283156,0.108860,0.00,0.00
2025-12-03T11:39:31.290Z,33.67601237283156,33.712711934404844,33.715,33.715,现货价格,33.715,V3 池,33.67601237283156,0.115639,0.00,0.00
2025-12-03T11:39:31.321Z,33.67601237283156,33.712711934404844,33.7105,33.7105,V4 池,33.712711934404844,V3 池,33.67601237283156,0.108860,0.00,0.00
2025-12-03T11:39:31.380Z,33.67601237283156,33.712711934404844,33.715,33.715,现货价格,33.715,V3 池,33.67601237283156,0.115639,0.00,0.00
2025-12-03T11:39:31.388Z,33.67601237283156,33.712711934404844,33.715,33.715,现货价格,33.715,V3 池,33.67601237283156,0.115639,0.00,0.00
2025-12-03T11:39:31.392Z,33.67601237283156,33.712711934404844,33.715,33.715,现货价格,33.715,V3 池,33.67601237283156,0.115639,0.00,0.00
2025-12-03T11:39:31.396Z,33.67601237283156,33.712711934404844,33.715,33.715,现货价格,33.715,V3 池,33.67601237283156,0.115639,0.00,0.00
2025-12-03T11:39:36.231Z,33.67601237283156,33.712711934404844,33.7145,33.7145,现货价格,33.7145,V3 池,33.67601237283156,0.114157,0.00,0.00
2025-12-03T11:39:36.241Z,33.67601237283156,33.712711934404844,33.7145,33.7145,现货价格,33.7145,V3 池,33.67601237283156,0.114157,0.00,0.00
2025-12-03T11:39:36.245Z,33.67601237283156,33.712711934404844,33.7145,33.7145,现货价格,33.7145,V3 池,33.67601237283156,0.114157,0.00,0.00
2025-12-03T11:39:36.282Z,33.67601237283156,33.712711934404844,33.7145,33.7145,现货价格,33.7145,V3 池,33.67601237283156,0.114157,0.00,0.00
2025-12-03T11:39:36.333Z,33.67601237283156,33.712711934404844,33.7145,33.7145,现货价格,33.7145,V3 池,33.67601237283156,0.114157,0.00,0.00
2025-12-03T11:39:36.346Z,33.67601237283156,33.712711934404844,33.7155,33.7155,现货价格,33.7155,V3 池,33.67601237283156,0.117120,0.00,0.00
2025-12-03T11:39:36.348Z,33.67601237283156,33.712711934404844,33.7155,33.7155,现货价格,33.7155,V3 池,33.67601237283156,0.117120,0.00,0.00
2025-12-03T11:39:41.227Z,33.67601237283156,33.712711934404844,33.7155,33.7155,现货价格,33.7155,V3 池,33.67601237283156,0.117120,0.00,0.00
2025-12-03T11:39:41.270Z,33.67601237283156,33.712711934404844,33.7155,33.7155,现货价格,33.7155,V3 池,33.67601237283156,0.117120,0.00,0.00
2025-12-03T11:39:41.275Z,33.67601237283156,33.712711934404844,33.7155,33.7155,现货价格,33.7155,V3 池,33.67601237283156,0.117120,0.00,0.00
2025-12-03T11:39:41.392Z,33.67601237283156,33.712711934404844,33.7155,33.7155,现货价格,33.7155,V3 池,33.67601237283156,0.117120,0.00,0.00
2025-12-03T11:39:41.450Z,33.67601237283156,33.712711934404844,33.7155,33.7155,现货价格,33.7155,V3 池,33.67601237283156,0.117120,0.00,0.00
2025-12-03T11:39:41.475Z,33.67601237283156,33.712711934404844,33.7155,33.7155,现货价格,33.7155,V3 池,33.67601237283156,0.117120,0.00,0.00
2025-12-03T11:39:41.600Z,33.67601237283156,33.712711934404844,33.7155,33.7155,现货价格,33.7155,V3 池,33.67601237283156,0.117120,0.00,0.00
2025-12-03T11:39:46.219Z,33.67601237283156,33.712711934404844,33.7345,33.7345,现货价格,33.7345,V3 池,33.67601237283156,0.173376,0.00,0.00
2025-12-03T11:39:46.225Z,33.67601237283156,33.712711934404844,33.7345,33.7345,现货价格,33.7345,V3 池,33.67601237283156,0.173376,0.00,0.00
2025-12-03T11:39:46.227Z,33.67601237283156,33.712711934404844,33.7345,33.7345,现货价格,33.7345,V3 池,33.67601237283156,0.173376,0.00,0.00
2025-12-03T11:39:46.371Z,33.67601237283156,33.712711934404844,33.7345,33.7345,现货价格,33.7345,V3 池,33.67601237283156,0.173376,0.00,0.00
2025-12-03T11:39:46.421Z,33.67601237283156,33.712711934404844,33.7345,33.7345,现货价格,33.7345,V3 池,33.67601237283156,0.173376,0.00,0.00
2025-12-03T11:39:46.458Z,33.67601237283156,33.712711934404844,33.7345,33.7345,现货价格,33.7345,V3 池,33.67601237283156,0.173376,0.00,0.00
2025-12-03T11:39:46.534Z,33.67601237283156,33.712711934404844,33.7345,33.7345,现货价格,33.7345,V3 池,33.67601237283156,0.173376,0.00,0.00
2025-12-03T11:39:51.211Z,33.67601237283156,33.712711934404844,33.7395,33.7395,现货价格,33.7395,V3 池,33.67601237283156,0.188170,0.00,0.00
2025-12-03T11:39:51.274Z,33.67601237283156,33.712711934404844,33.7395,33.7395,现货价格,33.7395,V3 池,33.67601237283156,0.188170,0.00,0.00
2025-12-03T11:39:51.323Z,33.67601237283156,33.712711934404844,33.7395,33.7395,现货价格,33.7395,V3 池,33.67601237283156,0.188170,0.00,0.00
2025-12-03T11:39:51.361Z,33.67601237283156,33.712711934404844,33.7395,33.7395,现货价格,33.7395,V3 池,33.67601237283156,0.188170,0.00,0.00
2025-12-03T11:39:51.363Z,33.67601237283156,33.712711934404844,33.7395,33.7395,现货价格,33.7395,V3 池,33.67601237283156,0.188170,0.00,0.00
2025-12-03T11:39:51.387Z,33.67601237283156,33.712711934404844,33.7395,33.7395,现货价格,33.7395,V3 池,33.67601237283156,0.188170,0.00,0.00
2025-12-03T11:39:51.414Z,33.67601237283156,33.712711934404844,33.7395,33.7395,现货价格,33.7395,V3 池,33.67601237283156,0.188170,0.00,0.00
2025-12-03T11:39:56.256Z,33.67601237283156,33.712711934404844,33.7155,33.7155,现货价格,33.7155,V3 池,33.67601237283156,0.117120,0.00,0.00
2025-12-03T11:39:56.277Z,33.67601237283156,33.712711934404844,33.7155,33.7155,现货价格,33.7155,V3 池,33.67601237283156,0.117120,0.00,0.00
2025-12-03T11:39:56.281Z,33.67601237283156,33.712711934404844,33.7155,33.7155,现货价格,33.7155,V3 池,33.67601237283156,0.117120,0.00,0.00
2025-12-03T11:39:56.294Z,33.67601237283156,33.712711934404844,33.7155,33.7155,现货价格,33.7155,V3 池,33.67601237283156,0.117120,0.00,0.00
2025-12-03T11:39:56.334Z,33.67601237283156,33.712711934404844,33.7155,33.7155,现货价格,33.7155,V3 池,33.67601237283156,0.117120,0.00,0.00
2025-12-03T11:39:56.367Z,33.67601237283156,33.712711934404844,33.7155,33.7155,现货价格,33.7155,V3 池,33.67601237283156,0.117120,0.00,0.00
2025-12-03T11:39:56.490Z,33.67601237283156,33.712711934404844,33.7155,33.7155,现货价格,33.7155,V3 池,33.67601237283156,0.117120,0.00,0.00
2025-12-03T11:40:01.199Z,33.67601237283156,33.712711934404844,33.7165,33.7165,现货价格,33.7165,V3 池,33.67601237283156,0.120083,0.00,0.00
2025-12-03T11:40:01.248Z,33.67601237283156,33.712711934404844,33.7165,33.7165,现货价格,33.7165,V3 池,33.67601237283156,0.120083,0.00,0.00
2025-12-03T11:40:01.265Z,33.67601237283156,33.712711934404844,33.7165,33.7165,现货价格,33.7165,V3 池,33.67601237283156,0.120083,0.00,0.00
2025-12-03T11:40:01.329Z,33.67601237283156,33.712711934404844,33.7165,33.7165,现货价格,33.7165,V3 池,33.67601237283156,0.120083,0.00,0.00
2025-12-03T11:40:01.427Z,33.67601237283156,33.712711934404844,33.7165,33.7165,现货价格,33.7165,V3 池,33.67601237283156,0.120083,0.00,0.00
2025-12-03T11:40:01.429Z,33.67601237283156,33.712711934404844,33.7165,33.7165,现货价格,33.7165,V3 池,33.67601237283156,0.120083,0.00,0.00
2025-12-03T11:40:01.433Z,33.67601237283156,33.712711934404844,33.7165,33.7165,现货价格,33.7165,V3 池,33.67601237283156,0.120083,0.00,0.00
2025-12-03T11:40:06.288Z,33.67601237283156,33.712711934404844,33.7165,33.7165,现货价格,33.7165,V3 池,33.67601237283156,0.120083,0.00,0.00
2025-12-03T11:40:06.291Z,33.67601237283156,33.712711934404844,33.7165,33.7165,现货价格,33.7165,V3 池,33.67601237283156,0.120083,0.00,0.00
2025-12-03T11:40:06.396Z,33.67601237283156,33.712711934404844,33.7165,33.7165,现货价格,33.7165,V3 池,33.67601237283156,0.120083,0.00,0.00
2025-12-03T11:40:06.408Z,33.67601237283156,33.712711934404844,33.7165,33.7165,现货价格,33.7165,V3 池,33.67601237283156,0.120083,0.00,0.00
2025-12-03T11:40:06.501Z,33.67601237283156,33.712711934404844,33.7165,33.7165,现货价格,33.7165,V3 池,33.67601237283156,0.120083,0.00,0.00
2025-12-03T11:40:06.545Z,33.67601237283156,33.712711934404844,33.7165,33.7165,现货价格,33.7165,V3 池,33.67601237283156,0.120083,0.00,0.00
2025-12-03T11:40:06.557Z,33.67601237283156,33.712711934404844,33.7165,33.7165,现货价格,33.7165,V3 池,33.67601237283156,0.120083,0.00,0.00
2025-12-03T11:40:11.253Z,33.67601237283156,33.712711934404844,33.7165,33.7165,现货价格,33.7165,V3 池,33.67601237283156,0.120083,0.00,0.00
2025-12-03T11:40:11.333Z,33.67601237283156,33.712711934404844,33.7165,33.7165,现货价格,33.7165,V3 池,33.67601237283156,0.120083,0.00,0.00
2025-12-03T11:40:11.339Z,33.67601237283156,33.712711934404844,33.7165,33.7165,现货价格,33.7165,V3 池,33.67601237283156,0.120083,0.00,0.00
2025-12-03T11:40:11.349Z,33.67601237283156,33.712711934404844,33.7165,33.7165,现货价格,33.7165,V3 池,33.67601237283156,0.120083,0.00,0.00
2025-12-03T11:40:11.356Z,33.67601237283156,33.712711934404844,33.7165,33.7165,现货价格,33.7165,V3 池,33.67601237283156,0.120083,0.00,0.00
2025-12-03T11:40:11.361Z,33.67601237283156,33.712711934404844,33.7165,33.7165,现货价格,33.7165,V3 池,33.67601237283156,0.120083,0.00,0.00
2025-12-03T11:40:11.406Z,33.67601237283156,33.712711934404844,33.7165,33.7165,现货价格,33.7165,V3 池,33.67601237283156,0.120083,0.00,0.00
2025-12-03T11:40:16.230Z,33.67601237283156,33.712711934404844,33.7165,33.7165,现货价格,33.7165,V3 池,33.67601237283156,0.120083,0.00,0.00
2025-12-03T11:40:16.236Z,33.67601237283156,33.712711934404844,33.7165,33.7165,现货价格,33.7165,V3 池,33.67601237283156,0.120083,0.00,0.00
2025-12-03T11:40:16.302Z,33.67601237283156,33.712711934404844,33.7165,33.7165,现货价格,33.7165,V3 池,33.67601237283156,0.120083,0.00,0.00
2025-12-03T11:40:16.317Z,33.67601237283156,33.712711934404844,33.7165,33.7165,现货价格,33.7165,V3 池,33.67601237283156,0.120083,0.00,0.00
2025-12-03T11:40:16.360Z,33.67601237283156,33.712711934404844,33.7165,33.7165,现货价格,33.7165,V3 池,33.67601237283156,0.120083,0.00,0.00
2025-12-03T11:40:16.394Z,33.67601237283156,33.712711934404844,33.7165,33.7165,现货价格,33.7165,V3 池,33.67601237283156,0.120083,0.00,0.00
2025-12-03T11:40:16.411Z,33.67601237283156,33.712711934404844,33.7165,33.7165,现货价格,33.7165,V3 池,33.67601237283156,0.120083,0.00,0.00
2025-12-03T11:40:21.237Z,33.67601237283156,33.712711934404844,33.7165,33.7165,现货价格,33.7165,V3 池,33.67601237283156,0.120083,0.00,0.00
2025-12-03T11:40:21.312Z,33.67601237283156,33.712711934404844,33.7165,33.7165,现货价格,33.7165,V3 池,33.67601237283156,0.120083,0.00,0.00
2025-12-03T11:40:21.312Z,33.67601237283156,33.712711934404844,33.7165,33.7165,现货价格,33.7165,V3 池,33.67601237283156,0.120083,0.00,0.00
2025-12-03T11:40:21.313Z,33.67601237283156,33.712711934404844,33.7165,33.7165,现货价格,33.7165,V3 池,33.67601237283156,0.120083,0.00,0.00
2025-12-03T11:40:21.332Z,33.67601237283156,33.712711934404844,33.7165,33.7165,现货价格,33.7165,V3 池,33.67601237283156,0.120083,0.00,0.00
2025-12-03T11:40:21.379Z,33.67601237283156,33.712711934404844,33.7165,33.7165,现货价格,33.7165,V3 池,33.67601237283156,0.120083,0.00,0.00
2025-12-03T11:40:21.458Z,33.67601237283156,33.712711934404844,33.7165,33.7165,现货价格,33.7165,V3 池,33.67601237283156,0.120083,0.00,0.00
2025-12-03T11:40:26.195Z,33.67601237283156,33.712711934404844,33.7175,33.7175,现货价格,33.7175,V3 池,33.67601237283156,0.123045,0.00,0.00
2025-12-03T11:40:26.251Z,33.67601237283156,33.712711934404844,33.7175,33.7175,现货价格,33.7175,V3 池,33.67601237283156,0.123045,0.00,0.00
2025-12-03T11:40:26.317Z,33.67601237283156,33.712711934404844,33.7175,33.7175,现货价格,33.7175,V3 池,33.67601237283156,0.123045,0.00,0.00
2025-12-03T11:40:26.351Z,33.67601237283156,33.712711934404844,33.7175,33.7175,现货价格,33.7175,V3 池,33.67601237283156,0.123045,0.00,0.00
2025-12-03T11:40:26.495Z,33.67601237283156,33.712711934404844,33.7175,33.7175,现货价格,33.7175,V3 池,33.67601237283156,0.123045,0.00,0.00
2025-12-03T11:40:26.539Z,33.67601237283156,33.712711934404844,33.7175,33.7175,现货价格,33.7175,V3 池,33.67601237283156,0.123045,0.00,0.00
2025-12-03T11:40:26.549Z,33.67601237283156,33.712711934404844,33.7175,33.7175,现货价格,33.7175,V3 池,33.67601237283156,0.123045,0.00,0.00
2025-12-03T11:40:31.280Z,33.67601237283156,33.712711934404844,33.7235,33.7235,现货价格,33.7235,V3 池,33.67601237283156,0.140815,0.00,0.00
2025-12-03T11:40:31.305Z,33.67601237283156,33.712711934404844,33.7235,33.7235,现货价格,33.7235,V3 池,33.67601237283156,0.140815,0.00,0.00
2025-12-03T11:40:31.313Z,33.67601237283156,33.712711934404844,33.7235,33.7235,现货价格,33.7235,V3 池,33.67601237283156,0.140815,0.00,0.00
2025-12-03T11:40:31.353Z,33.67601237283156,33.712711934404844,33.7235,33.7235,现货价格,33.7235,V3 池,33.67601237283156,0.140815,0.00,0.00
2025-12-03T11:40:31.361Z,33.67601237283156,33.712711934404844,33.7235,33.7235,现货价格,33.7235,V3 池,33.67601237283156,0.140815,0.00,0.00
2025-12-03T11:40:31.453Z,33.67601237283156,33.712711934404844,33.7235,33.7235,现货价格,33.7235,V3 池,33.67601237283156,0.140815,0.00,0.00
2025-12-03T11:40:31.468Z,33.67601237283156,33.712711934404844,33.7235,33.7235,现货价格,33.7235,V3 池,33.67601237283156,0.140815,0.00,0.00
2025-12-03T11:40:36.216Z,33.67601237283156,33.712711934404844,33.7235,33.7235,现货价格,33.7235,V3 池,33.67601237283156,0.140815,0.00,0.00
2025-12-03T11:40:36.316Z,33.67601237283156,33.712711934404844,33.7235,33.7235,现货价格,33.7235,V3 池,33.67601237283156,0.140815,0.00,0.00
2025-12-03T11:40:36.345Z,33.67601237283156,33.712711934404844,33.7235,33.7235,现货价格,33.7235,V3 池,33.67601237283156,0.140815,0.00,0.00
2025-12-03T11:40:36.352Z,33.67601237283156,33.712711934404844,33.7235,33.7235,现货价格,33.7235,V3 池,33.67601237283156,0.140815,0.00,0.00
2025-12-03T11:40:36.355Z,33.67601237283156,33.712711934404844,33.7235,33.7235,现货价格,33.7235,V3 池,33.67601237283156,0.140815,0.00,0.00
2025-12-03T11:40:36.359Z,33.67601237283156,33.712711934404844,33.7235,33.7235,现货价格,33.7235,V3 池,33.67601237283156,0.140815,0.00,0.00
2025-12-03T11:40:36.364Z,33.67601237283156,33.712711934404844,33.7235,33.7235,现货价格,33.7235,V3 池,33.67601237283156,0.140815,0.00,0.00
2025-12-03T11:40:41.286Z,33.67601237283156,33.712711934404844,33.7235,33.7235,现货价格,33.7235,V3 池,33.67601237283156,0.140815,0.00,0.00
2025-12-03T11:40:41.309Z,33.67601237283156,33.712711934404844,33.7235,33.7235,现货价格,33.7235,V3 池,33.67601237283156,0.140815,0.00,0.00
2025-12-03T11:40:41.316Z,33.67601237283156,33.712711934404844,33.7235,33.7235,现货价格,33.7235,V3 池,33.67601237283156,0.140815,0.00,0.00
2025-12-03T11:40:41.322Z,33.67601237283156,33.712711934404844,33.7235,33.7235,现货价格,33.7235,V3 池,33.67601237283156,0.140815,0.00,0.00
2025-12-03T11:40:41.361Z,33.67601237283156,33.712711934404844,33.7235,33.7235,现货价格,33.7235,V3 池,33.67601237283156,0.140815,0.00,0.00
2025-12-03T11:40:41.404Z,33.67601237283156,33.712711934404844,33.7235,33.7235,现货价格,33.7235,V3 池,33.67601237283156,0.140815,0.00,0.00
2025-12-03T11:40:41.414Z,33.67601237283156,33.712711934404844,33.7235,33.7235,现货价格,33.7235,V3 池,33.67601237283156,0.140815,0.00,0.00
2025-12-03T11:40:46.193Z,33.67601237283156,33.712711934404844,33.7235,33.7235,现货价格,33.7235,V3 池,33.67601237283156,0.140815,0.00,0.00
2025-12-03T11:40:46.251Z,33.67601237283156,33.712711934404844,33.7235,33.7235,现货价格,33.7235,V3 池,33.67601237283156,0.140815,0.00,0.00
2025-12-03T11:40:46.347Z,33.67601237283156,33.712711934404844,33.7235,33.7235,现货价格,33.7235,V3 池,33.67601237283156,0.140815,0.00,0.00
2025-12-03T11:40:46.359Z,33.67601237283156,33.712711934404844,33.7235,33.7235,现货价格,33.7235,V3 池,33.67601237283156,0.140815,0.00,0.00
2025-12-03T11:40:46.396Z,33.67601237283156,33.712711934404844,33.7235,33.7235,现货价格,33.7235,V3 池,33.67601237283156,0.140815,0.00,0.00
2025-12-03T11:40:46.397Z,33.67601237283156,33.712711934404844,33.7235,33.7235,现货价格,33.7235,V3 池,33.67601237283156,0.140815,0.00,0.00
2025-12-03T11:40:46.433Z,33.67601237283156,33.712711934404844,33.7235,33.7235,现货价格,33.7235,V3 池,33.67601237283156,0.140815,0.00,0.00
2025-12-03T11:40:51.354Z,33.67601237283156,33.712711934404844,33.7245,33.7245,现货价格,33.7245,V3 池,33.67601237283156,0.143776,0.00,0.00
2025-12-03T11:40:51.373Z,33.67601237283156,33.712711934404844,33.7245,33.7245,现货价格,33.7245,V3 池,33.67601237283156,0.143776,0.00,0.00
2025-12-03T11:40:51.378Z,33.67601237283156,33.712711934404844,33.7245,33.7245,现货价格,33.7245,V3 池,33.67601237283156,0.143776,0.00,0.00
2025-12-03T11:40:51.400Z,33.67601237283156,33.712711934404844,33.7245,33.7245,现货价格,33.7245,V3 池,33.67601237283156,0.143776,0.00,0.00
2025-12-03T11:40:51.424Z,33.67601237283156,33.712711934404844,33.7245,33.7245,现货价格,33.7245,V3 池,33.67601237283156,0.143776,0.00,0.00
2025-12-03T11:40:51.446Z,33.67601237283156,33.712711934404844,33.7245,33.7245,现货价格,33.7245,V3 池,33.67601237283156,0.143776,0.00,0.00
2025-12-03T11:40:51.508Z,33.67601237283156,33.712711934404844,33.7195,33.7195,现货价格,33.7195,V3 池,33.67601237283156,0.128969,0.00,0.00
2025-12-03T11:40:56.262Z,33.67601237283156,33.712711934404844,33.7205,33.7205,现货价格,33.7205,V3 池,33.67601237283156,0.131931,0.00,0.00
2025-12-03T11:40:56.282Z,33.67601237283156,33.712711934404844,33.7205,33.7205,现货价格,33.7205,V3 池,33.67601237283156,0.131931,0.00,0.00
2025-12-03T11:40:56.318Z,33.67601237283156,33.712711934404844,33.7205,33.7205,现货价格,33.7205,V3 池,33.67601237283156,0.131931,0.00,0.00
2025-12-03T11:40:56.432Z,33.67601237283156,33.712711934404844,33.7205,33.7205,现货价格,33.7205,V3 池,33.67601237283156,0.131931,0.00,0.00
2025-12-03T11:40:56.489Z,33.67601237283156,33.712711934404844,33.7205,33.7205,现货价格,33.7205,V3 池,33.67601237283156,0.131931,0.00,0.00
2025-12-03T11:40:56.496Z,33.67601237283156,33.712711934404844,33.7205,33.7205,现货价格,33.7205,V3 池,33.67601237283156,0.131931,0.00,0.00
2025-12-03T11:40:56.523Z,33.67601237283156,33.712711934404844,33.7205,33.7205,现货价格,33.7205,V3 池,33.67601237283156,0.131931,0.00,0.00
2025-12-03T11:41:01.265Z,33.67601237283156,33.712711934404844,33.7215,33.7215,现货价格,33.7215,V3 池,33.67601237283156,0.134892,0.00,0.00
2025-12-03T11:41:01.273Z,33.67601237283156,33.712711934404844,33.7215,33.7215,现货价格,33.7215,V3 池,33.67601237283156,0.134892,0.00,0.00
2025-12-03T11:41:01.312Z,33.67601237283156,33.712711934404844,33.7215,33.7215,现货价格,33.7215,V3 池,33.67601237283156,0.134892,0.00,0.00
2025-12-03T11:41:01.366Z,33.67601237283156,33.712711934404844,33.7215,33.7215,现货价格,33.7215,V3 池,33.67601237283156,0.134892,0.00,0.00
2025-12-03T11:41:01.382Z,33.67601237283156,33.712711934404844,33.7215,33.7215,现货价格,33.7215,V3 池,33.67601237283156,0.134892,0.00,0.00
2025-12-03T11:41:01.383Z,33.67601237283156,33.712711934404844,33.7215,33.7215,现货价格,33.7215,V3 池,33.67601237283156,0.134892,0.00,0.00
2025-12-03T11:41:01.434Z,33.67601237283156,33.712711934404844,33.7215,33.7215,现货价格,33.7215,V3 池,33.67601237283156,0.134892,0.00,0.00
2025-12-03T11:41:06.291Z,33.67601237283156,33.712711934404844,33.7175,33.7175,现货价格,33.7175,V3 池,33.67601237283156,0.123045,0.00,0.00
2025-12-03T11:41:06.342Z,33.67601237283156,33.712711934404844,33.7175,33.7175,现货价格,33.7175,V3 池,33.67601237283156,0.123045,0.00,0.00
2025-12-03T11:41:06.365Z,33.67601237283156,33.712711934404844,33.7175,33.7175,现货价格,33.7175,V3 池,33.67601237283156,0.123045,0.00,0.00
2025-12-03T11:41:06.434Z,33.67601237283156,33.712711934404844,33.7175,33.7175,现货价格,33.7175,V3 池,33.67601237283156,0.123045,0.00,0.00
2025-12-03T11:41:06.559Z,33.67601237283156,33.712711934404844,33.7175,33.7175,现货价格,33.7175,V3 池,33.67601237283156,0.123045,0.00,0.00
2025-12-03T11:41:06.610Z,33.67601237283156,33.712711934404844,33.7175,33.7175,现货价格,33.7175,V3 池,33.67601237283156,0.123045,0.00,0.00
2025-12-03T11:41:06.616Z,33.67601237283156,33.712711934404844,33.7175,33.7175,现货价格,33.7175,V3 池,33.67601237283156,0.123045,0.00,0.00
2025-12-03T11:41:11.232Z,33.67601237283156,33.712711934404844,33.721,33.721,现货价格,33.721,V3 池,33.67601237283156,0.133411,0.00,0.00
2025-12-03T11:41:11.252Z,33.67601237283156,33.712711934404844,33.721,33.721,现货价格,33.721,V3 池,33.67601237283156,0.133411,0.00,0.00
2025-12-03T11:41:11.273Z,33.67601237283156,33.712711934404844,33.721,33.721,现货价格,33.721,V3 池,33.67601237283156,0.133411,0.00,0.00
2025-12-03T11:41:11.297Z,33.67601237283156,33.712711934404844,33.721,33.721,现货价格,33.721,V3 池,33.67601237283156,0.133411,0.00,0.00
2025-12-03T11:41:11.471Z,33.67601237283156,33.712711934404844,33.721,33.721,现货价格,33.721,V3 池,33.67601237283156,0.133411,0.00,0.00
2025-12-03T11:41:11.523Z,33.67601237283156,33.712711934404844,33.721,33.721,现货价格,33.721,V3 池,33.67601237283156,0.133411,0.00,0.00
2025-12-03T11:41:11.844Z,33.67601237283156,33.712711934404844,33.721,33.721,现货价格,33.721,V3 池,33.67601237283156,0.133411,0.00,0.00
2025-12-03T11:41:16.246Z,33.67601237283156,33.712711934404844,33.7285,33.7285,现货价格,33.7285,V3 池,33.67601237283156,0.155618,0.00,0.00
2025-12-03T11:41:16.308Z,33.67601237283156,33.712711934404844,33.7285,33.7285,现货价格,33.7285,V3 池,33.67601237283156,0.155618,0.00,0.00
2025-12-03T11:41:16.313Z,33.67601237283156,33.712711934404844,33.7285,33.7285,现货价格,33.7285,V3 池,33.67601237283156,0.155618,0.00,0.00
2025-12-03T11:41:16.395Z,33.67601237283156,33.712711934404844,33.7285,33.7285,现货价格,33.7285,V3 池,33.67601237283156,0.155618,0.00,0.00
2025-12-03T11:41:16.462Z,33.67601237283156,33.712711934404844,33.7285,33.7285,现货价格,33.7285,V3 池,33.67601237283156,0.155618,0.00,0.00
2025-12-03T11:41:16.835Z,33.67601237283156,33.712711934404844,33.7285,33.7285,现货价格,33.7285,V3 池,33.67601237283156,0.155618,0.00,0.00
2025-12-03T11:41:16.961Z,33.67601237283156,33.712711934404844,33.7285,33.7285,现货价格,33.7285,V3 池,33.67601237283156,0.155618,0.00,0.00
2025-12-03T11:41:21.367Z,33.67601237283156,33.712711934404844,33.7305,33.7305,现货价格,33.7305,V3 池,33.67601237283156,0.161538,0.00,0.00
2025-12-03T11:41:21.433Z,33.67601237283156,33.712711934404844,33.7305,33.7305,现货价格,33.7305,V3 池,33.67601237283156,0.161538,0.00,0.00
2025-12-03T11:41:21.479Z,33.67601237283156,33.712711934404844,33.7305,33.7305,现货价格,33.7305,V3 池,33.67601237283156,0.161538,0.00,0.00
2025-12-03T11:41:21.600Z,33.67601237283156,33.712711934404844,33.7305,33.7305,现货价格,33.7305,V3 池,33.67601237283156,0.161538,0.00,0.00
2025-12-03T11:41:21.637Z,33.67601237283156,33.712711934404844,33.7305,33.7305,现货价格,33.7305,V3 池,33.67601237283156,0.161538,0.00,0.00
2025-12-03T11:41:21.750Z,33.67601237283156,33.712711934404844,33.7305,33.7305,现货价格,33.7305,V3 池,33.67601237283156,0.161538,0.00,0.00
2025-12-03T11:41:22.001Z,33.67601237283156,33.712711934404844,33.7305,33.7305,现货价格,33.7305,V3 池,33.67601237283156,0.161538,0.00,0.00
2025-12-03T11:41:26.199Z,33.67601237283156,33.712711934404844,33.732,33.732,现货价格,33.732,V3 池,33.67601237283156,0.165978,0.00,0.00
2025-12-03T11:41:26.205Z,33.67601237283156,33.712711934404844,33.732,33.732,现货价格,33.732,V3 池,33.67601237283156,0.165978,0.00,0.00
2025-12-03T11:41:26.244Z,33.67601237283156,33.712711934404844,33.732,33.732,现货价格,33.732,V3 池,33.67601237283156,0.165978,0.00,0.00
2025-12-03T11:41:26.335Z,33.67601237283156,33.712711934404844,33.732,33.732,现货价格,33.732,V3 池,33.67601237283156,0.165978,0.00,0.00
2025-12-03T11:41:26.335Z,33.67601237283156,33.712711934404844,33.732,33.732,现货价格,33.732,V3 池,33.67601237283156,0.165978,0.00,0.00
2025-12-03T11:41:26.413Z,33.67601237283156,33.712711934404844,33.732,33.732,现货价格,33.732,V3 池,33.67601237283156,0.165978,0.00,0.00
2025-12-03T11:41:26.420Z,33.67601237283156,33.712711934404844,33.732,33.732,现货价格,33.732,V3 池,33.67601237283156,0.165978,0.00,0.00
2025-12-03T11:41:31.284Z,33.67601237283156,33.712711934404844,33.7305,33.7305,现货价格,33.7305,V3 池,33.67601237283156,0.161538,0.00,0.00
2025-12-03T11:41:31.319Z,33.67601237283156,33.712711934404844,33.7305,33.7305,现货价格,33.7305,V3 池,33.67601237283156,0.161538,0.00,0.00
2025-12-03T11:41:31.361Z,33.67601237283156,33.712711934404844,33.7305,33.7305,现货价格,33.7305,V3 池,33.67601237283156,0.161538,0.00,0.00
2025-12-03T11:41:31.397Z,33.67601237283156,33.712711934404844,33.7305,33.7305,现货价格,33.7305,V3 池,33.67601237283156,0.161538,0.00,0.00
2025-12-03T11:41:31.402Z,33.67601237283156,33.712711934404844,33.7305,33.7305,现货价格,33.7305,V3 池,33.67601237283156,0.161538,0.00,0.00
2025-12-03T11:41:31.442Z,33.67601237283156,33.712711934404844,33.7305,33.7305,现货价格,33.7305,V3 池,33.67601237283156,0.161538,0.00,0.00
2025-12-03T11:41:31.510Z,33.67601237283156,33.712711934404844,33.7305,33.7305,现货价格,33.7305,V3 池,33.67601237283156,0.161538,0.00,0.00
2025-12-03T11:41:36.188Z,33.67601237283156,33.712711934404844,33.735,33.735,现货价格,33.735,V3 池,33.67601237283156,0.174856,0.00,0.00
2025-12-03T11:41:36.234Z,33.67601237283156,33.712711934404844,33.735,33.735,现货价格,33.735,V3 池,33.67601237283156,0.174856,0.00,0.00
2025-12-03T11:41:36.259Z,33.67601237283156,33.712711934404844,33.735,33.735,现货价格,33.735,V3 池,33.67601237283156,0.174856,0.00,0.00
2025-12-03T11:41:36.270Z,33.67601237283156,33.712711934404844,33.735,33.735,现货价格,33.735,V3 池,33.67601237283156,0.174856,0.00,0.00
2025-12-03T11:41:36.282Z,33.67601237283156,33.712711934404844,33.735,33.735,现货价格,33.735,V3 池,33.67601237283156,0.174856,0.00,0.00
2025-12-03T11:41:36.463Z,33.67601237283156,33.712711934404844,33.735,33.735,现货价格,33.735,V3 池,33.67601237283156,0.174856,0.00,0.00
2025-12-03T11:41:36.500Z,33.67601237283156,33.712711934404844,33.735,33.735,现货价格,33.735,V3 池,33.67601237283156,0.174856,0.00,0.00
2025-12-03T11:41:41.214Z,33.67601237283156,33.712711934404844,33.7175,33.7175,现货价格,33.7175,V3 池,33.67601237283156,0.123045,0.00,0.00
2025-12-03T11:41:41.220Z,33.67601237283156,33.712711934404844,33.7175,33.7175,现货价格,33.7175,V3 池,33.67601237283156,0.123045,0.00,0.00
2025-12-03T11:41:41.280Z,33.67601237283156,33.712711934404844,33.7175,33.7175,现货价格,33.7175,V3 池,33.67601237283156,0.123045,0.00,0.00
2025-12-03T11:41:41.301Z,33.67601237283156,33.712711934404844,33.7175,33.7175,现货价格,33.7175,V3 池,33.67601237283156,0.123045,0.00,0.00
2025-12-03T11:41:41.306Z,33.67601237283156,33.712711934404844,33.7175,33.7175,现货价格,33.7175,V3 池,33.67601237283156,0.123045,0.00,0.00
2025-12-03T11:41:41.320Z,33.67601237283156,33.712711934404844,33.7175,33.7175,现货价格,33.7175,V3 池,33.67601237283156,0.123045,0.00,0.00
2025-12-03T11:41:41.390Z,33.67601237283156,33.712711934404844,33.7175,33.7175,现货价格,33.7175,V3 池,33.67601237283156,0.123045,0.00,0.00
2025-12-03T11:41:46.201Z,33.67601237283156,33.712711934404844,33.729,33.729,现货价格,33.729,V3 池,33.67601237283156,0.157098,0.00,0.00
2025-12-03T11:41:46.222Z,33.67601237283156,33.712711934404844,33.729,33.729,现货价格,33.729,V3 池,33.67601237283156,0.157098,0.00,0.00
2025-12-03T11:41:46.245Z,33.67601237283156,33.712711934404844,33.729,33.729,现货价格,33.729,V3 池,33.67601237283156,0.157098,0.00,0.00
2025-12-03T11:41:46.342Z,33.67601237283156,33.712711934404844,33.729,33.729,现货价格,33.729,V3 池,33.67601237283156,0.157098,0.00,0.00
2025-12-03T11:41:46.420Z,33.67601237283156,33.712711934404844,33.729,33.729,现货价格,33.729,V3 池,33.67601237283156,0.157098,0.00,0.00
2025-12-03T11:41:46.422Z,33.67601237283156,33.712711934404844,33.729,33.729,现货价格,33.729,V3 池,33.67601237283156,0.157098,0.00,0.00
2025-12-03T11:41:46.494Z,33.67601237283156,33.712711934404844,33.729,33.729,现货价格,33.729,V3 池,33.67601237283156,0.157098,0.00,0.00
2025-12-03T11:41:51.274Z,33.67601237283156,33.712711934404844,33.7305,33.7305,现货价格,33.7305,V3 池,33.67601237283156,0.161538,0.00,0.00
2025-12-03T11:41:51.334Z,33.67601237283156,33.712711934404844,33.7305,33.7305,现货价格,33.7305,V3 池,33.67601237283156,0.161538,0.00,0.00
2025-12-03T11:41:51.369Z,33.67601237283156,33.712711934404844,33.7305,33.7305,现货价格,33.7305,V3 池,33.67601237283156,0.161538,0.00,0.00
2025-12-03T11:41:51.384Z,33.67601237283156,33.712711934404844,33.7305,33.7305,现货价格,33.7305,V3 池,33.67601237283156,0.161538,0.00,0.00
2025-12-03T11:41:51.395Z,33.67601237283156,33.712711934404844,33.7305,33.7305,现货价格,33.7305,V3 池,33.67601237283156,0.161538,0.00,0.00
2025-12-03T11:41:51.396Z,33.67601237283156,33.712711934404844,33.7305,33.7305,现货价格,33.7305,V3 池,33.67601237283156,0.161538,0.00,0.00
2025-12-03T11:41:51.414Z,33.67601237283156,33.712711934404844,33.7305,33.7305,现货价格,33.7305,V3 池,33.67601237283156,0.161538,0.00,0.00
2025-12-03T11:41:56.220Z,33.67601237283156,33.712711934404844,33.7305,33.7305,现货价格,33.7305,V3 池,33.67601237283156,0.161538,0.00,0.00
2025-12-03T11:41:56.260Z,33.67601237283156,33.712711934404844,33.7305,33.7305,现货价格,33.7305,V3 池,33.67601237283156,0.161538,0.00,0.00
2025-12-03T11:41:56.322Z,33.67601237283156,33.712711934404844,33.7305,33.7305,现货价格,33.7305,V3 池,33.67601237283156,0.161538,0.00,0.00
2025-12-03T11:41:56.347Z,33.67601237283156,33.712711934404844,33.7305,33.7305,现货价格,33.7305,V3 池,33.67601237283156,0.161538,0.00,0.00
2025-12-03T11:41:56.365Z,33.67601237283156,33.712711934404844,33.7305,33.7305,现货价格,33.7305,V3 池,33.67601237283156,0.161538,0.00,0.00
2025-12-03T11:41:56.405Z,33.67601237283156,33.712711934404844,33.7305,33.7305,现货价格,33.7305,V3 池,33.67601237283156,0.161538,0.00,0.00
2025-12-03T11:41:56.413Z,33.67601237283156,33.712711934404844,33.7305,33.7305,现货价格,33.7305,V3 池,33.67601237283156,0.161538,0.00,0.00
2025-12-03T11:42:01.536Z,33.67601237283156,33.712711934404844,33.7295,33.7295,现货价格,33.7295,V3 池,33.67601237283156,0.158578,0.00,0.00
2025-12-03T11:42:01.759Z,33.67601237283156,33.712711934404844,33.7295,33.7295,现货价格,33.7295,V3 池,33.67601237283156,0.158578,0.00,0.00
2025-12-03T11:42:01.775Z,33.67601237283156,33.712711934404844,33.7295,33.7295,现货价格,33.7295,V3 池,33.67601237283156,0.158578,0.00,0.00
2025-12-03T11:42:01.830Z,33.67601237283156,33.712711934404844,33.7295,33.7295,现货价格,33.7295,V3 池,33.67601237283156,0.158578,0.00,0.00
2025-12-03T11:42:01.877Z,33.67601237283156,33.712711934404844,33.7295,33.7295,现货价格,33.7295,V3 池,33.67601237283156,0.158578,0.00,0.00
2025-12-03T11:42:01.879Z,33.67601237283156,33.712711934404844,33.7295,33.7295,现货价格,33.7295,V3 池,33.67601237283156,0.158578,0.00,0.00
2025-12-03T11:42:01.943Z,33.67601237283156,33.712711934404844,33.7295,33.7295,现货价格,33.7295,V3 池,33.67601237283156,0.158578,0.00,0.00
2025-12-03T11:42:06.190Z,33.67601237283156,33.712711934404844,33.7005,33.7005,V4 池,33.712711934404844,V3 池,33.67601237283156,0.108860,0.00,0.00
2025-12-03T11:42:06.212Z,33.67601237283156,33.712711934404844,33.7005,33.7005,V4 池,33.712711934404844,V3 池,33.67601237283156,0.108860,0.00,0.00
2025-12-03T11:42:06.268Z,33.67601237283156,33.712711934404844,33.7005,33.7005,V4 池,33.712711934404844,V3 池,33.67601237283156,0.108860,0.00,0.00
2025-12-03T11:42:06.289Z,33.67601237283156,33.712711934404844,33.7005,33.7005,V4 池,33.712711934404844,V3 池,33.67601237283156,0.108860,0.00,0.00
2025-12-03T11:42:06.294Z,33.67601237283156,33.712711934404844,33.7005,33.7005,V4 池,33.712711934404844,V3 池,33.67601237283156,0.108860,0.00,0.00
2025-12-03T11:42:06.294Z,33.67601237283156,33.712711934404844,33.7005,33.7005,V4 池,33.712711934404844,V3 池,33.67601237283156,0.108860,0.00,0.00
2025-12-03T11:42:06.340Z,33.67601237283156,33.712711934404844,33.7005,33.7005,V4 池,33.712711934404844,V3 池,33.67601237283156,0.108860,0.00,0.00
2025-12-03T11:42:11.204Z,33.67601237283156,33.712711934404844,33.6865,33.6865,V4 池,33.712711934404844,V3 池,33.67601237283156,0.108860,0.00,0.00
2025-12-03T11:42:11.256Z,33.67601237283156,33.712711934404844,33.6865,33.6865,V4 池,33.712711934404844,V3 池,33.67601237283156,0.108860,0.00,0.00
2025-12-03T11:42:11.304Z,33.67601237283156,33.712711934404844,33.6865,33.6865,V4 池,33.712711934404844,V3 池,33.67601237283156,0.108860,0.00,0.00
2025-12-03T11:42:11.308Z,33.67601237283156,33.712711934404844,33.6865,33.6865,V4 池,33.712711934404844,V3 池,33.67601237283156,0.108860,0.00,0.00
2025-12-03T11:42:11.321Z,33.67601237283156,33.712711934404844,33.6865,33.6865,V4 池,33.712711934404844,V3 池,33.67601237283156,0.108860,0.00,0.00
2025-12-03T11:42:11.347Z,33.67601237283156,33.712711934404844,33.6865,33.6865,V4 池,33.712711934404844,V3 池,33.67601237283156,0.108860,0.00,0.00
2025-12-03T11:42:11.385Z,33.67601237283156,33.712711934404844,33.6865,33.6865,V4 池,33.712711934404844,V3 池,33.67601237283156,0.108860,0.00,0.00
2025-12-03T11:42:16.350Z,33.67601237283156,33.712711934404844,33.6845,33.6845,V4 池,33.712711934404844,V3 池,33.67601237283156,0.108860,0.00,0.00
2025-12-03T11:42:16.399Z,33.67601237283156,33.712711934404844,33.6845,33.6845,V4 池,33.712711934404844,V3 池,33.67601237283156,0.108860,0.00,0.00
2025-12-03T11:42:16.403Z,33.67601237283156,33.712711934404844,33.6845,33.6845,V4 池,33.712711934404844,V3 池,33.67601237283156,0.108860,0.00,0.00
2025-12-03T11:42:16.451Z,33.67601237283156,33.712711934404844,33.6855,33.6855,V4 池,33.712711934404844,V3 池,33.67601237283156,0.108860,0.00,0.00
2025-12-03T11:42:16.499Z,33.67601237283156,33.712711934404844,33.6845,33.6845,V4 池,33.712711934404844,V3 池,33.67601237283156,0.108860,0.00,0.00
2025-12-03T11:42:16.521Z,33.67601237283156,33.712711934404844,33.6855,33.6855,V4 池,33.712711934404844,V3 池,33.67601237283156,0.108860,0.00,0.00
2025-12-03T11:42:16.557Z,33.67601237283156,33.712711934404844,33.6845,33.6845,V4 池,33.712711934404844,V3 池,33.67601237283156,0.108860,0.00,0.00
2025-12-03T11:42:21.290Z,33.67601237283156,33.712711934404844,33.6995,33.6995,V4 池,33.712711934404844,V3 池,33.67601237283156,0.108860,0.00,0.00
2025-12-03T11:42:21.303Z,33.67601237283156,33.712711934404844,33.6995,33.6995,V4 池,33.712711934404844,V3 池,33.67601237283156,0.108860,0.00,0.00
2025-12-03T11:42:21.474Z,33.67601237283156,33.712711934404844,33.6995,33.6995,V4 池,33.712711934404844,V3 池,33.67601237283156,0.108860,0.00,0.00
2025-12-03T11:42:21.492Z,33.67601237283156,33.712711934404844,33.6995,33.6995,V4 池,33.712711934404844,V3 池,33.67601237283156,0.108860,0.00,0.00
2025-12-03T11:42:21.505Z,33.67601237283156,33.712711934404844,33.6995,33.6995,V4 池,33.712711934404844,V3 池,33.67601237283156,0.108860,0.00,0.00
2025-12-03T11:42:21.529Z,33.67601237283156,33.712711934404844,33.6995,33.6995,V4 池,33.712711934404844,V3 池,33.67601237283156,0.108860,0.00,0.00
2025-12-03T11:42:21.628Z,33.67601237283156,33.712711934404844,33.6995,33.6995,V4 池,33.712711934404844,V3 池,33.67601237283156,0.108860,0.00,0.00
2025-12-03T11:42:26.323Z,33.67601237283156,33.712711934404844,33.6985,33.6985,V4 池,33.712711934404844,V3 池,33.67601237283156,0.108860,0.00,0.00
2025-12-03T11:42:26.371Z,33.67601237283156,33.712711934404844,33.6985,33.6985,V4 池,33.712711934404844,V3 池,33.67601237283156,0.108860,0.00,0.00
2025-12-03T11:42:26.373Z,33.67601237283156,33.712711934404844,33.6985,33.6985,V4 池,33.712711934404844,V3 池,33.67601237283156,0.108860,0.00,0.00
2025-12-03T11:42:26.375Z,33.67601237283156,33.712711934404844,33.6985,33.6985,V4 池,33.712711934404844,V3 池,33.67601237283156,0.108860,0.00,0.00
2025-12-03T11:42:26.446Z,33.67601237283156,33.712711934404844,33.6985,33.6985,V4 池,33.712711934404844,V3 池,33.67601237283156,0.108860,0.00,0.00
2025-12-03T11:42:26.468Z,33.67601237283156,33.712711934404844,33.6985,33.6985,V4 池,33.712711934404844,V3 池,33.67601237283156,0.108860,0.00,0.00
2025-12-03T11:42:26.542Z,33.67601237283156,33.712711934404844,33.6985,33.6985,V4 池,33.712711934404844,V3 池,33.67601237283156,0.108860,0.00,0.00
2025-12-03T11:42:31.229Z,33.67601237283156,33.712711934404844,33.6975,33.6975,V4 池,33.712711934404844,V3 池,33.67601237283156,0.108860,0.00,0.00
2025-12-03T11:42:31.330Z,33.67601237283156,33.712711934404844,33.6975,33.6975,V4 池,33.712711934404844,V3 池,33.67601237283156,0.108860,0.00,0.00
2025-12-03T11:42:31.348Z,33.67601237283156,33.712711934404844,33.6975,33.6975,V4 池,33.712711934404844,V3 池,33.67601237283156,0.108860,0.00,0.00
2025-12-03T11:42:31.349Z,33.67601237283156,33.712711934404844,33.6975,33.6975,V4 池,33.712711934404844,V3 池,33.67601237283156,0.108860,0.00,0.00
2025-12-03T11:42:31.350Z,33.67601237283156,33.712711934404844,33.6975,33.6975,V4 池,33.712711934404844,V3 池,33.67601237283156,0.108860,0.00,0.00
2025-12-03T11:42:31.361Z,33.67601237283156,33.712711934404844,33.6975,33.6975,V4 池,33.712711934404844,V3 池,33.67601237283156,0.108860,0.00,0.00
2025-12-03T11:42:31.370Z,33.67601237283156,33.712711934404844,33.6975,33.6975,V4 池,33.712711934404844,V3 池,33.67601237283156,0.108860,0.00,0.00
2025-12-03T11:42:36.238Z,33.67601237283156,33.712711934404844,33.6965,33.6965,V4 池,33.712711934404844,V3 池,33.67601237283156,0.108860,0.00,0.00
2025-12-03T11:42:36.288Z,33.67601237283156,33.712711934404844,33.6965,33.6965,V4 池,33.712711934404844,V3 池,33.67601237283156,0.108860,0.00,0.00
2025-12-03T11:42:36.444Z,33.67601237283156,33.712711934404844,33.6965,33.6965,V4 池,33.712711934404844,V3 池,33.67601237283156,0.108860,0.00,0.00
2025-12-03T11:42:36.466Z,33.67601237283156,33.712711934404844,33.6965,33.6965,V4 池,33.712711934404844,V3 池,33.67601237283156,0.108860,0.00,0.00
2025-12-03T11:42:36.504Z,33.67601237283156,33.712711934404844,33.6965,33.6965,V4 池,33.712711934404844,V3 池,33.67601237283156,0.108860,0.00,0.00
2025-12-03T11:42:36.595Z,33.67601237283156,33.712711934404844,33.6965,33.6965,V4 池,33.712711934404844,V3 池,33.67601237283156,0.108860,0.00,0.00
2025-12-03T11:42:36.629Z,33.67601237283156,33.712711934404844,33.6965,33.6965,V4 池,33.712711934404844,V3 池,33.67601237283156,0.108860,0.00,0.00
2025-12-03T11:42:41.206Z,33.67601237283156,33.712711934404844,33.6965,33.6965,V4 池,33.712711934404844,V3 池,33.67601237283156,0.108860,0.00,0.00
2025-12-03T11:42:41.445Z,33.67601237283156,33.712711934404844,33.6965,33.6965,V4 池,33.712711934404844,V3 池,33.67601237283156,0.108860,0.00,0.00
2025-12-03T11:42:41.521Z,33.67601237283156,33.712711934404844,33.6965,33.6965,V4 池,33.712711934404844,V3 池,33.67601237283156,0.108860,0.00,0.00
2025-12-03T11:42:41.586Z,33.67601237283156,33.712711934404844,33.6965,33.6965,V4 池,33.712711934404844,V3 池,33.67601237283156,0.108860,0.00,0.00
2025-12-03T11:42:41.587Z,33.67601237283156,33.712711934404844,33.6965,33.6965,V4 池,33.712711934404844,V3 池,33.67601237283156,0.108860,0.00,0.00
2025-12-03T11:42:41.746Z,33.67601237283156,33.712711934404844,33.6965,33.6965,V4 池,33.712711934404844,V3 池,33.67601237283156,0.108860,0.00,0.00
2025-12-03T11:42:41.994Z,33.67601237283156,33.712711934404844,33.6965,33.6965,V4 池,33.712711934404844,V3 池,33.67601237283156,0.108860,0.00,0.00
2025-12-03T11:42:46.233Z,33.67601237283156,33.712711934404844,33.704,33.704,V4 池,33.712711934404844,V3 池,33.67601237283156,0.108860,0.00,0.00
2025-12-03T11:42:46.397Z,33.67601237283156,33.712711934404844,33.704,33.704,V4 池,33.712711934404844,V3 池,33.67601237283156,0.108860,0.00,0.00
2025-12-03T11:42:46.426Z,33.67601237283156,33.712711934404844,33.704,33.704,V4 池,33.712711934404844,V3 池,33.67601237283156,0.108860,0.00,0.00
2025-12-03T11:42:46.442Z,33.67601237283156,33.712711934404844,33.704,33.704,V4 池,33.712711934404844,V3 池,33.67601237283156,0.108860,0.00,0.00
2025-12-03T11:42:46.452Z,33.67601237283156,33.712711934404844,33.704,33.704,V4 池,33.712711934404844,V3 池,33.67601237283156,0.108860,0.00,0.00
2025-12-03T11:42:46.467Z,33.67601237283156,33.712711934404844,33.704,33.704,V4 池,33.712711934404844,V3 池,33.67601237283156,0.108860,0.00,0.00
2025-12-03T11:42:46.899Z,33.67601237283156,33.712711934404844,33.704,33.704,V4 池,33.712711934404844,V3 池,33.67601237283156,0.108860,0.00,0.00
2025-12-03T11:42:51.301Z,33.67601237283156,33.712711934404844,33.6965,33.6965,V4 池,33.712711934404844,V3 池,33.67601237283156,0.108860,0.00,0.00
2025-12-03T11:42:51.344Z,33.67601237283156,33.712711934404844,33.6965,33.6965,V4 池,33.712711934404844,V3 池,33.67601237283156,0.108860,0.00,0.00
2025-12-03T11:42:51.433Z,33.67601237283156,33.712711934404844,33.6965,33.6965,V4 池,33.712711934404844,V3 池,33.67601237283156,0.108860,0.00,0.00
2025-12-03T11:42:51.470Z,33.67601237283156,33.712711934404844,33.6965,33.6965,V4 池,33.712711934404844,V3 池,33.67601237283156,0.108860,0.00,0.00
2025-12-03T11:42:51.482Z,33.67601237283156,33.712711934404844,33.6965,33.6965,V4 池,33.712711934404844,V3 池,33.67601237283156,0.108860,0.00,0.00
2025-12-03T11:42:51.566Z,33.67601237283156,33.712711934404844,33.6965,33.6965,V4 池,33.712711934404844,V3 池,33.67601237283156,0.108860,0.00,0.00
2025-12-03T11:42:51.590Z,33.67601237283156,33.712711934404844,33.6965,33.6965,V4 池,33.712711934404844,V3 池,33.67601237283156,0.108860,0.00,0.00
2025-12-03T11:42:56.232Z,33.67601237283156,33.712711934404844,33.6905,33.6905,V4 池,33.712711934404844,V3 池,33.67601237283156,0.108860,0.00,0.00
2025-12-03T11:42:56.279Z,33.67601237283156,33.712711934404844,33.6905,33.6905,V4 池,33.712711934404844,V3 池,33.67601237283156,0.108860,0.00,0.00
2025-12-03T11:42:56.317Z,33.67601237283156,33.712711934404844,33.6905,33.6905,V4 池,33.712711934404844,V3 池,33.67601237283156,0.108860,0.00,0.00
2025-12-03T11:42:56.345Z,33.67601237283156,33.712711934404844,33.6905,33.6905,V4 池,33.712711934404844,V3 池,33.67601237283156,0.108860,0.00,0.00
2025-12-03T11:42:56.404Z,33.67601237283156,33.712711934404844,33.6905,33.6905,V4 池,33.712711934404844,V3 池,33.67601237283156,0.108860,0.00,0.00
2025-12-03T11:42:56.422Z,33.67601237283156,33.712711934404844,33.6905,33.6905,V4 池,33.712711934404844,V3 池,33.67601237283156,0.108860,0.00,0.00
2025-12-03T11:42:56.446Z,33.67601237283156,33.712711934404844,33.6905,33.6905,V4 池,33.712711934404844,V3 池,33.67601237283156,0.108860,0.00,0.00
2025-12-03T11:43:01.243Z,33.67601237283156,33.712711934404844,33.6815,33.6815,V4 池,33.712711934404844,V3 池,33.67601237283156,0.108860,0.00,0.00
2025-12-03T11:43:01.268Z,33.67601237283156,33.712711934404844,33.6815,33.6815,V4 池,33.712711934404844,V3 池,33.67601237283156,0.108860,0.00,0.00
2025-12-03T11:43:01.340Z,33.67601237283156,33.712711934404844,33.6815,33.6815,V4 池,33.712711934404844,V3 池,33.67601237283156,0.108860,0.00,0.00
2025-12-03T11:43:01.342Z,33.67601237283156,33.712711934404844,33.6815,33.6815,V4 池,33.712711934404844,V3 池,33.67601237283156,0.108860,0.00,0.00
2025-12-03T11:43:01.369Z,33.67601237283156,33.712711934404844,33.6815,33.6815,V4 池,33.712711934404844,V3 池,33.67601237283156,0.108860,0.00,0.00
2025-12-03T11:43:01.386Z,33.67601237283156,33.712711934404844,33.6815,33.6815,V4 池,33.712711934404844,V3 池,33.67601237283156,0.108860,0.00,0.00
2025-12-03T11:43:01.576Z,33.67601237283156,33.712711934404844,33.6815,33.6815,V4 池,33.712711934404844,V3 池,33.67601237283156,0.108860,0.00,0.00
2025-12-03T11:43:06.298Z,33.67601237283156,33.712711934404844,33.6775,33.6775,V4 池,33.712711934404844,V3 池,33.67601237283156,0.108860,0.00,0.00
2025-12-03T11:43:06.367Z,33.67601237283156,33.712711934404844,33.6775,33.6775,V4 池,33.712711934404844,V3 池,33.67601237283156,0.108860,0.00,0.00
2025-12-03T11:43:06.400Z,33.67601237283156,33.712711934404844,33.6775,33.6775,V4 池,33.712711934404844,V3 池,33.67601237283156,0.108860,0.00,0.00
2025-12-03T11:43:06.406Z,33.67601237283156,33.712711934404844,33.6775,33.6775,V4 池,33.712711934404844,V3 池,33.67601237283156,0.108860,0.00,0.00
2025-12-03T11:43:06.427Z,33.67601237283156,33.712711934404844,33.6775,33.6775,V4 池,33.712711934404844,V3 池,33.67601237283156,0.108860,0.00,0.00
2025-12-03T11:43:06.476Z,33.67601237283156,33.712711934404844,33.6775,33.6775,V4 池,33.712711934404844,V3 池,33.67601237283156,0.108860,0.00,0.00
2025-12-03T11:43:06.482Z,33.67601237283156,33.712711934404844,33.6775,33.6775,V4 池,33.712711934404844,V3 池,33.67601237283156,0.108860,0.00,0.00
2025-12-03T11:43:11.235Z,33.67601237283156,33.712711934404844,33.682,33.682,V4 池,33.712711934404844,V3 池,33.67601237283156,0.108860,0.00,0.00
2025-12-03T11:43:11.258Z,33.67601237283156,33.712711934404844,33.676,33.676,V4 池,33.712711934404844,合约价格,33.676,0.108896,0.00,0.00
2025-12-03T11:43:11.270Z,33.67601237283156,33.712711934404844,33.682,33.682,V4 池,33.712711934404844,V3 池,33.67601237283156,0.108860,0.00,0.00
2025-12-03T11:43:11.272Z,33.67601237283156,33.712711934404844,33.682,33.682,V4 池,33.712711934404844,V3 池,33.67601237283156,0.108860,0.00,0.00
2025-12-03T11:43:11.358Z,33.67601237283156,33.712711934404844,33.682,33.682,V4 池,33.712711934404844,V3 池,33.67601237283156,0.108860,0.00,0.00
2025-12-03T11:43:11.454Z,33.67601237283156,33.712711934404844,33.682,33.682,V4 池,33.712711934404844,V3 池,33.67601237283156,0.108860,0.00,0.00
2025-12-03T11:43:11.456Z,33.67601237283156,33.712711934404844,33.682,33.682,V4 池,33.712711934404844,V3 池,33.67601237283156,0.108860,0.00,0.00
2025-12-03T11:43:16.206Z,33.67601237283156,33.712711934404844,33.6795,33.6795,V4 池,33.712711934404844,V3 池,33.67601237283156,0.108860,0.00,0.00
2025-12-03T11:43:16.221Z,33.67601237283156,33.712711934404844,33.6795,33.6795,V4 池,33.712711934404844,V3 池,33.67601237283156,0.108860,0.00,0.00
2025-12-03T11:43:16.264Z,33.67601237283156,33.712711934404844,33.6795,33.6795,V4 池,33.712711934404844,V3 池,33.67601237283156,0.108860,0.00,0.00
2025-12-03T11:43:16.289Z,33.67601237283156,33.712711934404844,33.6795,33.6795,V4 池,33.712711934404844,V3 池,33.67601237283156,0.108860,0.00,0.00
2025-12-03T11:43:16.323Z,33.67601237283156,33.712711934404844,33.6795,33.6795,V4 池,33.712711934404844,V3 池,33.67601237283156,0.108860,0.00,0.00
2025-12-03T11:43:16.325Z,33.67601237283156,33.712711934404844,33.6795,33.6795,V4 池,33.712711934404844,V3 池,33.67601237283156,0.108860,0.00,0.00
2025-12-03T11:43:16.409Z,33.67601237283156,33.712711934404844,33.6795,33.6795,V4 池,33.712711934404844,V3 池,33.67601237283156,0.108860,0.00,0.00
2025-12-03T11:43:21.223Z,33.67601237283156,33.712711934404844,33.6795,33.6795,V4 池,33.712711934404844,V3 池,33.67601237283156,0.108860,0.00,0.00
2025-12-03T11:43:21.283Z,33.67601237283156,33.712711934404844,33.6795,33.6795,V4 池,33.712711934404844,V3 池,33.67601237283156,0.108860,0.00,0.00
2025-12-03T11:43:21.311Z,33.67601237283156,33.712711934404844,33.6795,33.6795,V4 池,33.712711934404844,V3 池,33.67601237283156,0.108860,0.00,0.00
2025-12-03T11:43:21.317Z,33.67601237283156,33.712711934404844,33.6795,33.6795,V4 池,33.712711934404844,V3 池,33.67601237283156,0.108860,0.00,0.00
2025-12-03T11:43:21.334Z,33.67601237283156,33.712711934404844,33.6795,33.6795,V4 池,33.712711934404844,V3 池,33.67601237283156,0.108860,0.00,0.00
2025-12-03T11:43:21.418Z,33.67601237283156,33.712711934404844,33.6795,33.6795,V4 池,33.712711934404844,V3 池,33.67601237283156,0.108860,0.00,0.00
2025-12-03T11:43:21.820Z,33.67601237283156,33.712711934404844,33.6795,33.6795,V4 池,33.712711934404844,V3 池,33.67601237283156,0.108860,0.00,0.00
2025-12-03T11:43:26.242Z,33.67601237283156,33.712711934404844,33.6795,33.6795,V4 池,33.712711934404844,V3 池,33.67601237283156,0.108860,0.00,0.00
2025-12-03T11:43:26.248Z,33.67601237283156,33.712711934404844,33.6795,33.6795,V4 池,33.712711934404844,V3 池,33.67601237283156,0.108860,0.00,0.00
2025-12-03T11:43:26.275Z,33.67601237283156,33.712711934404844,33.6795,33.6795,V4 池,33.712711934404844,V3 池,33.67601237283156,0.108860,0.00,0.00
2025-12-03T11:43:26.293Z,33.67601237283156,33.712711934404844,33.6795,33.6795,V4 池,33.712711934404844,V3 池,33.67601237283156,0.108860,0.00,0.00
2025-12-03T11:43:26.298Z,33.67601237283156,33.712711934404844,33.6795,33.6795,V4 池,33.712711934404844,V3 池,33.67601237283156,0.108860,0.00,0.00
2025-12-03T11:43:26.350Z,33.67601237283156,33.712711934404844,33.6795,33.6795,V4 池,33.712711934404844,V3 池,33.67601237283156,0.108860,0.00,0.00
2025-12-03T11:43:26.351Z,33.67601237283156,33.712711934404844,33.6795,33.6795,V4 池,33.712711934404844,V3 池,33.67601237283156,0.108860,0.00,0.00
2025-12-03T11:43:31.234Z,33.67601237283156,33.712711934404844,33.6795,33.6795,V4 池,33.712711934404844,V3 池,33.67601237283156,0.108860,0.00,0.00
2025-12-03T11:43:31.235Z,33.67601237283156,33.712711934404844,33.6795,33.6795,V4 池,33.712711934404844,V3 池,33.67601237283156,0.108860,0.00,0.00
2025-12-03T11:43:31.238Z,33.67601237283156,33.712711934404844,33.6795,33.6795,V4 池,33.712711934404844,V3 池,33.67601237283156,0.108860,0.00,0.00
2025-12-03T11:43:31.262Z,33.67601237283156,33.712711934404844,33.6795,33.6795,V4 池,33.712711934404844,V3 池,33.67601237283156,0.108860,0.00,0.00
2025-12-03T11:43:31.291Z,33.67601237283156,33.712711934404844,33.6795,33.6795,V4 池,33.712711934404844,V3 池,33.67601237283156,0.108860,0.00,0.00
2025-12-03T11:43:31.446Z,33.67601237283156,33.712711934404844,33.6795,33.6795,V4 池,33.712711934404844,V3 池,33.67601237283156,0.108860,0.00,0.00
2025-12-03T11:43:31.455Z,33.67601237283156,33.712711934404844,33.6795,33.6795,V4 池,33.712711934404844,V3 池,33.67601237283156,0.108860,0.00,0.00
2025-12-03T11:43:36.200Z,33.67601237283156,33.712711934404844,33.6785,33.6785,V4 池,33.712711934404844,V3 池,33.67601237283156,0.108860,0.00,0.00
2025-12-03T11:43:36.223Z,33.67601237283156,33.712711934404844,33.6785,33.6785,V4 池,33.712711934404844,V3 池,33.67601237283156,0.108860,0.00,0.00
2025-12-03T11:43:36.236Z,33.67601237283156,33.712711934404844,33.6785,33.6785,V4 池,33.712711934404844,V3 池,33.67601237283156,0.108860,0.00,0.00
2025-12-03T11:43:36.264Z,33.67601237283156,33.712711934404844,33.6785,33.6785,V4 池,33.712711934404844,V3 池,33.67601237283156,0.108860,0.00,0.00
2025-12-03T11:43:36.298Z,33.67601237283156,33.712711934404844,33.6785,33.6785,V4 池,33.712711934404844,V3 池,33.67601237283156,0.108860,0.00,0.00
2025-12-03T11:43:36.305Z,33.67601237283156,33.712711934404844,33.6785,33.6785,V4 池,33.712711934404844,V3 池,33.67601237283156,0.108860,0.00,0.00
2025-12-03T11:43:36.328Z,33.67601237283156,33.712711934404844,33.6785,33.6785,V4 池,33.712711934404844,V3 池,33.67601237283156,0.108860,0.00,0.00
2025-12-03T11:43:41.194Z,33.67601237283156,33.712711934404844,33.6715,33.6715,V4 池,33.712711934404844,合约价格,33.6715,0.122244,0.00,0.00
2025-12-03T11:43:41.217Z,33.67601237283156,33.712711934404844,33.6715,33.6715,V4 池,33.712711934404844,合约价格,33.6715,0.122244,0.00,0.00
2025-12-03T11:43:41.218Z,33.67601237283156,33.712711934404844,33.6715,33.6715,V4 池,33.712711934404844,合约价格,33.6715,0.122244,0.00,0.00
2025-12-03T11:43:41.265Z,33.67601237283156,33.712711934404844,33.6715,33.6715,V4 池,33.712711934404844,合约价格,33.6715,0.122244,0.00,0.00
2025-12-03T11:43:41.278Z,33.67601237283156,33.712711934404844,33.6715,33.6715,V4 池,33.712711934404844,合约价格,33.6715,0.122244,0.00,0.00
2025-12-03T11:43:41.367Z,33.67601237283156,33.712711934404844,33.6715,33.6715,V4 池,33.712711934404844,合约价格,33.6715,0.122244,0.00,0.00
2025-12-03T11:43:41.423Z,33.67601237283156,33.712711934404844,33.6715,33.6715,V4 池,33.712711934404844,合约价格,33.6715,0.122244,0.00,0.00
2025-12-03T11:43:46.276Z,33.67601237283156,33.712711934404844,33.6645,33.6645,V4 池,33.712711934404844,合约价格,33.6645,0.143008,0.00,0.00
2025-12-03T11:43:46.303Z,33.67601237283156,33.712711934404844,33.6615,33.6615,V4 池,33.712711934404844,合约价格,33.6615,0.151907,0.00,0.00
2025-12-03T11:43:46.310Z,33.67601237283156,33.712711934404844,33.6645,33.6645,V4 池,33.712711934404844,合约价格,33.6645,0.143008,0.00,0.00
2025-12-03T11:43:46.329Z,33.67601237283156,33.712711934404844,33.6645,33.6645,V4 池,33.712711934404844,合约价格,33.6645,0.143008,0.00,0.00
2025-12-03T11:43:46.338Z,33.67601237283156,33.712711934404844,33.6645,33.6645,V4 池,33.712711934404844,合约价格,33.6645,0.143008,0.00,0.00
2025-12-03T11:43:46.581Z,33.67601237283156,33.712711934404844,33.6615,33.6615,V4 池,33.712711934404844,合约价格,33.6615,0.151907,0.00,0.00
2025-12-03T11:43:46.591Z,33.67601237283156,33.712711934404844,33.6645,33.6645,V4 池,33.712711934404844,合约价格,33.6645,0.143008,0.00,0.00
2025-12-03T11:43:51.246Z,33.67601237283156,33.712711934404844,33.6615,33.6615,V4 池,33.712711934404844,合约价格,33.6615,0.151907,0.00,0.00
2025-12-03T11:43:51.247Z,33.67601237283156,33.712711934404844,33.6615,33.6615,V4 池,33.712711934404844,合约价格,33.6615,0.151907,0.00,0.00
2025-12-03T11:43:51.265Z,33.67601237283156,33.712711934404844,33.6615,33.6615,V4 池,33.712711934404844,合约价格,33.6615,0.151907,0.00,0.00
2025-12-03T11:43:51.288Z,33.67601237283156,33.712711934404844,33.6615,33.6615,V4 池,33.712711934404844,合约价格,33.6615,0.151907,0.00,0.00
2025-12-03T11:43:51.303Z,33.67601237283156,33.712711934404844,33.6615,33.6615,V4 池,33.712711934404844,合约价格,33.6615,0.151907,0.00,0.00
2025-12-03T11:43:51.327Z,33.67601237283156,33.712711934404844,33.6615,33.6615,V4 池,33.712711934404844,合约价格,33.6615,0.151907,0.00,0.00
2025-12-03T11:43:51.330Z,33.67601237283156,33.712711934404844,33.6615,33.6615,V4 池,33.712711934404844,合约价格,33.6615,0.151907,0.00,0.00
2025-12-03T11:43:56.195Z,33.67601237283156,33.712711934404844,33.6615,33.6615,V4 池,33.712711934404844,合约价格,33.6615,0.151907,0.00,0.00
2025-12-03T11:43:56.222Z,33.67601237283156,33.712711934404844,33.6615,33.6615,V4 池,33.712711934404844,合约价格,33.6615,0.151907,0.00,0.00
2025-12-03T11:43:56.255Z,33.67601237283156,33.712711934404844,33.6615,33.6615,V4 池,33.712711934404844,合约价格,33.6615,0.151907,0.00,0.00
2025-12-03T11:43:56.302Z,33.67601237283156,33.712711934404844,33.6615,33.6615,V4 池,33.712711934404844,合约价格,33.6615,0.151907,0.00,0.00
2025-12-03T11:43:56.338Z,33.67601237283156,33.712711934404844,33.6615,33.6615,V4 池,33.712711934404844,合约价格,33.6615,0.151907,0.00,0.00
2025-12-03T11:43:56.354Z,33.67601237283156,33.712711934404844,33.6615,33.6615,V4 池,33.712711934404844,合约价格,33.6615,0.151907,0.00,0.00
2025-12-03T11:43:56.465Z,33.67601237283156,33.712711934404844,33.6615,33.6615,V4 池,33.712711934404844,合约价格,33.6615,0.151907,0.00,0.00
2025-12-03T11:44:01.252Z,33.67601237283156,33.712711934404844,33.6615,33.6615,V4 池,33.712711934404844,合约价格,33.6615,0.151907,0.00,0.00
2025-12-03T11:44:01.317Z,33.67601237283156,33.712711934404844,33.6615,33.6615,V4 池,33.712711934404844,合约价格,33.6615,0.151907,0.00,0.00
2025-12-03T11:44:01.318Z,33.67601237283156,33.712711934404844,33.6615,33.6615,V4 池,33.712711934404844,合约价格,33.6615,0.151907,0.00,0.00
2025-12-03T11:44:01.349Z,33.67601237283156,33.712711934404844,33.6615,33.6615,V4 池,33.712711934404844,合约价格,33.6615,0.151907,0.00,0.00
2025-12-03T11:44:01.353Z,33.67601237283156,33.712711934404844,33.6615,33.6615,V4 池,33.712711934404844,合约价格,33.6615,0.151907,0.00,0.00
2025-12-03T11:44:01.398Z,33.67601237283156,33.712711934404844,33.6615,33.6615,V4 池,33.712711934404844,合约价格,33.6615,0.151907,0.00,0.00
2025-12-03T11:44:01.623Z,33.67601237283156,33.712711934404844,33.6615,33.6615,V4 池,33.712711934404844,合约价格,33.6615,0.151907,0.00,0.00
2025-12-03T11:44:06.283Z,33.67601237283156,33.712711934404844,33.6615,33.6615,V4 池,33.712711934404844,合约价格,33.6615,0.151907,0.00,0.00
2025-12-03T11:44:06.368Z,33.67601237283156,33.712711934404844,33.6615,33.6615,V4 池,33.712711934404844,合约价格,33.6615,0.151907,0.00,0.00
2025-12-03T11:44:06.384Z,33.67601237283156,33.712711934404844,33.6615,33.6615,V4 池,33.712711934404844,合约价格,33.6615,0.151907,0.00,0.00
2025-12-03T11:44:06.421Z,33.67601237283156,33.712711934404844,33.6615,33.6615,V4 池,33.712711934404844,合约价格,33.6615,0.151907,0.00,0.00
2025-12-03T11:44:06.496Z,33.67601237283156,33.712711934404844,33.6615,33.6615,V4 池,33.712711934404844,合约价格,33.6615,0.151907,0.00,0.00
2025-12-03T11:44:06.528Z,33.67601237283156,33.712711934404844,33.6615,33.6615,V4 池,33.712711934404844,合约价格,33.6615,0.151907,0.00,0.00
2025-12-03T11:44:06.565Z,33.67601237283156,33.712711934404844,33.6615,33.6615,V4 池,33.712711934404844,合约价格,33.6615,0.151907,0.00,0.00
2025-12-03T11:44:11.246Z,33.67601237283156,33.712711934404844,33.6615,33.6615,V4 池,33.712711934404844,合约价格,33.6615,0.151907,0.00,0.00
2025-12-03T11:44:11.294Z,33.67601237283156,33.712711934404844,33.6615,33.6615,V4 池,33.712711934404844,合约价格,33.6615,0.151907,0.00,0.00
2025-12-03T11:44:11.298Z,33.67601237283156,33.712711934404844,33.6615,33.6615,V4 池,33.712711934404844,合约价格,33.6615,0.151907,0.00,0.00
2025-12-03T11:44:11.357Z,33.67601237283156,33.712711934404844,33.6615,33.6615,V4 池,33.712711934404844,合约价格,33.6615,0.151907,0.00,0.00
2025-12-03T11:44:11.369Z,33.67601237283156,33.712711934404844,33.6615,33.6615,V4 池,33.712711934404844,合约价格,33.6615,0.151907,0.00,0.00
2025-12-03T11:44:11.383Z,33.67601237283156,33.712711934404844,33.6615,33.6615,V4 池,33.712711934404844,合约价格,33.6615,0.151907,0.00,0.00
2025-12-03T11:44:11.401Z,33.67601237283156,33.712711934404844,33.6615,33.6615,V4 池,33.712711934404844,合约价格,33.6615,0.151907,0.00,0.00
2025-12-03T11:44:16.226Z,33.67601237283156,33.712711934404844,33.6445,33.6445,V4 池,33.712711934404844,合约价格,33.6445,0.202333,0.00,0.00
2025-12-03T11:44:16.294Z,33.67601237283156,33.712711934404844,33.6445,33.6445,V4 池,33.712711934404844,合约价格,33.6445,0.202333,0.00,0.00
2025-12-03T11:44:16.350Z,33.67601237283156,33.712711934404844,33.6445,33.6445,V4 池,33.712711934404844,合约价格,33.6445,0.202333,0.00,0.00
2025-12-03T11:44:16.360Z,33.67601237283156,33.712711934404844,33.6445,33.6445,V4 池,33.712711934404844,合约价格,33.6445,0.202333,0.00,0.00
2025-12-03T11:44:16.427Z,33.67601237283156,33.712711934404844,33.6445,33.6445,V4 池,33.712711934404844,合约价格,33.6445,0.202333,0.00,0.00
2025-12-03T11:44:16.431Z,33.67601237283156,33.712711934404844,33.6445,33.6445,V4 池,33.712711934404844,合约价格,33.6445,0.202333,0.00,0.00
2025-12-03T11:44:16.454Z,33.67601237283156,33.712711934404844,33.6445,33.6445,V4 池,33.712711934404844,合约价格,33.6445,0.202333,0.00,0.00
2025-12-03T11:44:21.257Z,33.67601237283156,33.712711934404844,33.6445,33.6445,V4 池,33.712711934404844,合约价格,33.6445,0.202333,0.00,0.00
2025-12-03T11:44:21.262Z,33.67601237283156,33.712711934404844,33.6445,33.6445,V4 池,33.712711934404844,合约价格,33.6445,0.202333,0.00,0.00
2025-12-03T11:44:21.331Z,33.67601237283156,33.712711934404844,33.6445,33.6445,V4 池,33.712711934404844,合约价格,33.6445,0.202333,0.00,0.00
2025-12-03T11:44:21.356Z,33.67601237283156,33.712711934404844,33.6445,33.6445,V4 池,33.712711934404844,合约价格,33.6445,0.202333,0.00,0.00
2025-12-03T11:44:21.419Z,33.67601237283156,33.712711934404844,33.6445,33.6445,V4 池,33.712711934404844,合约价格,33.6445,0.202333,0.00,0.00
2025-12-03T11:44:21.551Z,33.67601237283156,33.712711934404844,33.6445,33.6445,V4 池,33.712711934404844,合约价格,33.6445,0.202333,0.00,0.00
2025-12-03T11:44:21.572Z,33.67601237283156,33.712711934404844,33.6445,33.6445,V4 池,33.712711934404844,合约价格,33.6445,0.202333,0.00,0.00
2025-12-03T11:44:26.216Z,33.67601237283156,33.712711934404844,33.6455,33.6455,V4 池,33.712711934404844,合约价格,33.6455,0.199367,0.00,0.00
2025-12-03T11:44:26.308Z,33.67601237283156,33.712711934404844,33.6455,33.6455,V4 池,33.712711934404844,合约价格,33.6455,0.199367,0.00,0.00
2025-12-03T11:44:26.311Z,33.67601237283156,33.712711934404844,33.6455,33.6455,V4 池,33.712711934404844,合约价格,33.6455,0.199367,0.00,0.00
2025-12-03T11:44:26.351Z,33.67601237283156,33.712711934404844,33.6455,33.6455,V4 池,33.712711934404844,合约价格,33.6455,0.199367,0.00,0.00
2025-12-03T11:44:26.416Z,33.67601237283156,33.712711934404844,33.6455,33.6455,V4 池,33.712711934404844,合约价格,33.6455,0.199367,0.00,0.00
2025-12-03T11:44:26.433Z,33.67601237283156,33.712711934404844,33.6455,33.6455,V4 池,33.712711934404844,合约价格,33.6455,0.199367,0.00,0.00
2025-12-03T11:44:26.463Z,33.67601237283156,33.712711934404844,33.6455,33.6455,V4 池,33.712711934404844,合约价格,33.6455,0.199367,0.00,0.00
2025-12-03T11:44:31.198Z,33.67601237283156,33.712711934404844,33.6615,33.6615,V4 池,33.712711934404844,合约价格,33.6615,0.151907,0.00,0.00
2025-12-03T11:44:31.255Z,33.67601237283156,33.712711934404844,33.6615,33.6615,V4 池,33.712711934404844,合约价格,33.6615,0.151907,0.00,0.00
2025-12-03T11:44:31.272Z,33.67601237283156,33.712711934404844,33.6615,33.6615,V4 池,33.712711934404844,合约价格,33.6615,0.151907,0.00,0.00
2025-12-03T11:44:31.286Z,33.67601237283156,33.712711934404844,33.6615,33.6615,V4 池,33.712711934404844,合约价格,33.6615,0.151907,0.00,0.00
2025-12-03T11:44:31.294Z,33.67601237283156,33.712711934404844,33.6615,33.6615,V4 池,33.712711934404844,合约价格,33.6615,0.151907,0.00,0.00
2025-12-03T11:44:31.298Z,33.67601237283156,33.712711934404844,33.6615,33.6615,V4 池,33.712711934404844,合约价格,33.6615,0.151907,0.00,0.00
2025-12-03T11:44:31.302Z,33.67601237283156,33.712711934404844,33.6615,33.6615,V4 池,33.712711934404844,合约价格,33.6615,0.151907,0.00,0.00
2025-12-03T11:44:36.260Z,33.67601237283156,33.712711934404844,33.6615,33.6615,V4 池,33.712711934404844,合约价格,33.6615,0.151907,0.00,0.00
2025-12-03T11:44:36.271Z,33.67601237283156,33.712711934404844,33.6615,33.6615,V4 池,33.712711934404844,合约价格,33.6615,0.151907,0.00,0.00
2025-12-03T11:44:36.284Z,33.67601237283156,33.712711934404844,33.6615,33.6615,V4 池,33.712711934404844,合约价格,33.6615,0.151907,0.00,0.00
2025-12-03T11:44:36.307Z,33.67601237283156,33.712711934404844,33.6615,33.6615,V4 池,33.712711934404844,合约价格,33.6615,0.151907,0.00,0.00
2025-12-03T11:44:36.315Z,33.67601237283156,33.712711934404844,33.6615,33.6615,V4 池,33.712711934404844,合约价格,33.6615,0.151907,0.00,0.00
2025-12-03T11:44:36.318Z,33.67601237283156,33.712711934404844,33.6615,33.6615,V4 池,33.712711934404844,合约价格,33.6615,0.151907,0.00,0.00
2025-12-03T11:44:36.348Z,33.67601237283156,33.712711934404844,33.6615,33.6615,V4 池,33.712711934404844,合约价格,33.6615,0.151907,0.00,0.00
2025-12-03T11:44:41.207Z,33.67601237283156,33.712711934404844,33.6625,33.6625,V4 池,33.712711934404844,合约价格,33.6625,0.148941,0.00,0.00
2025-12-03T11:44:41.242Z,33.67601237283156,33.712711934404844,33.6625,33.6625,V4 池,33.712711934404844,合约价格,33.6625,0.148941,0.00,0.00
2025-12-03T11:44:41.243Z,33.67601237283156,33.712711934404844,33.6625,33.6625,V4 池,33.712711934404844,合约价格,33.6625,0.148941,0.00,0.00
2025-12-03T11:44:41.259Z,33.67601237283156,33.712711934404844,33.6625,33.6625,V4 池,33.712711934404844,合约价格,33.6625,0.148941,0.00,0.00
2025-12-03T11:44:41.303Z,33.67601237283156,33.712711934404844,33.6625,33.6625,V4 池,33.712711934404844,合约价格,33.6625,0.148941,0.00,0.00
2025-12-03T11:44:41.304Z,33.67601237283156,33.712711934404844,33.6625,33.6625,V4 池,33.712711934404844,合约价格,33.6625,0.148941,0.00,0.00
2025-12-03T11:44:41.336Z,33.67601237283156,33.712711934404844,33.6625,33.6625,V4 池,33.712711934404844,合约价格,33.6625,0.148941,0.00,0.00
2025-12-03T11:44:46.293Z,33.67601237283156,33.712711934404844,33.6625,33.6625,V4 池,33.712711934404844,合约价格,33.6625,0.148941,0.00,0.00
2025-12-03T11:44:46.317Z,33.67601237283156,33.712711934404844,33.6625,33.6625,V4 池,33.712711934404844,合约价格,33.6625,0.148941,0.00,0.00
2025-12-03T11:44:46.373Z,33.67601237283156,33.712711934404844,33.6625,33.6625,V4 池,33.712711934404844,合约价格,33.6625,0.148941,0.00,0.00
2025-12-03T11:44:46.383Z,33.67601237283156,33.712711934404844,33.6625,33.6625,V4 池,33.712711934404844,合约价格,33.6625,0.148941,0.00,0.00
2025-12-03T11:44:46.453Z,33.67601237283156,33.712711934404844,33.6625,33.6625,V4 池,33.712711934404844,合约价格,33.6625,0.148941,0.00,0.00
2025-12-03T11:44:46.471Z,33.67601237283156,33.712711934404844,33.6625,33.6625,V4 池,33.712711934404844,合约价格,33.6625,0.148941,0.00,0.00
2025-12-03T11:44:46.480Z,33.67601237283156,33.712711934404844,33.6625,33.6625,V4 池,33.712711934404844,合约价格,33.6625,0.148941,0.00,0.00
2025-12-03T11:44:51.248Z,33.67601237283156,33.712711934404844,33.6625,33.6625,V4 池,33.712711934404844,合约价格,33.6625,0.148941,0.00,0.00
2025-12-03T11:44:51.303Z,33.67601237283156,33.712711934404844,33.6625,33.6625,V4 池,33.712711934404844,合约价格,33.6625,0.148941,0.00,0.00
2025-12-03T11:44:51.340Z,33.67601237283156,33.712711934404844,33.6625,33.6625,V4 池,33.712711934404844,合约价格,33.6625,0.148941,0.00,0.00
2025-12-03T11:44:51.343Z,33.67601237283156,33.712711934404844,33.6625,33.6625,V4 池,33.712711934404844,合约价格,33.6625,0.148941,0.00,0.00
2025-12-03T11:44:51.353Z,33.67601237283156,33.712711934404844,33.6625,33.6625,V4 池,33.712711934404844,合约价格,33.6625,0.148941,0.00,0.00
2025-12-03T11:44:51.355Z,33.67601237283156,33.712711934404844,33.6625,33.6625,V4 池,33.712711934404844,合约价格,33.6625,0.148941,0.00,0.00
2025-12-03T11:44:51.355Z,33.67601237283156,33.712711934404844,33.6625,33.6625,V4 池,33.712711934404844,合约价格,33.6625,0.148941,0.00,0.00
2025-12-03T11:44:56.252Z,33.67601237283156,33.712711934404844,33.6635,33.6635,V4 池,33.712711934404844,合约价格,33.6635,0.145974,0.00,0.00
2025-12-03T11:44:56.287Z,33.67601237283156,33.712711934404844,33.6635,33.6635,V4 池,33.712711934404844,合约价格,33.6635,0.145974,0.00,0.00
2025-12-03T11:44:56.297Z,33.67601237283156,33.712711934404844,33.6635,33.6635,V4 池,33.712711934404844,合约价格,33.6635,0.145974,0.00,0.00
2025-12-03T11:44:56.306Z,33.67601237283156,33.712711934404844,33.6635,33.6635,V4 池,33.712711934404844,合约价格,33.6635,0.145974,0.00,0.00
2025-12-03T11:44:56.386Z,33.67601237283156,33.712711934404844,33.6635,33.6635,V4 池,33.712711934404844,合约价格,33.6635,0.145974,0.00,0.00
2025-12-03T11:44:56.453Z,33.67601237283156,33.712711934404844,33.6635,33.6635,V4 池,33.712711934404844,合约价格,33.6635,0.145974,0.00,0.00
2025-12-03T11:44:56.481Z,33.67601237283156,33.712711934404844,33.6635,33.6635,V4 池,33.712711934404844,合约价格,33.6635,0.145974,0.00,0.00
2025-12-03T11:45:01.301Z,33.67601237283156,33.712711934404844,33.6635,33.6635,V4 池,33.712711934404844,合约价格,33.6635,0.145974,0.00,0.00
2025-12-03T11:45:01.380Z,33.67601237283156,33.712711934404844,33.6635,33.6635,V4 池,33.712711934404844,合约价格,33.6635,0.145974,0.00,0.00
2025-12-03T11:45:01.446Z,33.67601237283156,33.712711934404844,33.6635,33.6635,V4 池,33.712711934404844,合约价格,33.6635,0.145974,0.00,0.00
2025-12-03T11:45:01.455Z,33.67601237283156,33.712711934404844,33.6635,33.6635,V4 池,33.712711934404844,合约价格,33.6635,0.145974,0.00,0.00
2025-12-03T11:45:01.522Z,33.67601237283156,33.712711934404844,33.6635,33.6635,V4 池,33.712711934404844,合约价格,33.6635,0.145974,0.00,0.00
2025-12-03T11:45:01.530Z,33.67601237283156,33.712711934404844,33.6635,33.6635,V4 池,33.712711934404844,合约价格,33.6635,0.145974,0.00,0.00
2025-12-03T11:45:01.714Z,33.67601237283156,33.712711934404844,33.6635,33.6635,V4 池,33.712711934404844,合约价格,33.6635,0.145974,0.00,0.00
2025-12-03T11:45:06.268Z,33.67601237283156,33.712711934404844,33.6555,33.6555,V4 池,33.712711934404844,合约价格,33.6555,0.169704,0.00,0.00
2025-12-03T11:45:06.351Z,33.67601237283156,33.712711934404844,33.6555,33.6555,V4 池,33.712711934404844,合约价格,33.6555,0.169704,0.00,0.00
2025-12-03T11:45:06.354Z,33.67601237283156,33.712711934404844,33.6555,33.6555,V4 池,33.712711934404844,合约价格,33.6555,0.169704,0.00,0.00
2025-12-03T11:45:06.365Z,33.67601237283156,33.712711934404844,33.6555,33.6555,V4 池,33.712711934404844,合约价格,33.6555,0.169704,0.00,0.00
2025-12-03T11:45:06.370Z,33.67601237283156,33.712711934404844,33.6555,33.6555,V4 池,33.712711934404844,合约价格,33.6555,0.169704,0.00,0.00
2025-12-03T11:45:06.424Z,33.67601237283156,33.712711934404844,33.6555,33.6555,V4 池,33.712711934404844,合约价格,33.6555,0.169704,0.00,0.00
2025-12-03T11:45:06.577Z,33.67601237283156,33.712711934404844,33.6555,33.6555,V4 池,33.712711934404844,合约价格,33.6555,0.169704,0.00,0.00
2025-12-03T11:45:11.246Z,33.67601237283156,33.712711934404844,33.6565,33.6565,V4 池,33.712711934404844,合约价格,33.6565,0.166738,0.00,0.00
2025-12-03T11:45:11.299Z,33.67601237283156,33.712711934404844,33.6565,33.6565,V4 池,33.712711934404844,合约价格,33.6565,0.166738,0.00,0.00
2025-12-03T11:45:11.383Z,33.67601237283156,33.712711934404844,33.6565,33.6565,V4 池,33.712711934404844,合约价格,33.6565,0.166738,0.00,0.00
2025-12-03T11:45:11.395Z,33.67601237283156,33.712711934404844,33.6565,33.6565,V4 池,33.712711934404844,合约价格,33.6565,0.166738,0.00,0.00
2025-12-03T11:45:11.432Z,33.67601237283156,33.712711934404844,33.6565,33.6565,V4 池,33.712711934404844,合约价格,33.6565,0.166738,0.00,0.00
2025-12-03T11:45:11.447Z,33.67601237283156,33.712711934404844,33.6565,33.6565,V4 池,33.712711934404844,合约价格,33.6565,0.166738,0.00,0.00
2025-12-03T11:45:11.521Z,33.67601237283156,33.712711934404844,33.6565,33.6565,V4 池,33.712711934404844,合约价格,33.6565,0.166738,0.00,0.00
2025-12-03T11:45:16.348Z,33.67601237283156,33.712711934404844,33.6565,33.6565,V4 池,33.712711934404844,合约价格,33.6565,0.166738,0.00,0.00
2025-12-03T11:45:16.365Z,33.67601237283156,33.712711934404844,33.6565,33.6565,V4 池,33.712711934404844,合约价格,33.6565,0.166738,0.00,0.00
2025-12-03T11:45:16.386Z,33.67601237283156,33.712711934404844,33.6565,33.6565,V4 池,33.712711934404844,合约价格,33.6565,0.166738,0.00,0.00
2025-12-03T11:45:16.418Z,33.67601237283156,33.712711934404844,33.6565,33.6565,V4 池,33.712711934404844,合约价格,33.6565,0.166738,0.00,0.00
2025-12-03T11:45:16.421Z,33.67601237283156,33.712711934404844,33.6565,33.6565,V4 池,33.712711934404844,合约价格,33.6565,0.166738,0.00,0.00
2025-12-03T11:45:16.584Z,33.67601237283156,33.712711934404844,33.6565,33.6565,V4 池,33.712711934404844,合约价格,33.6565,0.166738,0.00,0.00
2025-12-03T11:45:16.684Z,33.67601237283156,33.712711934404844,33.6565,33.6565,V4 池,33.712711934404844,合约价格,33.6565,0.166738,0.00,0.00
2025-12-03T11:45:21.348Z,33.67601237283156,33.712711934404844,33.6555,33.6555,V4 池,33.712711934404844,合约价格,33.6555,0.169704,0.00,0.00
2025-12-03T11:45:21.379Z,33.67601237283156,33.712711934404844,33.6555,33.6555,V4 池,33.712711934404844,合约价格,33.6555,0.169704,0.00,0.00
2025-12-03T11:45:21.396Z,33.67601237283156,33.712711934404844,33.6555,33.6555,V4 池,33.712711934404844,合约价格,33.6555,0.169704,0.00,0.00
2025-12-03T11:45:21.399Z,33.67601237283156,33.712711934404844,33.6555,33.6555,V4 池,33.712711934404844,合约价格,33.6555,0.169704,0.00,0.00
2025-12-03T11:45:21.412Z,33.67601237283156,33.712711934404844,33.6555,33.6555,V4 池,33.712711934404844,合约价格,33.6555,0.169704,0.00,0.00
2025-12-03T11:45:21.502Z,33.67601237283156,33.712711934404844,33.6555,33.6555,V4 池,33.712711934404844,合约价格,33.6555,0.169704,0.00,0.00
2025-12-03T11:45:21.516Z,33.67601237283156,33.712711934404844,33.6555,33.6555,V4 池,33.712711934404844,合约价格,33.6555,0.169704,0.00,0.00
2025-12-03T11:45:26.380Z,33.67601237283156,33.712711934404844,33.6555,33.6555,V4 池,33.712711934404844,合约价格,33.6555,0.169704,0.00,0.00
2025-12-03T11:45:26.385Z,33.67601237283156,33.712711934404844,33.6535,33.6535,V4 池,33.712711934404844,合约价格,33.6535,0.175637,0.00,0.00
2025-12-03T11:45:26.419Z,33.67601237283156,33.712711934404844,33.6555,33.6555,V4 池,33.712711934404844,合约价格,33.6555,0.169704,0.00,0.00
2025-12-03T11:45:26.469Z,33.67601237283156,33.712711934404844,33.6535,33.6535,V4 池,33.712711934404844,合约价格,33.6535,0.175637,0.00,0.00
2025-12-03T11:45:26.492Z,33.67601237283156,33.712711934404844,33.6535,33.6535,V4 池,33.712711934404844,合约价格,33.6535,0.175637,0.00,0.00
2025-12-03T11:45:26.568Z,33.67601237283156,33.712711934404844,33.6555,33.6555,V4 池,33.712711934404844,合约价格,33.6555,0.169704,0.00,0.00
2025-12-03T11:45:26.632Z,33.67601237283156,33.712711934404844,33.6555,33.6555,V4 池,33.712711934404844,合约价格,33.6555,0.169704,0.00,0.00
2025-12-03T11:45:31.276Z,33.67601237283156,33.712711934404844,33.6515,33.6515,V4 池,33.712711934404844,合约价格,33.6515,0.181569,0.00,0.00
2025-12-03T11:45:31.353Z,33.67601237283156,33.712711934404844,33.6515,33.6515,V4 池,33.712711934404844,合约价格,33.6515,0.181569,0.00,0.00
2025-12-03T11:45:31.358Z,33.67601237283156,33.712711934404844,33.6515,33.6515,V4 池,33.712711934404844,合约价格,33.6515,0.181569,0.00,0.00
2025-12-03T11:45:31.441Z,33.67601237283156,33.712711934404844,33.6515,33.6515,V4 池,33.712711934404844,合约价格,33.6515,0.181569,0.00,0.00
2025-12-03T11:45:31.448Z,33.67601237283156,33.712711934404844,33.6515,33.6515,V4 池,33.712711934404844,合约价格,33.6515,0.181569,0.00,0.00
2025-12-03T11:45:31.451Z,33.67601237283156,33.712711934404844,33.6515,33.6515,V4 池,33.712711934404844,合约价格,33.6515,0.181569,0.00,0.00
2025-12-03T11:45:31.457Z,33.67601237283156,33.712711934404844,33.6515,33.6515,V4 池,33.712711934404844,合约价格,33.6515,0.181569,0.00,0.00
2025-12-03T11:45:36.314Z,33.67601237283156,33.712711934404844,33.6405,33.6405,V4 池,33.712711934404844,合约价格,33.6405,0.214198,0.00,0.00
2025-12-03T11:45:36.364Z,33.67601237283156,33.712711934404844,33.6405,33.6405,V4 池,33.712711934404844,合约价格,33.6405,0.214198,0.00,0.00
2025-12-03T11:45:36.482Z,33.67601237283156,33.712711934404844,33.6405,33.6405,V4 池,33.712711934404844,合约价格,33.6405,0.214198,0.00,0.00
2025-12-03T11:45:36.488Z,33.67601237283156,33.712711934404844,33.6405,33.6405,V4 池,33.712711934404844,合约价格,33.6405,0.214198,0.00,0.00
2025-12-03T11:45:36.494Z,33.67601237283156,33.712711934404844,33.6405,33.6405,V4 池,33.712711934404844,合约价格,33.6405,0.214198,0.00,0.00
2025-12-03T11:45:36.538Z,33.67601237283156,33.712711934404844,33.6405,33.6405,V4 池,33.712711934404844,合约价格,33.6405,0.214198,0.00,0.00
2025-12-03T11:45:36.560Z,33.67601237283156,33.712711934404844,33.6405,33.6405,V4 池,33.712711934404844,合约价格,33.6405,0.214198,0.00,0.00
2025-12-03T11:45:41.276Z,33.67601237283156,33.712711934404844,33.644,33.644,V4 池,33.712711934404844,合约价格,33.644,0.203816,0.00,0.00
2025-12-03T11:45:41.277Z,33.67601237283156,33.712711934404844,33.644,33.644,V4 池,33.712711934404844,合约价格,33.644,0.203816,0.00,0.00
2025-12-03T11:45:41.441Z,33.67601237283156,33.712711934404844,33.644,33.644,V4 池,33.712711934404844,合约价格,33.644,0.203816,0.00,0.00
2025-12-03T11:45:41.444Z,33.67601237283156,33.712711934404844,33.644,33.644,V4 池,33.712711934404844,合约价格,33.644,0.203816,0.00,0.00
2025-12-03T11:45:41.475Z,33.67601237283156,33.712711934404844,33.644,33.644,V4 池,33.712711934404844,合约价格,33.644,0.203816,0.00,0.00
2025-12-03T11:45:41.557Z,33.67601237283156,33.712711934404844,33.644,33.644,V4 池,33.712711934404844,合约价格,33.644,0.203816,0.00,0.00
2025-12-03T11:45:41.585Z,33.67601237283156,33.712711934404844,33.644,33.644,V4 池,33.712711934404844,合约价格,33.644,0.203816,0.00,0.00
2025-12-03T11:45:46.311Z,33.67601237283156,33.712711934404844,33.6515,33.6515,V4 池,33.712711934404844,合约价格,33.6515,0.181569,0.00,0.00
2025-12-03T11:45:46.334Z,33.67601237283156,33.712711934404844,33.6515,33.6515,V4 池,33.712711934404844,合约价格,33.6515,0.181569,0.00,0.00
2025-12-03T11:45:46.338Z,33.67601237283156,33.712711934404844,33.6515,33.6515,V4 池,33.712711934404844,合约价格,33.6515,0.181569,0.00,0.00
2025-12-03T11:45:46.358Z,33.67601237283156,33.712711934404844,33.6515,33.6515,V4 池,33.712711934404844,合约价格,33.6515,0.181569,0.00,0.00
2025-12-03T11:45:46.398Z,33.67601237283156,33.712711934404844,33.6515,33.6515,V4 池,33.712711934404844,合约价格,33.6515,0.181569,0.00,0.00
2025-12-03T11:45:46.408Z,33.67601237283156,33.712711934404844,33.6515,33.6515,V4 池,33.712711934404844,合约价格,33.6515,0.181569,0.00,0.00
2025-12-03T11:45:46.419Z,33.67601237283156,33.712711934404844,33.6515,33.6515,V4 池,33.712711934404844,合约价格,33.6515,0.181569,0.00,0.00
2025-12-03T11:45:51.202Z,33.67601237283156,33.712711934404844,33.6515,33.6515,V4 池,33.712711934404844,合约价格,33.6515,0.181569,0.00,0.00
2025-12-03T11:45:51.230Z,33.67601237283156,33.712711934404844,33.6515,33.6515,V4 池,33.712711934404844,合约价格,33.6515,0.181569,0.00,0.00
2025-12-03T11:45:51.259Z,33.67601237283156,33.712711934404844,33.6515,33.6515,V4 池,33.712711934404844,合约价格,33.6515,0.181569,0.00,0.00
2025-12-03T11:45:51.283Z,33.67601237283156,33.712711934404844,33.6515,33.6515,V4 池,33.712711934404844,合约价格,33.6515,0.181569,0.00,0.00
2025-12-03T11:45:51.315Z,33.67601237283156,33.712711934404844,33.6515,33.6515,V4 池,33.712711934404844,合约价格,33.6515,0.181569,0.00,0.00
2025-12-03T11:45:51.353Z,33.67601237283156,33.712711934404844,33.6515,33.6515,V4 池,33.712711934404844,合约价格,33.6515,0.181569,0.00,0.00
2025-12-03T11:45:51.453Z,33.67601237283156,33.712711934404844,33.6515,33.6515,V4 池,33.712711934404844,合约价格,33.6515,0.181569,0.00,0.00
2025-12-03T11:45:56.321Z,33.67601237283156,33.712711934404844,33.6515,33.6515,V4 池,33.712711934404844,合约价格,33.6515,0.181569,0.00,0.00
2025-12-03T11:45:56.335Z,33.67601237283156,33.712711934404844,33.6575,33.6575,V4 池,33.712711934404844,合约价格,33.6575,0.163772,0.00,0.00
2025-12-03T11:45:56.336Z,33.67601237283156,33.712711934404844,33.6575,33.6575,V4 池,33.712711934404844,合约价格,33.6575,0.163772,0.00,0.00
2025-12-03T11:45:56.376Z,33.67601237283156,33.712711934404844,33.6575,33.6575,V4 池,33.712711934404844,合约价格,33.6575,0.163772,0.00,0.00
2025-12-03T11:45:56.433Z,33.67601237283156,33.712711934404844,33.6575,33.6575,V4 池,33.712711934404844,合约价格,33.6575,0.163772,0.00,0.00
2025-12-03T11:45:56.471Z,33.67601237283156,33.712711934404844,33.6575,33.6575,V4 池,33.712711934404844,合约价格,33.6575,0.163772,0.00,0.00
2025-12-03T11:45:56.796Z,33.67601237283156,33.712711934404844,33.6575,33.6575,V4 池,33.712711934404844,合约价格,33.6575,0.163772,0.00,0.00
2025-12-03T11:46:01.330Z,33.67601237283156,33.712711934404844,33.6595,33.6595,V4 池,33.712711934404844,合约价格,33.6595,0.157839,0.00,0.00
2025-12-03T11:46:01.332Z,33.67601237283156,33.712711934404844,33.6595,33.6595,V4 池,33.712711934404844,合约价格,33.6595,0.157839,0.00,0.00
2025-12-03T11:46:01.355Z,33.67601237283156,33.712711934404844,33.6595,33.6595,V4 池,33.712711934404844,合约价格,33.6595,0.157839,0.00,0.00
2025-12-03T11:46:01.368Z,33.67601237283156,33.712711934404844,33.6595,33.6595,V4 池,33.712711934404844,合约价格,33.6595,0.157839,0.00,0.00
2025-12-03T11:46:01.377Z,33.67601237283156,33.712711934404844,33.6595,33.6595,V4 池,33.712711934404844,合约价格,33.6595,0.157839,0.00,0.00
2025-12-03T11:46:01.511Z,33.67601237283156,33.712711934404844,33.6595,33.6595,V4 池,33.712711934404844,合约价格,33.6595,0.157839,0.00,0.00
2025-12-03T11:46:01.512Z,33.67601237283156,33.712711934404844,33.6595,33.6595,V4 池,33.712711934404844,合约价格,33.6595,0.157839,0.00,0.00
2025-12-03T11:46:06.259Z,33.67601237283156,33.712711934404844,33.676,33.676,V4 池,33.712711934404844,合约价格,33.676,0.108896,0.00,0.00
2025-12-03T11:46:06.322Z,33.67601237283156,33.712711934404844,33.676,33.676,V4 池,33.712711934404844,合约价格,33.676,0.108896,0.00,0.00
2025-12-03T11:46:06.365Z,33.67601237283156,33.712711934404844,33.676,33.676,V4 池,33.712711934404844,合约价格,33.676,0.108896,0.00,0.00
2025-12-03T11:46:06.438Z,33.67601237283156,33.712711934404844,33.676,33.676,V4 池,33.712711934404844,合约价格,33.676,0.108896,0.00,0.00
2025-12-03T11:46:06.462Z,33.67601237283156,33.712711934404844,33.676,33.676,V4 池,33.712711934404844,合约价格,33.676,0.108896,0.00,0.00
2025-12-03T11:46:06.535Z,33.67601237283156,33.712711934404844,33.676,33.676,V4 池,33.712711934404844,合约价格,33.676,0.108896,0.00,0.00
2025-12-03T11:46:06.606Z,33.67601237283156,33.712711934404844,33.6745,33.6745,V4 池,33.712711934404844,合约价格,33.6745,0.113346,0.00,0.00
2025-12-03T11:46:11.276Z,33.67601237283156,33.712711934404844,33.6745,33.6745,V4 池,33.712711934404844,合约价格,33.6745,0.113346,0.00,0.00
2025-12-03T11:46:11.284Z,33.67601237283156,33.712711934404844,33.6745,33.6745,V4 池,33.712711934404844,合约价格,33.6745,0.113346,0.00,0.00
2025-12-03T11:46:11.383Z,33.67601237283156,33.712711934404844,33.6745,33.6745,V4 池,33.712711934404844,合约价格,33.6745,0.113346,0.00,0.00
2025-12-03T11:46:11.384Z,33.67601237283156,33.712711934404844,33.6745,33.6745,V4 池,33.712711934404844,合约价格,33.6745,0.113346,0.00,0.00
2025-12-03T11:46:11.412Z,33.67601237283156,33.712711934404844,33.6745,33.6745,V4 池,33.712711934404844,合约价格,33.6745,0.113346,0.00,0.00
2025-12-03T11:46:11.465Z,33.67601237283156,33.712711934404844,33.6745,33.6745,V4 池,33.712711934404844,合约价格,33.6745,0.113346,0.00,0.00
2025-12-03T11:46:11.472Z,33.67601237283156,33.712711934404844,33.6745,33.6745,V4 池,33.712711934404844,合约价格,33.6745,0.113346,0.00,0.00
2025-12-03T11:46:16.313Z,33.67601237283156,33.712711934404844,33.6705,33.6705,V4 池,33.712711934404844,合约价格,33.6705,0.125211,0.00,0.00
2025-12-03T11:46:16.332Z,33.67601237283156,33.712711934404844,33.6705,33.6705,V4 池,33.712711934404844,合约价格,33.6705,0.125211,0.00,0.00
2025-12-03T11:46:16.363Z,33.67601237283156,33.712711934404844,33.6705,33.6705,V4 池,33.712711934404844,合约价格,33.6705,0.125211,0.00,0.00
2025-12-03T11:46:16.404Z,33.67601237283156,33.712711934404844,33.6705,33.6705,V4 池,33.712711934404844,合约价格,33.6705,0.125211,0.00,0.00
2025-12-03T11:46:16.419Z,33.67601237283156,33.712711934404844,33.6705,33.6705,V4 池,33.712711934404844,合约价格,33.6705,0.125211,0.00,0.00
2025-12-03T11:46:16.531Z,33.67601237283156,33.712711934404844,33.6705,33.6705,V4 池,33.712711934404844,合约价格,33.6705,0.125211,0.00,0.00
2025-12-03T11:46:16.539Z,33.67601237283156,33.712711934404844,33.6705,33.6705,V4 池,33.712711934404844,合约价格,33.6705,0.125211,0.00,0.00
2025-12-03T11:46:21.322Z,33.67601237283156,33.712711934404844,33.6605,33.6605,V4 池,33.712711934404844,合约价格,33.6605,0.154873,0.00,0.00
2025-12-03T11:46:21.545Z,33.67601237283156,33.712711934404844,33.6605,33.6605,V4 池,33.712711934404844,合约价格,33.6605,0.154873,0.00,0.00
2025-12-03T11:46:21.757Z,33.67601237283156,33.712711934404844,33.6605,33.6605,V4 池,33.712711934404844,合约价格,33.6605,0.154873,0.00,0.00
2025-12-03T11:46:21.910Z,33.67601237283156,33.712711934404844,33.6605,33.6605,V4 池,33.712711934404844,合约价格,33.6605,0.154873,0.00,0.00
2025-12-03T11:46:21.921Z,33.67601237283156,33.712711934404844,33.6605,33.6605,V4 池,33.712711934404844,合约价格,33.6605,0.154873,0.00,0.00
2025-12-03T11:46:21.966Z,33.67601237283156,33.712711934404844,33.6605,33.6605,V4 池,33.712711934404844,合约价格,33.6605,0.154873,0.00,0.00
2025-12-03T11:46:22.063Z,33.67601237283156,33.712711934404844,33.6605,33.6605,V4 池,33.712711934404844,合约价格,33.6605,0.154873,0.00,0.00
2025-12-03T11:46:26.291Z,33.67601237283156,33.712711934404844,33.6555,33.6555,V4 池,33.712711934404844,合约价格,33.6555,0.169704,0.00,0.00
2025-12-03T11:46:26.415Z,33.67601237283156,33.712711934404844,33.6445,33.6445,V4 池,33.712711934404844,合约价格,33.6445,0.202333,0.00,0.00
2025-12-03T11:46:26.544Z,33.67601237283156,33.712711934404844,33.6445,33.6445,V4 池,33.712711934404844,合约价格,33.6445,0.202333,0.00,0.00
2025-12-03T11:46:26.777Z,33.67601237283156,33.712711934404844,33.6445,33.6445,V4 池,33.712711934404844,合约价格,33.6445,0.202333,0.00,0.00
2025-12-03T11:46:26.813Z,33.67601237283156,33.712711934404844,33.6445,33.6445,V4 池,33.712711934404844,合约价格,33.6445,0.202333,0.00,0.00
2025-12-03T11:46:26.860Z,33.67601237283156,33.712711934404844,33.6445,33.6445,V4 池,33.712711934404844,合约价格,33.6445,0.202333,0.00,0.00
2025-12-03T11:46:26.909Z,33.67601237283156,33.712711934404844,33.6555,33.6555,V4 池,33.712711934404844,合约价格,33.6555,0.169704,0.00,0.00
2025-12-03T11:46:31.212Z,33.67601237283156,33.712711934404844,33.6435,33.6435,V4 池,33.712711934404844,合约价格,33.6435,0.205299,0.00,0.00
2025-12-03T11:46:31.615Z,33.67601237283156,33.712711934404844,33.6435,33.6435,V4 池,33.712711934404844,合约价格,33.6435,0.205299,0.00,0.00
2025-12-03T11:46:31.744Z,33.67601237283156,33.712711934404844,33.6435,33.6435,V4 池,33.712711934404844,合约价格,33.6435,0.205299,0.00,0.00
2025-12-03T11:46:31.752Z,33.67601237283156,33.712711934404844,33.6435,33.6435,V4 池,33.712711934404844,合约价格,33.6435,0.205299,0.00,0.00
2025-12-03T11:46:31.827Z,33.67601237283156,33.712711934404844,33.6435,33.6435,V4 池,33.712711934404844,合约价格,33.6435,0.205299,0.00,0.00
2025-12-03T11:46:31.871Z,33.67601237283156,33.712711934404844,33.6435,33.6435,V4 池,33.712711934404844,合约价格,33.6435,0.205299,0.00,0.00
2025-12-03T11:46:32.116Z,33.67601237283156,33.712711934404844,33.6435,33.6435,V4 池,33.712711934404844,合约价格,33.6435,0.205299,0.00,0.00
2025-12-03T11:46:36.451Z,33.67601237283156,33.712711934404844,33.6435,33.6435,V4 池,33.712711934404844,合约价格,33.6435,0.205299,0.00,0.00
2025-12-03T11:46:36.872Z,33.67601237283156,33.712711934404844,33.6435,33.6435,V4 池,33.712711934404844,合约价格,33.6435,0.205299,0.00,0.00
2025-12-03T11:46:36.907Z,33.67601237283156,33.712711934404844,33.6435,33.6435,V4 池,33.712711934404844,合约价格,33.6435,0.205299,0.00,0.00
2025-12-03T11:46:37.003Z,33.67601237283156,33.712711934404844,33.6435,33.6435,V4 池,33.712711934404844,合约价格,33.6435,0.205299,0.00,0.00
2025-12-03T11:46:37.066Z,33.67601237283156,33.712711934404844,33.6435,33.6435,V4 池,33.712711934404844,合约价格,33.6435,0.205299,0.00,0.00
2025-12-03T11:46:37.137Z,33.67601237283156,33.712711934404844,33.6435,33.6435,V4 池,33.712711934404844,合约价格,33.6435,0.205299,0.00,0.00
2025-12-03T11:46:37.220Z,33.67601237283156,33.712711934404844,33.6435,33.6435,V4 池,33.712711934404844,合约价格,33.6435,0.205299,0.00,0.00
2025-12-03T11:46:41.430Z,33.67601237283156,33.712711934404844,33.6455,33.6455,V4 池,33.712711934404844,合约价格,33.6455,0.199367,0.00,0.00
2025-12-03T11:46:41.675Z,33.67601237283156,33.712711934404844,33.6455,33.6455,V4 池,33.712711934404844,合约价格,33.6455,0.199367,0.00,0.00
2025-12-03T11:46:41.680Z,33.67601237283156,33.712711934404844,33.6455,33.6455,V4 池,33.712711934404844,合约价格,33.6455,0.199367,0.00,0.00
2025-12-03T11:46:41.777Z,33.67601237283156,33.712711934404844,33.6455,33.6455,V4 池,33.712711934404844,合约价格,33.6455,0.199367,0.00,0.00
2025-12-03T11:46:41.845Z,33.67601237283156,33.712711934404844,33.6455,33.6455,V4 池,33.712711934404844,合约价格,33.6455,0.199367,0.00,0.00
2025-12-03T11:46:41.892Z,33.67601237283156,33.712711934404844,33.6455,33.6455,V4 池,33.712711934404844,合约价格,33.6455,0.199367,0.00,0.00
2025-12-03T11:46:41.972Z,33.67601237283156,33.712711934404844,33.6455,33.6455,V4 池,33.712711934404844,合约价格,33.6455,0.199367,0.00,0.00
2025-12-03T11:46:46.411Z,33.67601237283156,33.712711934404844,33.6455,33.6455,V4 池,33.712711934404844,合约价格,33.6455,0.199367,0.00,0.00
2025-12-03T11:46:46.628Z,33.67601237283156,33.712711934404844,33.6455,33.6455,V4 池,33.712711934404844,合约价格,33.6455,0.199367,0.00,0.00
2025-12-03T11:46:46.678Z,33.67601237283156,33.712711934404844,33.6455,33.6455,V4 池,33.712711934404844,合约价格,33.6455,0.199367,0.00,0.00
2025-12-03T11:46:47.020Z,33.67601237283156,33.712711934404844,33.6455,33.6455,V4 池,33.712711934404844,合约价格,33.6455,0.199367,0.00,0.00
2025-12-03T11:46:47.035Z,33.67601237283156,33.712711934404844,33.6455,33.6455,V4 池,33.712711934404844,合约价格,33.6455,0.199367,0.00,0.00
2025-12-03T11:46:47.075Z,33.67601237283156,33.712711934404844,33.6455,33.6455,V4 池,33.712711934404844,合约价格,33.6455,0.199367,0.00,0.00
2025-12-03T11:46:47.168Z,33.67601237283156,33.712711934404844,33.6455,33.6455,V4 池,33.712711934404844,合约价格,33.6455,0.199367,0.00,0.00
2025-12-03T11:46:51.307Z,33.67601237283156,33.712711934404844,33.6445,33.6445,V4 池,33.712711934404844,合约价格,33.6445,0.202333,0.00,0.00
2025-12-03T11:46:51.556Z,33.67601237283156,33.712711934404844,33.6445,33.6445,V4 池,33.712711934404844,合约价格,33.6445,0.202333,0.00,0.00
2025-12-03T11:46:51.689Z,33.67601237283156,33.712711934404844,33.6445,33.6445,V4 池,33.712711934404844,合约价格,33.6445,0.202333,0.00,0.00
2025-12-03T11:46:51.736Z,33.67601237283156,33.712711934404844,33.6445,33.6445,V4 池,33.712711934404844,合约价格,33.6445,0.202333,0.00,0.00
2025-12-03T11:46:52.136Z,33.67601237283156,33.712711934404844,33.6445,33.6445,V4 池,33.712711934404844,合约价格,33.6445,0.202333,0.00,0.00
2025-12-03T11:46:52.147Z,33.67601237283156,33.712711934404844,33.6445,33.6445,V4 池,33.712711934404844,合约价格,33.6445,0.202333,0.00,0.00
2025-12-03T11:46:52.163Z,33.67601237283156,33.712711934404844,33.6445,33.6445,V4 池,33.712711934404844,合约价格,33.6445,0.202333,0.00,0.00
2025-12-03T11:46:56.301Z,33.67601237283156,33.712711934404844,33.6285,33.6285,V4 池,33.712711934404844,合约价格,33.6285,0.249793,0.00,0.00
2025-12-03T11:46:56.336Z,33.67601237283156,33.712711934404844,33.6285,33.6285,V4 池,33.712711934404844,合约价格,33.6285,0.249793,0.00,0.00
2025-12-03T11:46:56.413Z,33.67601237283156,33.712711934404844,33.6285,33.6285,V4 池,33.712711934404844,合约价格,33.6285,0.249793,0.00,0.00
2025-12-03T11:46:56.729Z,33.67601237283156,33.712711934404844,33.6285,33.6285,V4 池,33.712711934404844,合约价格,33.6285,0.249793,0.00,0.00
2025-12-03T11:46:56.841Z,33.67601237283156,33.712711934404844,33.6285,33.6285,V4 池,33.712711934404844,合约价格,33.6285,0.249793,0.00,0.00
2025-12-03T11:46:56.858Z,33.67601237283156,33.712711934404844,33.627,33.627,V4 池,33.712711934404844,合约价格,33.627,0.254242,0.00,0.00
2025-12-03T11:46:56.964Z,33.67601237283156,33.712711934404844,33.6285,33.6285,V4 池,33.712711934404844,合约价格,33.6285,0.249793,0.00,0.00
2025-12-03T11:47:01.527Z,33.67601237283156,33.712711934404844,33.6245,33.6245,V4 池,33.712711934404844,合约价格,33.6245,0.261658,0.00,0.00
2025-12-03T11:47:01.741Z,33.67601237283156,33.712711934404844,33.6245,33.6245,V4 池,33.712711934404844,合约价格,33.6245,0.261658,0.00,0.00
2025-12-03T11:47:01.852Z,33.67601237283156,33.712711934404844,33.6245,33.6245,V4 池,33.712711934404844,合约价格,33.6245,0.261658,0.00,0.00
2025-12-03T11:47:01.868Z,33.67601237283156,33.712711934404844,33.6245,33.6245,V4 池,33.712711934404844,合约价格,33.6245,0.261658,0.00,0.00
2025-12-03T11:47:01.952Z,33.67601237283156,33.712711934404844,33.6245,33.6245,V4 池,33.712711934404844,合约价格,33.6245,0.261658,0.00,0.00
2025-12-03T11:47:02.362Z,33.67601237283156,33.712711934404844,33.6245,33.6245,V4 池,33.712711934404844,合约价格,33.6245,0.261658,0.00,0.00
2025-12-03T11:47:02.405Z,33.67601237283156,33.712711934404844,33.6245,33.6245,V4 池,33.712711934404844,合约价格,33.6245,0.261658,0.00,0.00
2025-12-03T11:47:06.679Z,33.67601237283156,33.712711934404844,33.675,33.675,V4 池,33.712711934404844,合约价格,33.675,0.111863,0.00,0.00
2025-12-03T11:47:06.755Z,33.67601237283156,33.712711934404844,33.675,33.675,V4 池,33.712711934404844,合约价格,33.675,0.111863,0.00,0.00
2025-12-03T11:47:06.804Z,33.67601237283156,33.712711934404844,33.675,33.675,V4 池,33.712711934404844,合约价格,33.675,0.111863,0.00,0.00
2025-12-03T11:47:07.044Z,33.67601237283156,33.712711934404844,33.675,33.675,V4 池,33.712711934404844,合约价格,33.675,0.111863,0.00,0.00
2025-12-03T11:47:07.052Z,33.67601237283156,33.712711934404844,33.675,33.675,V4 池,33.712711934404844,合约价格,33.675,0.111863,0.00,0.00
2025-12-03T11:47:07.133Z,33.67601237283156,33.712711934404844,33.675,33.675,V4 池,33.712711934404844,合约价格,33.675,0.111863,0.00,0.00
2025-12-03T11:47:07.143Z,33.67601237283156,33.712711934404844,33.675,33.675,V4 池,33.712711934404844,合约价格,33.675,0.111863,0.00,0.00
2025-12-03T11:47:11.600Z,33.67601237283156,33.712711934404844,33.6785,33.6785,V4 池,33.712711934404844,V3 池,33.67601237283156,0.108860,0.00,0.00
2025-12-03T11:47:11.603Z,33.67601237283156,33.712711934404844,33.6785,33.6785,V4 池,33.712711934404844,V3 池,33.67601237283156,0.108860,0.00,0.00
2025-12-03T11:47:11.630Z,33.67601237283156,33.712711934404844,33.6785,33.6785,V4 池,33.712711934404844,V3 池,33.67601237283156,0.108860,0.00,0.00
2025-12-03T11:47:11.869Z,33.67601237283156,33.712711934404844,33.6785,33.6785,V4 池,33.712711934404844,V3 池,33.67601237283156,0.108860,0.00,0.00
2025-12-03T11:47:11.936Z,33.67601237283156,33.712711934404844,33.6785,33.6785,V4 池,33.712711934404844,V3 池,33.67601237283156,0.108860,0.00,0.00
2025-12-03T11:47:12.002Z,33.67601237283156,33.712711934404844,33.6785,33.6785,V4 池,33.712711934404844,V3 池,33.67601237283156,0.108860,0.00,0.00
2025-12-03T11:47:12.126Z,33.67601237283156,33.712711934404844,33.6785,33.6785,V4 池,33.712711934404844,V3 池,33.67601237283156,0.108860,0.00,0.00
2025-12-03T11:47:16.488Z,33.67601237283156,33.712711934404844,33.67,33.67,V4 池,33.712711934404844,合约价格,33.67,0.126694,0.00,0.00
2025-12-03T11:47:16.918Z,33.67601237283156,33.712711934404844,33.67,33.67,V4 池,33.712711934404844,合约价格,33.67,0.126694,0.00,0.00
2025-12-03T11:47:17.001Z,33.67601237283156,33.712711934404844,33.67,33.67,V4 池,33.712711934404844,合约价格,33.67,0.126694,0.00,0.00
2025-12-03T11:47:17.141Z,33.67601237283156,33.712711934404844,33.67,33.67,V4 池,33.712711934404844,合约价格,33.67,0.126694,0.00,0.00
2025-12-03T11:47:17.148Z,33.67601237283156,33.712711934404844,33.67,33.67,V4 池,33.712711934404844,合约价格,33.67,0.126694,0.00,0.00
2025-12-03T11:47:17.158Z,33.67601237283156,33.712711934404844,33.67,33.67,V4 池,33.712711934404844,合约价格,33.67,0.126694,0.00,0.00
2025-12-03T11:47:17.303Z,33.67601237283156,33.712711934404844,33.67,33.67,V4 池,33.712711934404844,合约价格,33.67,0.126694,0.00,0.00
2025-12-03T11:47:21.601Z,33.67601237283156,33.712711934404844,33.6715,33.6715,V4 池,33.712711934404844,合约价格,33.6715,0.122244,0.00,0.00
2025-12-03T11:47:21.736Z,33.67601237283156,33.712711934404844,33.6715,33.6715,V4 池,33.712711934404844,合约价格,33.6715,0.122244,0.00,0.00
2025-12-03T11:47:21.765Z,33.67601237283156,33.712711934404844,33.6715,33.6715,V4 池,33.712711934404844,合约价格,33.6715,0.122244,0.00,0.00
2025-12-03T11:47:21.835Z,33.67601237283156,33.712711934404844,33.6715,33.6715,V4 池,33.712711934404844,合约价格,33.6715,0.122244,0.00,0.00
2025-12-03T11:47:21.943Z,33.67601237283156,33.712711934404844,33.6715,33.6715,V4 池,33.712711934404844,合约价格,33.6715,0.122244,0.00,0.00
2025-12-03T11:47:22.087Z,33.67601237283156,33.712711934404844,33.6715,33.6715,V4 池,33.712711934404844,合约价格,33.6715,0.122244,0.00,0.00
2025-12-03T11:47:22.110Z,33.67601237283156,33.712711934404844,33.6715,33.6715,V4 池,33.712711934404844,合约价格,33.6715,0.122244,0.00,0.00
2025-12-03T11:47:26.456Z,33.67601237283156,33.712711934404844,33.6415,33.6415,V4 池,33.712711934404844,合约价格,33.6415,0.211232,0.00,0.00
2025-12-03T11:47:26.704Z,33.67601237283156,33.712711934404844,33.6415,33.6415,V4 池,33.712711934404844,合约价格,33.6415,0.211232,0.00,0.00
2025-12-03T11:47:26.761Z,33.67601237283156,33.712711934404844,33.6415,33.6415,V4 池,33.712711934404844,合约价格,33.6415,0.211232,0.00,0.00
2025-12-03T11:47:26.925Z,33.67601237283156,33.712711934404844,33.6415,33.6415,V4 池,33.712711934404844,合约价格,33.6415,0.211232,0.00,0.00
2025-12-03T11:47:27.138Z,33.67601237283156,33.712711934404844,33.6415,33.6415,V4 池,33.712711934404844,合约价格,33.6415,0.211232,0.00,0.00
2025-12-03T11:47:27.202Z,33.67601237283156,33.712711934404844,33.6415,33.6415,V4 池,33.712711934404844,合约价格,33.6415,0.211232,0.00,0.00
2025-12-03T11:47:27.267Z,33.67601237283156,33.712711934404844,33.6415,33.6415,V4 池,33.712711934404844,合约价格,33.6415,0.211232,0.00,0.00
2025-12-03T11:47:31.460Z,33.67601237283156,33.712711934404844,33.655,33.655,V4 池,33.712711934404844,合约价格,33.655,0.171187,0.00,0.00
2025-12-03T11:47:31.649Z,33.67601237283156,33.712711934404844,33.655,33.655,V4 池,33.712711934404844,合约价格,33.655,0.171187,0.00,0.00
2025-12-03T11:47:31.734Z,33.67601237283156,33.712711934404844,33.655,33.655,V4 池,33.712711934404844,合约价格,33.655,0.171187,0.00,0.00
2025-12-03T11:47:31.763Z,33.67601237283156,33.712711934404844,33.655,33.655,V4 池,33.712711934404844,合约价格,33.655,0.171187,0.00,0.00
2025-12-03T11:47:31.988Z,33.67601237283156,33.712711934404844,33.655,33.655,V4 池,33.712711934404844,合约价格,33.655,0.171187,0.00,0.00
2025-12-03T11:47:32.074Z,33.67601237283156,33.712711934404844,33.655,33.655,V4 池,33.712711934404844,合约价格,33.655,0.171187,0.00,0.00
2025-12-03T11:47:32.179Z,33.67601237283156,33.712711934404844,33.655,33.655,V4 池,33.712711934404844,合约价格,33.655,0.171187,0.00,0.00
2025-12-03T11:47:36.612Z,33.67601237283156,33.712711934404844,33.6535,33.6535,V4 池,33.712711934404844,合约价格,33.6535,0.175637,0.00,0.00
2025-12-03T11:47:36.684Z,33.67601237283156,33.712711934404844,33.6535,33.6535,V4 池,33.712711934404844,合约价格,33.6535,0.175637,0.00,0.00
2025-12-03T11:47:36.813Z,33.67601237283156,33.712711934404844,33.6535,33.6535,V4 池,33.712711934404844,合约价格,33.6535,0.175637,0.00,0.00
2025-12-03T11:47:36.828Z,33.67601237283156,33.712711934404844,33.6535,33.6535,V4 池,33.712711934404844,合约价格,33.6535,0.175637,0.00,0.00
2025-12-03T11:47:37.002Z,33.67601237283156,33.712711934404844,33.6535,33.6535,V4 池,33.712711934404844,合约价格,33.6535,0.175637,0.00,0.00
2025-12-03T11:47:37.055Z,33.67601237283156,33.712711934404844,33.6535,33.6535,V4 池,33.712711934404844,合约价格,33.6535,0.175637,0.00,0.00
2025-12-03T11:47:37.118Z,33.67601237283156,33.712711934404844,33.6535,33.6535,V4 池,33.712711934404844,合约价格,33.6535,0.175637,0.00,0.00
2025-12-03T11:47:41.719Z,33.67601237283156,33.712711934404844,33.6415,33.6415,V4 池,33.712711934404844,合约价格,33.6415,0.211232,0.00,0.00
2025-12-03T11:47:41.796Z,33.67601237283156,33.712711934404844,33.6415,33.6415,V4 池,33.712711934404844,合约价格,33.6415,0.211232,0.00,0.00
2025-12-03T11:47:42.041Z,33.67601237283156,33.712711934404844,33.6415,33.6415,V4 池,33.712711934404844,合约价格,33.6415,0.211232,0.00,0.00
2025-12-03T11:47:42.058Z,33.67601237283156,33.712711934404844,33.6415,33.6415,V4 池,33.712711934404844,合约价格,33.6415,0.211232,0.00,0.00
2025-12-03T11:47:42.097Z,33.67601237283156,33.712711934404844,33.6415,33.6415,V4 池,33.712711934404844,合约价格,33.6415,0.211232,0.00,0.00
2025-12-03T11:47:42.108Z,33.67601237283156,33.712711934404844,33.6415,33.6415,V4 池,33.712711934404844,合约价格,33.6415,0.211232,0.00,0.00
2025-12-03T11:47:42.304Z,33.67601237283156,33.712711934404844,33.6415,33.6415,V4 池,33.712711934404844,合约价格,33.6415,0.211232,0.00,0.00
2025-12-03T11:47:46.628Z,33.67601237283156,33.712711934404844,33.6435,33.6435,V4 池,33.712711934404844,合约价格,33.6435,0.205299,0.00,0.00
2025-12-03T11:47:46.744Z,33.67601237283156,33.712711934404844,33.6505,33.6505,V4 池,33.712711934404844,合约价格,33.6505,0.184536,0.00,0.00
2025-12-03T11:47:46.880Z,33.67601237283156,33.712711934404844,33.6435,33.6435,V4 池,33.712711934404844,合约价格,33.6435,0.205299,0.00,0.00
2025-12-03T11:47:46.932Z,33.67601237283156,33.712711934404844,33.6505,33.6505,V4 池,33.712711934404844,合约价格,33.6505,0.184536,0.00,0.00
2025-12-03T11:47:46.933Z,33.67601237283156,33.712711934404844,33.6435,33.6435,V4 池,33.712711934404844,合约价格,33.6435,0.205299,0.00,0.00
2025-12-03T11:47:46.984Z,33.67601237283156,33.712711934404844,33.6435,33.6435,V4 池,33.712711934404844,合约价格,33.6435,0.205299,0.00,0.00
2025-12-03T11:47:47.126Z,33.67601237283156,33.712711934404844,33.6435,33.6435,V4 池,33.712711934404844,合约价格,33.6435,0.205299,0.00,0.00
2025-12-03T11:47:51.566Z,33.67601237283156,33.712711934404844,33.6535,33.6535,V4 池,33.712711934404844,合约价格,33.6535,0.175637,0.00,0.00
2025-12-03T11:47:51.706Z,33.67601237283156,33.712711934404844,33.6535,33.6535,V4 池,33.712711934404844,合约价格,33.6535,0.175637,0.00,0.00
2025-12-03T11:47:51.768Z,33.67601237283156,33.712711934404844,33.6535,33.6535,V4 池,33.712711934404844,合约价格,33.6535,0.175637,0.00,0.00
2025-12-03T11:47:51.842Z,33.67601237283156,33.712711934404844,33.6535,33.6535,V4 池,33.712711934404844,合约价格,33.6535,0.175637,0.00,0.00
2025-12-03T11:47:51.937Z,33.67601237283156,33.712711934404844,33.6535,33.6535,V4 池,33.712711934404844,合约价格,33.6535,0.175637,0.00,0.00
2025-12-03T11:47:52.092Z,33.67601237283156,33.712711934404844,33.6535,33.6535,V4 池,33.712711934404844,合约价格,33.6535,0.175637,0.00,0.00
2025-12-03T11:47:52.278Z,33.67601237283156,33.712711934404844,33.6535,33.6535,V4 池,33.712711934404844,合约价格,33.6535,0.175637,0.00,0.00
2025-12-03T11:47:56.588Z,33.67601237283156,33.712711934404844,33.6535,33.6535,V4 池,33.712711934404844,合约价格,33.6535,0.175637,0.00,0.00
2025-12-03T11:47:56.600Z,33.67601237283156,33.712711934404844,33.6535,33.6535,V4 池,33.712711934404844,合约价格,33.6535,0.175637,0.00,0.00
2025-12-03T11:47:56.908Z,33.67601237283156,33.712711934404844,33.6535,33.6535,V4 池,33.712711934404844,合约价格,33.6535,0.175637,0.00,0.00
2025-12-03T11:47:56.995Z,33.67601237283156,33.712711934404844,33.6535,33.6535,V4 池,33.712711934404844,合约价格,33.6535,0.175637,0.00,0.00
2025-12-03T11:47:57.071Z,33.67601237283156,33.712711934404844,33.6535,33.6535,V4 池,33.712711934404844,合约价格,33.6535,0.175637,0.00,0.00
2025-12-03T11:47:57.109Z,33.67601237283156,33.712711934404844,33.6535,33.6535,V4 池,33.712711934404844,合约价格,33.6535,0.175637,0.00,0.00
2025-12-03T11:47:57.221Z,33.67601237283156,33.712711934404844,33.6535,33.6535,V4 池,33.712711934404844,合约价格,33.6535,0.175637,0.00,0.00
2025-12-03T11:48:01.725Z,33.67601237283156,33.712711934404844,33.6715,33.6715,V4 池,33.712711934404844,合约价格,33.6715,0.122244,0.00,0.00
2025-12-03T11:48:01.792Z,33.67601237283156,33.712711934404844,33.6715,33.6715,V4 池,33.712711934404844,合约价格,33.6715,0.122244,0.00,0.00
2025-12-03T11:48:01.924Z,33.67601237283156,33.712711934404844,33.6715,33.6715,V4 池,33.712711934404844,合约价格,33.6715,0.122244,0.00,0.00
2025-12-03T11:48:01.937Z,33.67601237283156,33.712711934404844,33.6715,33.6715,V4 池,33.712711934404844,合约价格,33.6715,0.122244,0.00,0.00
2025-12-03T11:48:01.992Z,33.67601237283156,33.712711934404844,33.6715,33.6715,V4 池,33.712711934404844,合约价格,33.6715,0.122244,0.00,0.00
2025-12-03T11:48:02.140Z,33.67601237283156,33.712711934404844,33.6715,33.6715,V4 池,33.712711934404844,合约价格,33.6715,0.122244,0.00,0.00
2025-12-03T11:48:02.336Z,33.67601237283156,33.712711934404844,33.6715,33.6715,V4 池,33.712711934404844,合约价格,33.6715,0.122244,0.00,0.00
2025-12-03T11:48:06.199Z,33.67601237283156,33.712711934404844,33.6705,33.6705,V4 池,33.712711934404844,合约价格,33.6705,0.125211,0.00,0.00
2025-12-03T11:48:06.448Z,33.67601237283156,33.712711934404844,33.6705,33.6705,V4 池,33.712711934404844,合约价格,33.6705,0.125211,0.00,0.00
2025-12-03T11:48:06.583Z,33.67601237283156,33.712711934404844,33.6705,33.6705,V4 池,33.712711934404844,合约价格,33.6705,0.125211,0.00,0.00
2025-12-03T11:48:06.619Z,33.67601237283156,33.712711934404844,33.6705,33.6705,V4 池,33.712711934404844,合约价格,33.6705,0.125211,0.00,0.00
2025-12-03T11:48:06.645Z,33.67601237283156,33.712711934404844,33.6705,33.6705,V4 池,33.712711934404844,合约价格,33.6705,0.125211,0.00,0.00
2025-12-03T11:48:06.703Z,33.67601237283156,33.712711934404844,33.6705,33.6705,V4 池,33.712711934404844,合约价格,33.6705,0.125211,0.00,0.00
2025-12-03T11:48:06.863Z,33.67601237283156,33.712711934404844,33.6705,33.6705,V4 池,33.712711934404844,合约价格,33.6705,0.125211,0.00,0.00
2025-12-03T11:48:11.421Z,33.67601237283156,33.712711934404844,33.6785,33.6785,V4 池,33.712711934404844,V3 池,33.67601237283156,0.108860,0.00,0.00
2025-12-03T11:48:11.627Z,33.67601237283156,33.712711934404844,33.6785,33.6785,V4 池,33.712711934404844,V3 池,33.67601237283156,0.108860,0.00,0.00
2025-12-03T11:48:11.710Z,33.67601237283156,33.712711934404844,33.6785,33.6785,V4 池,33.712711934404844,V3 池,33.67601237283156,0.108860,0.00,0.00
2025-12-03T11:48:12.009Z,33.67601237283156,33.712711934404844,33.6785,33.6785,V4 池,33.712711934404844,V3 池,33.67601237283156,0.108860,0.00,0.00
2025-12-03T11:48:12.018Z,33.67601237283156,33.712711934404844,33.6785,33.6785,V4 池,33.712711934404844,V3 池,33.67601237283156,0.108860,0.00,0.00
2025-12-03T11:48:12.146Z,33.67601237283156,33.712711934404844,33.6785,33.6785,V4 池,33.712711934404844,V3 池,33.67601237283156,0.108860,0.00,0.00
2025-12-03T11:48:12.218Z,33.67601237283156,33.712711934404844,33.6785,33.6785,V4 池,33.712711934404844,V3 池,33.67601237283156,0.108860,0.00,0.00
2025-12-03T11:48:16.457Z,33.67601237283156,33.712711934404844,33.6795,33.6795,V4 池,33.712711934404844,V3 池,33.67601237283156,0.108860,0.00,0.00
2025-12-03T11:48:16.574Z,33.67601237283156,33.712711934404844,33.6795,33.6795,V4 池,33.712711934404844,V3 池,33.67601237283156,0.108860,0.00,0.00
2025-12-03T11:48:16.897Z,33.67601237283156,33.712711934404844,33.6795,33.6795,V4 池,33.712711934404844,V3 池,33.67601237283156,0.108860,0.00,0.00
2025-12-03T11:48:16.902Z,33.67601237283156,33.712711934404844,33.6795,33.6795,V4 池,33.712711934404844,V3 池,33.67601237283156,0.108860,0.00,0.00
2025-12-03T11:48:17.076Z,33.67601237283156,33.712711934404844,33.6795,33.6795,V4 池,33.712711934404844,V3 池,33.67601237283156,0.108860,0.00,0.00
2025-12-03T11:48:17.077Z,33.67601237283156,33.712711934404844,33.6795,33.6795,V4 池,33.712711934404844,V3 池,33.67601237283156,0.108860,0.00,0.00
2025-12-03T11:48:17.235Z,33.67601237283156,33.712711934404844,33.6795,33.6795,V4 池,33.712711934404844,V3 池,33.67601237283156,0.108860,0.00,0.00
2025-12-03T11:48:21.343Z,33.67601237283156,33.712711934404844,33.6795,33.6795,V4 池,33.712711934404844,V3 池,33.67601237283156,0.108860,0.00,0.00
2025-12-03T11:48:21.604Z,33.67601237283156,33.712711934404844,33.6795,33.6795,V4 池,33.712711934404844,V3 池,33.67601237283156,0.108860,0.00,0.00
2025-12-03T11:48:21.605Z,33.67601237283156,33.712711934404844,33.6795,33.6795,V4 池,33.712711934404844,V3 池,33.67601237283156,0.108860,0.00,0.00
2025-12-03T11:48:21.834Z,33.67601237283156,33.712711934404844,33.6795,33.6795,V4 池,33.712711934404844,V3 池,33.67601237283156,0.108860,0.00,0.00
2025-12-03T11:48:21.916Z,33.67601237283156,33.712711934404844,33.6795,33.6795,V4 池,33.712711934404844,V3 池,33.67601237283156,0.108860,0.00,0.00
2025-12-03T11:48:22.126Z,33.67601237283156,33.712711934404844,33.6795,33.6795,V4 池,33.712711934404844,V3 池,33.67601237283156,0.108860,0.00,0.00
2025-12-03T11:48:22.223Z,33.67601237283156,33.712711934404844,33.6795,33.6795,V4 池,33.712711934404844,V3 池,33.67601237283156,0.108860,0.00,0.00
2025-12-03T11:48:26.317Z,33.67601237283156,33.712711934404844,33.6795,33.6795,V4 池,33.712711934404844,V3 池,33.67601237283156,0.108860,0.00,0.00
2025-12-03T11:48:26.324Z,33.67601237283156,33.712711934404844,33.6795,33.6795,V4 池,33.712711934404844,V3 池,33.67601237283156,0.108860,0.00,0.00
2025-12-03T11:48:26.372Z,33.67601237283156,33.712711934404844,33.6795,33.6795,V4 池,33.712711934404844,V3 池,33.67601237283156,0.108860,0.00,0.00
2025-12-03T11:48:26.676Z,33.67601237283156,33.712711934404844,33.6795,33.6795,V4 池,33.712711934404844,V3 池,33.67601237283156,0.108860,0.00,0.00
2025-12-03T11:48:26.683Z,33.67601237283156,33.712711934404844,33.6795,33.6795,V4 池,33.712711934404844,V3 池,33.67601237283156,0.108860,0.00,0.00
2025-12-03T11:48:26.734Z,33.67601237283156,33.712711934404844,33.6795,33.6795,V4 池,33.712711934404844,V3 池,33.67601237283156,0.108860,0.00,0.00
2025-12-03T11:48:27.203Z,33.67601237283156,33.712711934404844,33.6795,33.6795,V4 池,33.712711934404844,V3 池,33.67601237283156,0.108860,0.00,0.00
2025-12-03T11:48:31.249Z,33.67601237283156,33.712711934404844,33.6795,33.6795,V4 池,33.712711934404844,V3 池,33.67601237283156,0.108860,0.00,0.00
2025-12-03T11:48:31.262Z,33.67601237283156,33.712711934404844,33.6795,33.6795,V4 池,33.712711934404844,V3 池,33.67601237283156,0.108860,0.00,0.00
2025-12-03T11:48:31.274Z,33.67601237283156,33.712711934404844,33.6795,33.6795,V4 池,33.712711934404844,V3 池,33.67601237283156,0.108860,0.00,0.00
2025-12-03T11:48:31.294Z,33.67601237283156,33.712711934404844,33.6795,33.6795,V4 池,33.712711934404844,V3 池,33.67601237283156,0.108860,0.00,0.00
2025-12-03T11:48:31.380Z,33.67601237283156,33.712711934404844,33.6795,33.6795,V4 池,33.712711934404844,V3 池,33.67601237283156,0.108860,0.00,0.00
2025-12-03T11:48:31.384Z,33.67601237283156,33.712711934404844,33.6795,33.6795,V4 池,33.712711934404844,V3 池,33.67601237283156,0.108860,0.00,0.00
2025-12-03T11:48:31.389Z,33.67601237283156,33.712711934404844,33.6795,33.6795,V4 池,33.712711934404844,V3 池,33.67601237283156,0.108860,0.00,0.00
2025-12-03T11:48:36.254Z,33.67601237283156,33.712711934404844,33.6795,33.6795,V4 池,33.712711934404844,V3 池,33.67601237283156,0.108860,0.00,0.00
2025-12-03T11:48:36.277Z,33.67601237283156,33.712711934404844,33.6795,33.6795,V4 池,33.712711934404844,V3 池,33.67601237283156,0.108860,0.00,0.00
2025-12-03T11:48:36.323Z,33.67601237283156,33.712711934404844,33.6795,33.6795,V4 池,33.712711934404844,V3 池,33.67601237283156,0.108860,0.00,0.00
2025-12-03T11:48:36.333Z,33.67601237283156,33.712711934404844,33.6795,33.6795,V4 池,33.712711934404844,V3 池,33.67601237283156,0.108860,0.00,0.00
2025-12-03T11:48:36.335Z,33.67601237283156,33.712711934404844,33.6795,33.6795,V4 池,33.712711934404844,V3 池,33.67601237283156,0.108860,0.00,0.00
2025-12-03T11:48:36.374Z,33.67601237283156,33.712711934404844,33.6795,33.6795,V4 池,33.712711934404844,V3 池,33.67601237283156,0.108860,0.00,0.00
2025-12-03T11:48:36.407Z,33.67601237283156,33.712711934404844,33.6795,33.6795,V4 池,33.712711934404844,V3 池,33.67601237283156,0.108860,0.00,0.00
2025-12-03T11:48:41.307Z,33.67601237283156,33.712711934404844,33.6795,33.6795,V4 池,33.712711934404844,V3 池,33.67601237283156,0.108860,0.00,0.00
2025-12-03T11:48:41.311Z,33.67601237283156,33.712711934404844,33.6795,33.6795,V4 池,33.712711934404844,V3 池,33.67601237283156,0.108860,0.00,0.00
2025-12-03T11:48:41.335Z,33.67601237283156,33.712711934404844,33.6795,33.6795,V4 池,33.712711934404844,V3 池,33.67601237283156,0.108860,0.00,0.00
2025-12-03T11:48:41.386Z,33.67601237283156,33.712711934404844,33.6795,33.6795,V4 池,33.712711934404844,V3 池,33.67601237283156,0.108860,0.00,0.00
2025-12-03T11:48:41.408Z,33.67601237283156,33.712711934404844,33.6795,33.6795,V4 池,33.712711934404844,V3 池,33.67601237283156,0.108860,0.00,0.00
2025-12-03T11:48:41.474Z,33.67601237283156,33.712711934404844,33.6795,33.6795,V4 池,33.712711934404844,V3 池,33.67601237283156,0.108860,0.00,0.00
2025-12-03T11:48:42.720Z,33.67601237283156,33.712711934404844,33.6795,33.6795,V4 池,33.712711934404844,V3 池,33.67601237283156,0.108860,0.00,0.00
2025-12-03T11:48:46.218Z,33.67601237283156,33.712711934404844,33.6795,33.6795,V4 池,33.712711934404844,V3 池,33.67601237283156,0.108860,0.00,0.00
2025-12-03T11:48:46.293Z,33.67601237283156,33.712711934404844,33.6795,33.6795,V4 池,33.712711934404844,V3 池,33.67601237283156,0.108860,0.00,0.00
2025-12-03T11:48:46.317Z,33.67601237283156,33.712711934404844,33.6795,33.6795,V4 池,33.712711934404844,V3 池,33.67601237283156,0.108860,0.00,0.00
2025-12-03T11:48:46.357Z,33.67601237283156,33.712711934404844,33.6795,33.6795,V4 池,33.712711934404844,V3 池,33.67601237283156,0.108860,0.00,0.00
2025-12-03T11:48:46.369Z,33.67601237283156,33.712711934404844,33.6795,33.6795,V4 池,33.712711934404844,V3 池,33.67601237283156,0.108860,0.00,0.00
2025-12-03T11:48:46.390Z,33.67601237283156,33.712711934404844,33.6795,33.6795,V4 池,33.712711934404844,V3 池,33.67601237283156,0.108860,0.00,0.00
2025-12-03T11:48:46.402Z,33.67601237283156,33.712711934404844,33.6795,33.6795,V4 池,33.712711934404844,V3 池,33.67601237283156,0.108860,0.00,0.00
2025-12-03T11:48:51.254Z,33.67601237283156,33.712711934404844,33.6795,33.6795,V4 池,33.712711934404844,V3 池,33.67601237283156,0.108860,0.00,0.00
2025-12-03T11:48:51.286Z,33.67601237283156,33.712711934404844,33.6795,33.6795,V4 池,33.712711934404844,V3 池,33.67601237283156,0.108860,0.00,0.00
2025-12-03T11:48:51.288Z,33.67601237283156,33.712711934404844,33.6795,33.6795,V4 池,33.712711934404844,V3 池,33.67601237283156,0.108860,0.00,0.00
2025-12-03T11:48:51.294Z,33.67601237283156,33.712711934404844,33.6795,33.6795,V4 池,33.712711934404844,V3 池,33.67601237283156,0.108860,0.00,0.00
2025-12-03T11:48:51.307Z,33.67601237283156,33.712711934404844,33.6795,33.6795,V4 池,33.712711934404844,V3 池,33.67601237283156,0.108860,0.00,0.00
2025-12-03T11:48:51.312Z,33.67601237283156,33.712711934404844,33.6795,33.6795,V4 池,33.712711934404844,V3 池,33.67601237283156,0.108860,0.00,0.00
2025-12-03T11:48:51.332Z,33.67601237283156,33.712711934404844,33.6795,33.6795,V4 池,33.712711934404844,V3 池,33.67601237283156,0.108860,0.00,0.00
2025-12-03T11:48:56.232Z,33.67601237283156,33.712711934404844,33.6795,33.6795,V4 池,33.712711934404844,V3 池,33.67601237283156,0.108860,0.00,0.00
2025-12-03T11:48:56.292Z,33.67601237283156,33.712711934404844,33.6795,33.6795,V4 池,33.712711934404844,V3 池,33.67601237283156,0.108860,0.00,0.00
2025-12-03T11:48:56.297Z,33.67601237283156,33.712711934404844,33.6795,33.6795,V4 池,33.712711934404844,V3 池,33.67601237283156,0.108860,0.00,0.00
2025-12-03T11:48:56.324Z,33.67601237283156,33.712711934404844,33.6795,33.6795,V4 池,33.712711934404844,V3 池,33.67601237283156,0.108860,0.00,0.00
2025-12-03T11:48:56.327Z,33.67601237283156,33.712711934404844,33.6795,33.6795,V4 池,33.712711934404844,V3 池,33.67601237283156,0.108860,0.00,0.00
2025-12-03T11:48:56.366Z,33.67601237283156,33.712711934404844,33.6795,33.6795,V4 池,33.712711934404844,V3 池,33.67601237283156,0.108860,0.00,0.00
2025-12-03T11:48:56.521Z,33.67601237283156,33.712711934404844,33.6795,33.6795,V4 池,33.712711934404844,V3 池,33.67601237283156,0.108860,0.00,0.00
2025-12-03T11:49:01.241Z,33.67601237283156,33.712711934404844,33.6795,33.6795,V4 池,33.712711934404844,V3 池,33.67601237283156,0.108860,0.00,0.00
2025-12-03T11:49:01.279Z,33.67601237283156,33.712711934404844,33.6795,33.6795,V4 池,33.712711934404844,V3 池,33.67601237283156,0.108860,0.00,0.00
2025-12-03T11:49:01.340Z,33.67601237283156,33.712711934404844,33.6795,33.6795,V4 池,33.712711934404844,V3 池,33.67601237283156,0.108860,0.00,0.00
2025-12-03T11:49:01.390Z,33.67601237283156,33.712711934404844,33.6795,33.6795,V4 池,33.712711934404844,V3 池,33.67601237283156,0.108860,0.00,0.00
2025-12-03T11:49:01.494Z,33.67601237283156,33.712711934404844,33.6795,33.6795,V4 池,33.712711934404844,V3 池,33.67601237283156,0.108860,0.00,0.00
2025-12-03T11:49:01.531Z,33.67601237283156,33.712711934404844,33.6795,33.6795,V4 池,33.712711934404844,V3 池,33.67601237283156,0.108860,0.00,0.00
2025-12-03T11:49:01.541Z,33.67601237283156,33.712711934404844,33.6795,33.6795,V4 池,33.712711934404844,V3 池,33.67601237283156,0.108860,0.00,0.00
2025-12-03T11:49:06.279Z,33.67601237283156,33.712711934404844,33.6795,33.6795,V4 池,33.712711934404844,V3 池,33.67601237283156,0.108860,0.00,0.00
2025-12-03T11:49:06.281Z,33.67601237283156,33.712711934404844,33.6795,33.6795,V4 池,33.712711934404844,V3 池,33.67601237283156,0.108860,0.00,0.00
2025-12-03T11:49:06.338Z,33.67601237283156,33.712711934404844,33.6795,33.6795,V4 池,33.712711934404844,V3 池,33.67601237283156,0.108860,0.00,0.00
2025-12-03T11:49:06.342Z,33.67601237283156,33.712711934404844,33.6795,33.6795,V4 池,33.712711934404844,V3 池,33.67601237283156,0.108860,0.00,0.00
2025-12-03T11:49:06.358Z,33.67601237283156,33.712711934404844,33.6795,33.6795,V4 池,33.712711934404844,V3 池,33.67601237283156,0.108860,0.00,0.00
2025-12-03T11:49:06.420Z,33.67601237283156,33.712711934404844,33.6795,33.6795,V4 池,33.712711934404844,V3 池,33.67601237283156,0.108860,0.00,0.00
2025-12-03T11:49:06.429Z,33.67601237283156,33.712711934404844,33.6795,33.6795,V4 池,33.712711934404844,V3 池,33.67601237283156,0.108860,0.00,0.00
2025-12-03T11:49:11.253Z,33.67601237283156,33.712711934404844,33.6795,33.6795,V4 池,33.712711934404844,V3 池,33.67601237283156,0.108860,0.00,0.00
2025-12-03T11:49:11.313Z,33.67601237283156,33.712711934404844,33.6795,33.6795,V4 池,33.712711934404844,V3 池,33.67601237283156,0.108860,0.00,0.00
2025-12-03T11:49:11.314Z,33.67601237283156,33.712711934404844,33.6795,33.6795,V4 池,33.712711934404844,V3 池,33.67601237283156,0.108860,0.00,0.00
2025-12-03T11:49:11.325Z,33.67601237283156,33.712711934404844,33.6795,33.6795,V4 池,33.712711934404844,V3 池,33.67601237283156,0.108860,0.00,0.00
2025-12-03T11:49:11.364Z,33.67601237283156,33.712711934404844,33.6795,33.6795,V4 池,33.712711934404844,V3 池,33.67601237283156,0.108860,0.00,0.00
2025-12-03T11:49:11.377Z,33.67601237283156,33.712711934404844,33.6795,33.6795,V4 池,33.712711934404844,V3 池,33.67601237283156,0.108860,0.00,0.00
2025-12-03T11:49:11.386Z,33.67601237283156,33.712711934404844,33.6795,33.6795,V4 池,33.712711934404844,V3 池,33.67601237283156,0.108860,0.00,0.00
2025-12-03T11:49:16.303Z,33.67601237283156,33.712711934404844,33.733,33.733,现货价格,33.733,V3 池,33.67601237283156,0.168937,0.00,0.00
2025-12-03T11:49:16.328Z,33.67601237283156,33.712711934404844,33.733,33.733,现货价格,33.733,V3 池,33.67601237283156,0.168937,0.00,0.00
2025-12-03T11:49:16.331Z,33.67601237283156,33.712711934404844,33.733,33.733,现货价格,33.733,V3 池,33.67601237283156,0.168937,0.00,0.00
2025-12-03T11:49:16.393Z,33.67601237283156,33.712711934404844,33.733,33.733,现货价格,33.733,V3 池,33.67601237283156,0.168937,0.00,0.00
2025-12-03T11:49:16.428Z,33.67601237283156,33.712711934404844,33.733,33.733,现货价格,33.733,V3 池,33.67601237283156,0.168937,0.00,0.00
2025-12-03T11:49:16.461Z,33.67601237283156,33.712711934404844,33.733,33.733,现货价格,33.733,V3 池,33.67601237283156,0.168937,0.00,0.00
2025-12-03T11:49:16.568Z,33.67601237283156,33.712711934404844,33.733,33.733,现货价格,33.733,V3 池,33.67601237283156,0.168937,0.00,0.00
2025-12-03T11:49:21.247Z,33.67601237283156,33.712711934404844,33.7445,33.7445,现货价格,33.7445,V3 池,33.67601237283156,0.202959,0.00,0.00
2025-12-03T11:49:21.295Z,33.67601237283156,33.712711934404844,33.7445,33.7445,现货价格,33.7445,V3 池,33.67601237283156,0.202959,0.00,0.00
2025-12-03T11:49:21.306Z,33.67601237283156,33.712711934404844,33.7445,33.7445,现货价格,33.7445,V3 池,33.67601237283156,0.202959,0.00,0.00
2025-12-03T11:49:21.312Z,33.67601237283156,33.712711934404844,33.7445,33.7445,现货价格,33.7445,V3 池,33.67601237283156,0.202959,0.00,0.00
2025-12-03T11:49:21.355Z,33.67601237283156,33.712711934404844,33.7445,33.7445,现货价格,33.7445,V3 池,33.67601237283156,0.202959,0.00,0.00
2025-12-03T11:49:21.373Z,33.67601237283156,33.712711934404844,33.7445,33.7445,现货价格,33.7445,V3 池,33.67601237283156,0.202959,0.00,0.00
2025-12-03T11:49:21.378Z,33.67601237283156,33.712711934404844,33.7445,33.7445,现货价格,33.7445,V3 池,33.67601237283156,0.202959,0.00,0.00
2025-12-03T11:49:26.300Z,33.67601237283156,33.712711934404844,33.7475,33.7475,现货价格,33.7475,V3 池,33.67601237283156,0.211831,0.00,0.00
2025-12-03T11:49:26.311Z,33.67601237283156,33.712711934404844,33.7475,33.7475,现货价格,33.7475,V3 池,33.67601237283156,0.211831,0.00,0.00
2025-12-03T11:49:26.365Z,33.67601237283156,33.712711934404844,33.7475,33.7475,现货价格,33.7475,V3 池,33.67601237283156,0.211831,0.00,0.00
2025-12-03T11:49:26.401Z,33.67601237283156,33.712711934404844,33.7475,33.7475,现货价格,33.7475,V3 池,33.67601237283156,0.211831,0.00,0.00
2025-12-03T11:49:26.412Z,33.67601237283156,33.712711934404844,33.7475,33.7475,现货价格,33.7475,V3 池,33.67601237283156,0.211831,0.00,0.00
2025-12-03T11:49:26.465Z,33.67601237283156,33.712711934404844,33.7475,33.7475,现货价格,33.7475,V3 池,33.67601237283156,0.211831,0.00,0.00
2025-12-03T11:49:26.478Z,33.67601237283156,33.712711934404844,33.7475,33.7475,现货价格,33.7475,V3 池,33.67601237283156,0.211831,0.00,0.00
2025-12-03T11:49:31.289Z,33.67601237283156,33.712711934404844,33.7495,33.7495,现货价格,33.7495,V3 池,33.67601237283156,0.217744,0.00,0.00
2025-12-03T11:49:31.414Z,33.67601237283156,33.712711934404844,33.7495,33.7495,现货价格,33.7495,V3 池,33.67601237283156,0.217744,0.00,0.00
2025-12-03T11:49:31.479Z,33.67601237283156,33.712711934404844,33.7495,33.7495,现货价格,33.7495,V3 池,33.67601237283156,0.217744,0.00,0.00
2025-12-03T11:49:31.500Z,33.67601237283156,33.712711934404844,33.7495,33.7495,现货价格,33.7495,V3 池,33.67601237283156,0.217744,0.00,0.00
2025-12-03T11:49:31.525Z,33.67601237283156,33.712711934404844,33.7495,33.7495,现货价格,33.7495,V3 池,33.67601237283156,0.217744,0.00,0.00
2025-12-03T11:49:31.612Z,33.67601237283156,33.712711934404844,33.7495,33.7495,现货价格,33.7495,V3 池,33.67601237283156,0.217744,0.00,0.00
2025-12-03T11:49:31.659Z,33.67601237283156,33.712711934404844,33.7495,33.7495,现货价格,33.7495,V3 池,33.67601237283156,0.217744,0.00,0.00
2025-12-03T11:49:36.304Z,33.67601237283156,33.712711934404844,33.749,33.749,现货价格,33.749,V3 池,33.67601237283156,0.216266,0.00,0.00
2025-12-03T11:49:36.337Z,33.67601237283156,33.712711934404844,33.749,33.749,现货价格,33.749,V3 池,33.67601237283156,0.216266,0.00,0.00
2025-12-03T11:49:36.351Z,33.67601237283156,33.712711934404844,33.749,33.749,现货价格,33.749,V3 池,33.67601237283156,0.216266,0.00,0.00
2025-12-03T11:49:36.362Z,33.67601237283156,33.712711934404844,33.749,33.749,现货价格,33.749,V3 池,33.67601237283156,0.216266,0.00,0.00
2025-12-03T11:49:36.380Z,33.67601237283156,33.712711934404844,33.749,33.749,现货价格,33.749,V3 池,33.67601237283156,0.216266,0.00,0.00
2025-12-03T11:49:36.448Z,33.67601237283156,33.712711934404844,33.749,33.749,现货价格,33.749,V3 池,33.67601237283156,0.216266,0.00,0.00
2025-12-03T11:49:36.463Z,33.67601237283156,33.712711934404844,33.749,33.749,现货价格,33.749,V3 池,33.67601237283156,0.216266,0.00,0.00
2025-12-03T11:49:41.239Z,33.67601237283156,33.712711934404844,33.7485,33.7485,现货价格,33.7485,V3 池,33.67601237283156,0.214788,0.00,0.00
2025-12-03T11:49:41.287Z,33.67601237283156,33.712711934404844,33.7485,33.7485,现货价格,33.7485,V3 池,33.67601237283156,0.214788,0.00,0.00
2025-12-03T11:49:41.314Z,33.67601237283156,33.712711934404844,33.7485,33.7485,现货价格,33.7485,V3 池,33.67601237283156,0.214788,0.00,0.00
2025-12-03T11:49:41.329Z,33.67601237283156,33.712711934404844,33.7485,33.7485,现货价格,33.7485,V3 池,33.67601237283156,0.214788,0.00,0.00
2025-12-03T11:49:41.403Z,33.67601237283156,33.712711934404844,33.7485,33.7485,现货价格,33.7485,V3 池,33.67601237283156,0.214788,0.00,0.00
2025-12-03T11:49:41.410Z,33.67601237283156,33.712711934404844,33.7485,33.7485,现货价格,33.7485,V3 池,33.67601237283156,0.214788,0.00,0.00
2025-12-03T11:49:41.503Z,33.67601237283156,33.712711934404844,33.7485,33.7485,现货价格,33.7485,V3 池,33.67601237283156,0.214788,0.00,0.00
2025-12-03T11:49:46.227Z,33.67601237283156,33.712711934404844,33.7495,33.7495,现货价格,33.7495,V3 池,33.67601237283156,0.217744,0.00,0.00
2025-12-03T11:49:46.238Z,33.67601237283156,33.712711934404844,33.7495,33.7495,现货价格,33.7495,V3 池,33.67601237283156,0.217744,0.00,0.00
2025-12-03T11:49:46.282Z,33.67601237283156,33.712711934404844,33.7495,33.7495,现货价格,33.7495,V3 池,33.67601237283156,0.217744,0.00,0.00
2025-12-03T11:49:46.283Z,33.67601237283156,33.712711934404844,33.7495,33.7495,现货价格,33.7495,V3 池,33.67601237283156,0.217744,0.00,0.00
2025-12-03T11:49:46.317Z,33.67601237283156,33.712711934404844,33.7495,33.7495,现货价格,33.7495,V3 池,33.67601237283156,0.217744,0.00,0.00
2025-12-03T11:49:46.350Z,33.67601237283156,33.712711934404844,33.7495,33.7495,现货价格,33.7495,V3 池,33.67601237283156,0.217744,0.00,0.00
2025-12-03T11:49:46.352Z,33.67601237283156,33.712711934404844,33.7495,33.7495,现货价格,33.7495,V3 池,33.67601237283156,0.217744,0.00,0.00
2025-12-03T11:49:51.229Z,33.67601237283156,33.712711934404844,33.7425,33.7425,现货价格,33.7425,V3 池,33.67601237283156,0.197044,0.00,0.00
2025-12-03T11:49:51.281Z,33.67601237283156,33.712711934404844,33.7425,33.7425,现货价格,33.7425,V3 池,33.67601237283156,0.197044,0.00,0.00
2025-12-03T11:49:51.318Z,33.67601237283156,33.712711934404844,33.7425,33.7425,现货价格,33.7425,V3 池,33.67601237283156,0.197044,0.00,0.00
2025-12-03T11:49:51.342Z,33.67601237283156,33.712711934404844,33.7425,33.7425,现货价格,33.7425,V3 池,33.67601237283156,0.197044,0.00,0.00
2025-12-03T11:49:51.347Z,33.67601237283156,33.712711934404844,33.7425,33.7425,现货价格,33.7425,V3 池,33.67601237283156,0.197044,0.00,0.00
2025-12-03T11:49:51.355Z,33.67601237283156,33.712711934404844,33.7425,33.7425,现货价格,33.7425,V3 池,33.67601237283156,0.197044,0.00,0.00
2025-12-03T11:49:51.392Z,33.67601237283156,33.712711934404844,33.7425,33.7425,现货价格,33.7425,V3 池,33.67601237283156,0.197044,0.00,0.00
2025-12-03T11:49:56.295Z,33.67601237283156,33.712711934404844,33.7425,33.7425,现货价格,33.7425,V3 池,33.67601237283156,0.197044,0.00,0.00
2025-12-03T11:49:56.334Z,33.67601237283156,33.712711934404844,33.7425,33.7425,现货价格,33.7425,V3 池,33.67601237283156,0.197044,0.00,0.00
2025-12-03T11:49:56.358Z,33.67601237283156,33.712711934404844,33.7425,33.7425,现货价格,33.7425,V3 池,33.67601237283156,0.197044,0.00,0.00
2025-12-03T11:49:56.364Z,33.67601237283156,33.712711934404844,33.7425,33.7425,现货价格,33.7425,V3 池,33.67601237283156,0.197044,0.00,0.00
2025-12-03T11:49:56.365Z,33.67601237283156,33.712711934404844,33.7425,33.7425,现货价格,33.7425,V3 池,33.67601237283156,0.197044,0.00,0.00
2025-12-03T11:49:56.404Z,33.67601237283156,33.712711934404844,33.7425,33.7425,现货价格,33.7425,V3 池,33.67601237283156,0.197044,0.00,0.00
2025-12-03T11:49:56.442Z,33.67601237283156,33.712711934404844,33.7425,33.7425,现货价格,33.7425,V3 池,33.67601237283156,0.197044,0.00,0.00
2025-12-03T11:50:01.264Z,33.67601237283156,33.712711934404844,33.7485,33.7485,现货价格,33.7485,V3 池,33.67601237283156,0.214788,0.00,0.00
2025-12-03T11:50:01.284Z,33.67601237283156,33.712711934404844,33.7485,33.7485,现货价格,33.7485,V3 池,33.67601237283156,0.214788,0.00,0.00
2025-12-03T11:50:01.294Z,33.67601237283156,33.712711934404844,33.7485,33.7485,现货价格,33.7485,V3 池,33.67601237283156,0.214788,0.00,0.00
2025-12-03T11:50:01.351Z,33.67601237283156,33.712711934404844,33.7485,33.7485,现货价格,33.7485,V3 池,33.67601237283156,0.214788,0.00,0.00
2025-12-03T11:50:01.383Z,33.67601237283156,33.712711934404844,33.7485,33.7485,现货价格,33.7485,V3 池,33.67601237283156,0.214788,0.00,0.00
2025-12-03T11:50:01.387Z,33.67601237283156,33.712711934404844,33.7485,33.7485,现货价格,33.7485,V3 池,33.67601237283156,0.214788,0.00,0.00
2025-12-03T11:50:01.434Z,33.67601237283156,33.712711934404844,33.7485,33.7485,现货价格,33.7485,V3 池,33.67601237283156,0.214788,0.00,0.00
2025-12-03T11:50:06.264Z,33.67601237283156,33.712711934404844,33.724,33.724,现货价格,33.724,V3 池,33.67601237283156,0.142295,0.00,0.00
2025-12-03T11:50:06.275Z,33.67601237283156,33.712711934404844,33.724,33.724,现货价格,33.724,V3 池,33.67601237283156,0.142295,0.00,0.00
2025-12-03T11:50:06.305Z,33.67601237283156,33.712711934404844,33.724,33.724,现货价格,33.724,V3 池,33.67601237283156,0.142295,0.00,0.00
2025-12-03T11:50:06.375Z,33.67601237283156,33.712711934404844,33.724,33.724,现货价格,33.724,V3 池,33.67601237283156,0.142295,0.00,0.00
2025-12-03T11:50:06.392Z,33.67601237283156,33.712711934404844,33.724,33.724,现货价格,33.724,V3 池,33.67601237283156,0.142295,0.00,0.00
2025-12-03T11:50:06.410Z,33.67601237283156,33.712711934404844,33.724,33.724,现货价格,33.724,V3 池,33.67601237283156,0.142295,0.00,0.00
2025-12-03T11:50:06.474Z,33.67601237283156,33.712711934404844,33.724,33.724,现货价格,33.724,V3 池,33.67601237283156,0.142295,0.00,0.00
2025-12-03T11:50:11.247Z,33.67601237283156,33.712711934404844,33.7305,33.7305,现货价格,33.7305,V3 池,33.67601237283156,0.161538,0.00,0.00
2025-12-03T11:50:11.296Z,33.67601237283156,33.712711934404844,33.7305,33.7305,现货价格,33.7305,V3 池,33.67601237283156,0.161538,0.00,0.00
2025-12-03T11:50:11.372Z,33.67601237283156,33.712711934404844,33.7305,33.7305,现货价格,33.7305,V3 池,33.67601237283156,0.161538,0.00,0.00
2025-12-03T11:50:11.373Z,33.67601237283156,33.712711934404844,33.7305,33.7305,现货价格,33.7305,V3 池,33.67601237283156,0.161538,0.00,0.00
2025-12-03T11:50:11.381Z,33.67601237283156,33.712711934404844,33.7305,33.7305,现货价格,33.7305,V3 池,33.67601237283156,0.161538,0.00,0.00
2025-12-03T11:50:11.402Z,33.67601237283156,33.712711934404844,33.7305,33.7305,现货价格,33.7305,V3 池,33.67601237283156,0.161538,0.00,0.00
2025-12-03T11:50:11.560Z,33.67601237283156,33.712711934404844,33.7305,33.7305,现货价格,33.7305,V3 池,33.67601237283156,0.161538,0.00,0.00
2025-12-03T11:50:16.454Z,33.67601237283156,33.712711934404844,33.7275,33.7275,现货价格,33.7275,V3 池,33.67601237283156,0.152658,0.00,0.00
2025-12-03T11:50:16.485Z,33.67601237283156,33.712711934404844,33.7275,33.7275,现货价格,33.7275,V3 池,33.67601237283156,0.152658,0.00,0.00
2025-12-03T11:50:16.526Z,33.67601237283156,33.712711934404844,33.7275,33.7275,现货价格,33.7275,V3 池,33.67601237283156,0.152658,0.00,0.00
2025-12-03T11:50:16.621Z,33.67601237283156,33.712711934404844,33.7275,33.7275,现货价格,33.7275,V3 池,33.67601237283156,0.152658,0.00,0.00
2025-12-03T11:50:16.625Z,33.67601237283156,33.712711934404844,33.7275,33.7275,现货价格,33.7275,V3 池,33.67601237283156,0.152658,0.00,0.00
2025-12-03T11:50:16.640Z,33.67601237283156,33.712711934404844,33.7275,33.7275,现货价格,33.7275,V3 池,33.67601237283156,0.152658,0.00,0.00
2025-12-03T11:50:16.770Z,33.67601237283156,33.712711934404844,33.7275,33.7275,现货价格,33.7275,V3 池,33.67601237283156,0.152658,0.00,0.00
2025-12-03T11:50:21.415Z,33.67601237283156,33.712711934404844,33.731,33.731,现货价格,33.731,V3 池,33.67601237283156,0.163018,0.00,0.00
2025-12-03T11:50:21.447Z,33.67601237283156,33.712711934404844,33.7295,33.7295,现货价格,33.7295,V3 池,33.67601237283156,0.158578,0.00,0.00
2025-12-03T11:50:21.497Z,33.67601237283156,33.712711934404844,33.731,33.731,现货价格,33.731,V3 池,33.67601237283156,0.163018,0.00,0.00
2025-12-03T11:50:21.683Z,33.67601237283156,33.712711934404844,33.7295,33.7295,现货价格,33.7295,V3 池,33.67601237283156,0.158578,0.00,0.00
2025-12-03T11:50:21.748Z,33.67601237283156,33.712711934404844,33.731,33.731,现货价格,33.731,V3 池,33.67601237283156,0.163018,0.00,0.00
2025-12-03T11:50:21.840Z,33.67601237283156,33.712711934404844,33.7295,33.7295,现货价格,33.7295,V3 池,33.67601237283156,0.158578,0.00,0.00
2025-12-03T11:50:23.274Z,33.67601237283156,33.712711934404844,33.7295,33.7295,现货价格,33.7295,V3 池,33.67601237283156,0.158578,0.00,0.00
2025-12-03T11:50:26.354Z,33.67601237283156,33.712711934404844,33.7165,33.7165,现货价格,33.7165,V3 池,33.67601237283156,0.120083,0.00,0.00
2025-12-03T11:50:26.374Z,33.67601237283156,33.712711934404844,33.7165,33.7165,现货价格,33.7165,V3 池,33.67601237283156,0.120083,0.00,0.00
2025-12-03T11:50:26.522Z,33.67601237283156,33.712711934404844,33.7165,33.7165,现货价格,33.7165,V3 池,33.67601237283156,0.120083,0.00,0.00
2025-12-03T11:50:26.523Z,33.67601237283156,33.712711934404844,33.7165,33.7165,现货价格,33.7165,V3 池,33.67601237283156,0.120083,0.00,0.00
2025-12-03T11:50:26.580Z,33.67601237283156,33.712711934404844,33.7165,33.7165,现货价格,33.7165,V3 池,33.67601237283156,0.120083,0.00,0.00
2025-12-03T11:50:26.659Z,33.67601237283156,33.712711934404844,33.7165,33.7165,现货价格,33.7165,V3 池,33.67601237283156,0.120083,0.00,0.00
2025-12-03T11:50:26.827Z,33.67601237283156,33.712711934404844,33.7165,33.7165,现货价格,33.7165,V3 池,33.67601237283156,0.120083,0.00,0.00
2025-12-03T11:50:31.404Z,33.67601237283156,33.712711934404844,33.7175,33.7175,现货价格,33.7175,V3 池,33.67601237283156,0.123045,0.00,0.00
2025-12-03T11:50:31.435Z,33.67601237283156,33.712711934404844,33.7175,33.7175,现货价格,33.7175,V3 池,33.67601237283156,0.123045,0.00,0.00
2025-12-03T11:50:31.468Z,33.67601237283156,33.712711934404844,33.7175,33.7175,现货价格,33.7175,V3 池,33.67601237283156,0.123045,0.00,0.00
2025-12-03T11:50:31.477Z,33.67601237283156,33.712711934404844,33.7175,33.7175,现货价格,33.7175,V3 池,33.67601237283156,0.123045,0.00,0.00
2025-12-03T11:50:31.479Z,33.67601237283156,33.712711934404844,33.7175,33.7175,现货价格,33.7175,V3 池,33.67601237283156,0.123045,0.00,0.00
2025-12-03T11:50:31.526Z,33.67601237283156,33.712711934404844,33.7175,33.7175,现货价格,33.7175,V3 池,33.67601237283156,0.123045,0.00,0.00
2025-12-03T11:50:31.929Z,33.67601237283156,33.712711934404844,33.7175,33.7175,现货价格,33.7175,V3 池,33.67601237283156,0.123045,0.00,0.00
2025-12-03T11:50:36.391Z,33.67601237283156,33.712711934404844,33.7175,33.7175,现货价格,33.7175,V3 池,33.67601237283156,0.123045,0.00,0.00
2025-12-03T11:50:36.392Z,33.67601237283156,33.712711934404844,33.7175,33.7175,现货价格,33.7175,V3 池,33.67601237283156,0.123045,0.00,0.00
2025-12-03T11:50:36.422Z,33.67601237283156,33.712711934404844,33.7175,33.7175,现货价格,33.7175,V3 池,33.67601237283156,0.123045,0.00,0.00
2025-12-03T11:50:36.539Z,33.67601237283156,33.712711934404844,33.7175,33.7175,现货价格,33.7175,V3 池,33.67601237283156,0.123045,0.00,0.00
2025-12-03T11:50:36.545Z,33.67601237283156,33.712711934404844,33.7175,33.7175,现货价格,33.7175,V3 池,33.67601237283156,0.123045,0.00,0.00
2025-12-03T11:50:36.546Z,33.67601237283156,33.712711934404844,33.7175,33.7175,现货价格,33.7175,V3 池,33.67601237283156,0.123045,0.00,0.00
2025-12-03T11:50:37.125Z,33.67601237283156,33.712711934404844,33.7175,33.7175,现货价格,33.7175,V3 池,33.67601237283156,0.123045,0.00,0.00
2025-12-03T11:50:41.408Z,33.67601237283156,33.712711934404844,33.7345,33.7345,现货价格,33.7345,V3 池,33.67601237283156,0.173376,0.00,0.00
2025-12-03T11:50:41.501Z,33.67601237283156,33.712711934404844,33.7345,33.7345,现货价格,33.7345,V3 池,33.67601237283156,0.173376,0.00,0.00
2025-12-03T11:50:41.610Z,33.67601237283156,33.712711934404844,33.7345,33.7345,现货价格,33.7345,V3 池,33.67601237283156,0.173376,0.00,0.00
2025-12-03T11:50:41.683Z,33.67601237283156,33.712711934404844,33.7345,33.7345,现货价格,33.7345,V3 池,33.67601237283156,0.173376,0.00,0.00
2025-12-03T11:50:41.817Z,33.67601237283156,33.712711934404844,33.7345,33.7345,现货价格,33.7345,V3 池,33.67601237283156,0.173376,0.00,0.00
2025-12-03T11:50:41.839Z,33.67601237283156,33.712711934404844,33.7345,33.7345,现货价格,33.7345,V3 池,33.67601237283156,0.173376,0.00,0.00
2025-12-03T11:50:42.150Z,33.67601237283156,33.712711934404844,33.7345,33.7345,现货价格,33.7345,V3 池,33.67601237283156,0.173376,0.00,0.00
2025-12-03T11:50:46.347Z,33.67601237283156,33.712711934404844,33.7345,33.7345,现货价格,33.7345,V3 池,33.67601237283156,0.173376,0.00,0.00
2025-12-03T11:50:46.407Z,33.67601237283156,33.712711934404844,33.7345,33.7345,现货价格,33.7345,V3 池,33.67601237283156,0.173376,0.00,0.00
2025-12-03T11:50:46.460Z,33.67601237283156,33.712711934404844,33.7345,33.7345,现货价格,33.7345,V3 池,33.67601237283156,0.173376,0.00,0.00
2025-12-03T11:50:46.546Z,33.67601237283156,33.712711934404844,33.7345,33.7345,现货价格,33.7345,V3 池,33.67601237283156,0.173376,0.00,0.00
2025-12-03T11:50:46.639Z,33.67601237283156,33.712711934404844,33.7345,33.7345,现货价格,33.7345,V3 池,33.67601237283156,0.173376,0.00,0.00
2025-12-03T11:50:46.701Z,33.67601237283156,33.712711934404844,33.7345,33.7345,现货价格,33.7345,V3 池,33.67601237283156,0.173376,0.00,0.00
2025-12-03T11:50:46.861Z,33.67601237283156,33.712711934404844,33.7345,33.7345,现货价格,33.7345,V3 池,33.67601237283156,0.173376,0.00,0.00
2025-12-03T11:50:51.365Z,33.67601237283156,33.712711934404844,33.7355,33.7355,现货价格,33.7355,V3 池,33.67601237283156,0.176335,0.00,0.00
2025-12-03T11:50:51.452Z,33.67601237283156,33.712711934404844,33.7355,33.7355,现货价格,33.7355,V3 池,33.67601237283156,0.176335,0.00,0.00
2025-12-03T11:50:51.459Z,33.67601237283156,33.712711934404844,33.7355,33.7355,现货价格,33.7355,V3 池,33.67601237283156,0.176335,0.00,0.00
2025-12-03T11:50:51.480Z,33.67601237283156,33.712711934404844,33.7355,33.7355,现货价格,33.7355,V3 池,33.67601237283156,0.176335,0.00,0.00
2025-12-03T11:50:51.513Z,33.67601237283156,33.712711934404844,33.7355,33.7355,现货价格,33.7355,V3 池,33.67601237283156,0.176335,0.00,0.00
2025-12-03T11:50:51.698Z,33.67601237283156,33.712711934404844,33.7355,33.7355,现货价格,33.7355,V3 池,33.67601237283156,0.176335,0.00,0.00
2025-12-03T11:50:51.791Z,33.67601237283156,33.712711934404844,33.7355,33.7355,现货价格,33.7355,V3 池,33.67601237283156,0.176335,0.00,0.00
2025-12-03T11:50:56.308Z,33.67601237283156,33.712711934404844,33.743,33.743,现货价格,33.743,V3 池,33.67601237283156,0.198523,0.00,0.00
2025-12-03T11:50:56.392Z,33.67601237283156,33.712711934404844,33.743,33.743,现货价格,33.743,V3 池,33.67601237283156,0.198523,0.00,0.00
2025-12-03T11:50:56.398Z,33.67601237283156,33.712711934404844,33.743,33.743,现货价格,33.743,V3 池,33.67601237283156,0.198523,0.00,0.00
2025-12-03T11:50:56.412Z,33.67601237283156,33.712711934404844,33.743,33.743,现货价格,33.743,V3 池,33.67601237283156,0.198523,0.00,0.00
2025-12-03T11:50:56.451Z,33.67601237283156,33.712711934404844,33.743,33.743,现货价格,33.743,V3 池,33.67601237283156,0.198523,0.00,0.00
2025-12-03T11:50:56.555Z,33.67601237283156,33.712711934404844,33.743,33.743,现货价格,33.743,V3 池,33.67601237283156,0.198523,0.00,0.00
2025-12-03T11:50:56.726Z,33.67601237283156,33.712711934404844,33.743,33.743,现货价格,33.743,V3 池,33.67601237283156,0.198523,0.00,0.00
2025-12-03T11:51:01.346Z,33.67601237283156,33.712711934404844,33.742,33.742,现货价格,33.742,V3 池,33.67601237283156,0.195565,0.00,0.00
2025-12-03T11:51:01.394Z,33.67601237283156,33.712711934404844,33.742,33.742,现货价格,33.742,V3 池,33.67601237283156,0.195565,0.00,0.00
2025-12-03T11:51:01.426Z,33.67601237283156,33.712711934404844,33.742,33.742,现货价格,33.742,V3 池,33.67601237283156,0.195565,0.00,0.00
2025-12-03T11:51:01.434Z,33.67601237283156,33.712711934404844,33.742,33.742,现货价格,33.742,V3 池,33.67601237283156,0.195565,0.00,0.00
2025-12-03T11:51:01.454Z,33.67601237283156,33.712711934404844,33.742,33.742,现货价格,33.742,V3 池,33.67601237283156,0.195565,0.00,0.00
2025-12-03T11:51:01.597Z,33.67601237283156,33.712711934404844,33.742,33.742,现货价格,33.742,V3 池,33.67601237283156,0.195565,0.00,0.00
2025-12-03T11:51:01.669Z,33.67601237283156,33.712711934404844,33.742,33.742,现货价格,33.742,V3 池,33.67601237283156,0.195565,0.00,0.00
2025-12-03T11:51:06.221Z,33.67601237283156,33.712711934404844,33.7285,33.7285,现货价格,33.7285,V3 池,33.67601237283156,0.155618,0.00,0.00
2025-12-03T11:51:06.228Z,33.67601237283156,33.712711934404844,33.7285,33.7285,现货价格,33.7285,V3 池,33.67601237283156,0.155618,0.00,0.00
2025-12-03T11:51:06.290Z,33.67601237283156,33.712711934404844,33.7285,33.7285,现货价格,33.7285,V3 池,33.67601237283156,0.155618,0.00,0.00
2025-12-03T11:51:06.356Z,33.67601237283156,33.712711934404844,33.7285,33.7285,现货价格,33.7285,V3 池,33.67601237283156,0.155618,0.00,0.00
2025-12-03T11:51:06.372Z,33.67601237283156,33.712711934404844,33.7285,33.7285,现货价格,33.7285,V3 池,33.67601237283156,0.155618,0.00,0.00
2025-12-03T11:51:06.382Z,33.67601237283156,33.712711934404844,33.7285,33.7285,现货价格,33.7285,V3 池,33.67601237283156,0.155618,0.00,0.00
2025-12-03T11:51:06.802Z,33.67601237283156,33.712711934404844,33.7285,33.7285,现货价格,33.7285,V3 池,33.67601237283156,0.155618,0.00,0.00
2025-12-03T11:51:11.227Z,33.67601237283156,33.712711934404844,33.7375,33.7375,现货价格,33.7375,V3 池,33.67601237283156,0.182253,0.00,0.00
2025-12-03T11:51:11.235Z,33.67601237283156,33.712711934404844,33.7375,33.7375,现货价格,33.7375,V3 池,33.67601237283156,0.182253,0.00,0.00
2025-12-03T11:51:11.290Z,33.67601237283156,33.712711934404844,33.7375,33.7375,现货价格,33.7375,V3 池,33.67601237283156,0.182253,0.00,0.00
2025-12-03T11:51:11.322Z,33.67601237283156,33.712711934404844,33.7375,33.7375,现货价格,33.7375,V3 池,33.67601237283156,0.182253,0.00,0.00
2025-12-03T11:51:11.324Z,33.67601237283156,33.712711934404844,33.7375,33.7375,现货价格,33.7375,V3 池,33.67601237283156,0.182253,0.00,0.00
2025-12-03T11:51:11.376Z,33.67601237283156,33.712711934404844,33.7375,33.7375,现货价格,33.7375,V3 池,33.67601237283156,0.182253,0.00,0.00
2025-12-03T11:51:11.411Z,33.67601237283156,33.712711934404844,33.7375,33.7375,现货价格,33.7375,V3 池,33.67601237283156,0.182253,0.00,0.00
2025-12-03T11:51:16.293Z,33.67601237283156,33.712711934404844,33.7455,33.7455,现货价格,33.7455,V3 池,33.67601237283156,0.205917,0.00,0.00
2025-12-03T11:51:16.309Z,33.67601237283156,33.712711934404844,33.7465,33.7465,现货价格,33.7465,V3 池,33.67601237283156,0.208874,0.00,0.00
2025-12-03T11:51:16.332Z,33.67601237283156,33.712711934404844,33.7465,33.7465,现货价格,33.7465,V3 池,33.67601237283156,0.208874,0.00,0.00
2025-12-03T11:51:16.332Z,33.67601237283156,33.712711934404844,33.7465,33.7465,现货价格,33.7465,V3 池,33.67601237283156,0.208874,0.00,0.00
2025-12-03T11:51:16.395Z,33.67601237283156,33.712711934404844,33.7455,33.7455,现货价格,33.7455,V3 池,33.67601237283156,0.205917,0.00,0.00
2025-12-03T11:51:16.415Z,33.67601237283156,33.712711934404844,33.7455,33.7455,现货价格,33.7455,V3 池,33.67601237283156,0.205917,0.00,0.00
2025-12-03T11:51:16.425Z,33.67601237283156,33.712711934404844,33.7465,33.7465,现货价格,33.7465,V3 池,33.67601237283156,0.208874,0.00,0.00
2025-12-03T11:51:21.243Z,33.67601237283156,33.712711934404844,33.7485,33.7485,现货价格,33.7485,V3 池,33.67601237283156,0.214788,0.00,0.00
2025-12-03T11:51:21.285Z,33.67601237283156,33.712711934404844,33.7485,33.7485,现货价格,33.7485,V3 池,33.67601237283156,0.214788,0.00,0.00
2025-12-03T11:51:21.328Z,33.67601237283156,33.712711934404844,33.7485,33.7485,现货价格,33.7485,V3 池,33.67601237283156,0.214788,0.00,0.00
2025-12-03T11:51:21.330Z,33.67601237283156,33.712711934404844,33.7485,33.7485,现货价格,33.7485,V3 池,33.67601237283156,0.214788,0.00,0.00
2025-12-03T11:51:21.346Z,33.67601237283156,33.712711934404844,33.7485,33.7485,现货价格,33.7485,V3 池,33.67601237283156,0.214788,0.00,0.00
2025-12-03T11:51:21.395Z,33.67601237283156,33.712711934404844,33.7485,33.7485,现货价格,33.7485,V3 池,33.67601237283156,0.214788,0.00,0.00
2025-12-03T11:51:21.406Z,33.67601237283156,33.712711934404844,33.7485,33.7485,现货价格,33.7485,V3 池,33.67601237283156,0.214788,0.00,0.00
2025-12-03T11:51:26.245Z,33.67601237283156,33.712711934404844,33.7495,33.7495,现货价格,33.7495,V3 池,33.67601237283156,0.217744,0.00,0.00
2025-12-03T11:51:26.315Z,33.67601237283156,33.712711934404844,33.7495,33.7495,现货价格,33.7495,V3 池,33.67601237283156,0.217744,0.00,0.00
2025-12-03T11:51:26.335Z,33.67601237283156,33.712711934404844,33.7495,33.7495,现货价格,33.7495,V3 池,33.67601237283156,0.217744,0.00,0.00
2025-12-03T11:51:26.344Z,33.67601237283156,33.712711934404844,33.7495,33.7495,现货价格,33.7495,V3 池,33.67601237283156,0.217744,0.00,0.00
2025-12-03T11:51:26.383Z,33.67601237283156,33.712711934404844,33.7495,33.7495,现货价格,33.7495,V3 池,33.67601237283156,0.217744,0.00,0.00
2025-12-03T11:51:26.393Z,33.67601237283156,33.712711934404844,33.7495,33.7495,现货价格,33.7495,V3 池,33.67601237283156,0.217744,0.00,0.00
2025-12-03T11:51:26.398Z,33.67601237283156,33.712711934404844,33.7495,33.7495,现货价格,33.7495,V3 池,33.67601237283156,0.217744,0.00,0.00
2025-12-03T11:51:31.231Z,33.67601237283156,33.712711934404844,33.748,33.748,现货价格,33.748,V3 池,33.67601237283156,0.213309,0.00,0.00
2025-12-03T11:51:31.259Z,33.67601237283156,33.712711934404844,33.748,33.748,现货价格,33.748,V3 池,33.67601237283156,0.213309,0.00,0.00
2025-12-03T11:51:31.260Z,33.67601237283156,33.712711934404844,33.748,33.748,现货价格,33.748,V3 池,33.67601237283156,0.213309,0.00,0.00
2025-12-03T11:51:31.308Z,33.67601237283156,33.712711934404844,33.748,33.748,现货价格,33.748,V3 池,33.67601237283156,0.213309,0.00,0.00
2025-12-03T11:51:31.346Z,33.67601237283156,33.712711934404844,33.748,33.748,现货价格,33.748,V3 池,33.67601237283156,0.213309,0.00,0.00
2025-12-03T11:51:31.360Z,33.67601237283156,33.712711934404844,33.748,33.748,现货价格,33.748,V3 池,33.67601237283156,0.213309,0.00,0.00
2025-12-03T11:51:31.378Z,33.67601237283156,33.712711934404844,33.748,33.748,现货价格,33.748,V3 池,33.67601237283156,0.213309,0.00,0.00
2025-12-03T11:51:36.277Z,33.67601237283156,33.712711934404844,33.741,33.741,现货价格,33.741,V3 池,33.67601237283156,0.192607,0.00,0.00
2025-12-03T11:51:36.329Z,33.67601237283156,33.712711934404844,33.741,33.741,现货价格,33.741,V3 池,33.67601237283156,0.192607,0.00,0.00
2025-12-03T11:51:36.352Z,33.67601237283156,33.712711934404844,33.741,33.741,现货价格,33.741,V3 池,33.67601237283156,0.192607,0.00,0.00
2025-12-03T11:51:36.367Z,33.67601237283156,33.712711934404844,33.741,33.741,现货价格,33.741,V3 池,33.67601237283156,0.192607,0.00,0.00
2025-12-03T11:51:36.368Z,33.67601237283156,33.712711934404844,33.741,33.741,现货价格,33.741,V3 池,33.67601237283156,0.192607,0.00,0.00
2025-12-03T11:51:36.374Z,33.67601237283156,33.712711934404844,33.741,33.741,现货价格,33.741,V3 池,33.67601237283156,0.192607,0.00,0.00
2025-12-03T11:51:36.405Z,33.67601237283156,33.712711934404844,33.741,33.741,现货价格,33.741,V3 池,33.67601237283156,0.192607,0.00,0.00
2025-12-03T11:51:41.237Z,33.67601237283156,33.712711934404844,33.746,33.746,现货价格,33.746,V3 池,33.67601237283156,0.207395,0.00,0.00
2025-12-03T11:51:41.251Z,33.67601237283156,33.712711934404844,33.746,33.746,现货价格,33.746,V3 池,33.67601237283156,0.207395,0.00,0.00
2025-12-03T11:51:41.284Z,33.67601237283156,33.712711934404844,33.746,33.746,现货价格,33.746,V3 池,33.67601237283156,0.207395,0.00,0.00
2025-12-03T11:51:41.291Z,33.67601237283156,33.712711934404844,33.746,33.746,现货价格,33.746,V3 池,33.67601237283156,0.207395,0.00,0.00
2025-12-03T11:51:41.297Z,33.67601237283156,33.712711934404844,33.746,33.746,现货价格,33.746,V3 池,33.67601237283156,0.207395,0.00,0.00
2025-12-03T11:51:41.326Z,33.67601237283156,33.712711934404844,33.746,33.746,现货价格,33.746,V3 池,33.67601237283156,0.207395,0.00,0.00
2025-12-03T11:51:41.329Z,33.67601237283156,33.712711934404844,33.746,33.746,现货价格,33.746,V3 池,33.67601237283156,0.207395,0.00,0.00
2025-12-03T11:51:46.271Z,33.67601237283156,33.712711934404844,33.7465,33.7465,现货价格,33.7465,V3 池,33.67601237283156,0.208874,0.00,0.00
2025-12-03T11:51:46.294Z,33.67601237283156,33.712711934404844,33.7465,33.7465,现货价格,33.7465,V3 池,33.67601237283156,0.208874,0.00,0.00
2025-12-03T11:51:46.307Z,33.67601237283156,33.712711934404844,33.7465,33.7465,现货价格,33.7465,V3 池,33.67601237283156,0.208874,0.00,0.00
2025-12-03T11:51:46.316Z,33.67601237283156,33.712711934404844,33.7465,33.7465,现货价格,33.7465,V3 池,33.67601237283156,0.208874,0.00,0.00
2025-12-03T11:51:46.317Z,33.67601237283156,33.712711934404844,33.7465,33.7465,现货价格,33.7465,V3 池,33.67601237283156,0.208874,0.00,0.00
2025-12-03T11:51:46.445Z,33.67601237283156,33.712711934404844,33.7465,33.7465,现货价格,33.7465,V3 池,33.67601237283156,0.208874,0.00,0.00
2025-12-03T11:51:46.592Z,33.67601237283156,33.712711934404844,33.7465,33.7465,现货价格,33.7465,V3 池,33.67601237283156,0.208874,0.00,0.00
2025-12-03T11:51:51.226Z,33.67601237283156,33.712711934404844,33.7495,33.7495,现货价格,33.7495,V3 池,33.67601237283156,0.217744,0.00,0.00
2025-12-03T11:51:51.242Z,33.67601237283156,33.712711934404844,33.7495,33.7495,现货价格,33.7495,V3 池,33.67601237283156,0.217744,0.00,0.00
2025-12-03T11:51:51.310Z,33.67601237283156,33.712711934404844,33.7495,33.7495,现货价格,33.7495,V3 池,33.67601237283156,0.217744,0.00,0.00
2025-12-03T11:51:51.310Z,33.67601237283156,33.712711934404844,33.7495,33.7495,现货价格,33.7495,V3 池,33.67601237283156,0.217744,0.00,0.00
2025-12-03T11:51:51.314Z,33.67601237283156,33.712711934404844,33.7495,33.7495,现货价格,33.7495,V3 池,33.67601237283156,0.217744,0.00,0.00
2025-12-03T11:51:51.341Z,33.67601237283156,33.712711934404844,33.7495,33.7495,现货价格,33.7495,V3 池,33.67601237283156,0.217744,0.00,0.00
2025-12-03T11:51:51.373Z,33.67601237283156,33.712711934404844,33.7495,33.7495,现货价格,33.7495,V3 池,33.67601237283156,0.217744,0.00,0.00
2025-12-03T11:51:56.103Z,33.67944111060298,33.712711934404844,33.7495,33.7495,现货价格,33.7495,V3 池,33.67944111060298,0.207585,0.00,0.00
2025-12-03T11:51:56.140Z,33.67944111060298,33.712711934404844,33.7495,33.7495,现货价格,33.7495,V3 池,33.67944111060298,0.207585,0.00,0.00
2025-12-03T11:51:56.180Z,33.67944111060298,33.712711934404844,33.7495,33.7495,现货价格,33.7495,V3 池,33.67944111060298,0.207585,0.00,0.00
2025-12-03T11:51:56.191Z,33.67944111060298,33.712711934404844,33.7495,33.7495,现货价格,33.7495,V3 池,33.67944111060298,0.207585,0.00,0.00
2025-12-03T11:51:56.204Z,33.67944111060298,33.712711934404844,33.7495,33.7495,现货价格,33.7495,V3 池,33.67944111060298,0.207585,0.00,0.00
2025-12-03T11:51:56.233Z,33.67944111060298,33.712711934404844,33.7495,33.7495,现货价格,33.7495,V3 池,33.67944111060298,0.207585,0.00,0.00
2025-12-03T11:51:56.266Z,33.67944111060298,33.712711934404844,33.7495,33.7495,现货价格,33.7495,V3 池,33.67944111060298,0.207585,0.00,0.00
2025-12-03T11:51:56.337Z,33.67944111060298,33.712711934404844,33.7495,33.7495,现货价格,33.7495,V3 池,33.67944111060298,0.207585,0.00,0.00
2025-12-03T11:51:56.351Z,33.67944111060298,33.712711934404844,33.7495,33.7495,现货价格,33.7495,V3 池,33.67944111060298,0.207585,0.00,0.00
2025-12-03T11:51:56.392Z,33.67944111060298,33.712711934404844,33.7495,33.7495,现货价格,33.7495,V3 池,33.67944111060298,0.207585,0.00,0.00
2025-12-03T11:51:56.414Z,33.67944111060298,33.712711934404844,33.7495,33.7495,现货价格,33.7495,V3 池,33.67944111060298,0.207585,0.00,0.00
2025-12-03T11:51:56.420Z,33.67944111060298,33.712711934404844,33.7495,33.7495,现货价格,33.7495,V3 池,33.67944111060298,0.207585,0.00,0.00
2025-12-03T11:51:56.447Z,33.67944111060298,33.712711934404844,33.7495,33.7495,现货价格,33.7495,V3 池,33.67944111060298,0.207585,0.00,0.00
2025-12-03T11:51:56.470Z,33.67944111060298,33.712711934404844,33.7495,33.7495,现货价格,33.7495,V3 池,33.67944111060298,0.207585,0.00,0.00
2025-12-03T11:51:58.232Z,33.683370810586375,33.712711934404844,33.7495,33.7495,现货价格,33.7495,V3 池,33.683370810586375,0.195941,0.00,0.00
2025-12-03T11:51:58.263Z,33.683370810586375,33.712711934404844,33.7495,33.7495,现货价格,33.7495,V3 池,33.683370810586375,0.195941,0.00,0.00
2025-12-03T11:51:58.312Z,33.683370810586375,33.712711934404844,33.7495,33.7495,现货价格,33.7495,V3 池,33.683370810586375,0.195941,0.00,0.00
2025-12-03T11:51:58.408Z,33.683370810586375,33.712711934404844,33.7495,33.7495,现货价格,33.7495,V3 池,33.683370810586375,0.195941,0.00,0.00
2025-12-03T11:51:58.874Z,33.683370810586375,33.712711934404844,33.7495,33.7495,现货价格,33.7495,V3 池,33.683370810586375,0.195941,0.00,0.00
2025-12-03T11:51:58.994Z,33.683370810586375,33.712711934404844,33.7495,33.7495,现货价格,33.7495,V3 池,33.683370810586375,0.195941,0.00,0.00
2025-12-03T11:51:59.327Z,33.683370810586375,33.712711934404844,33.7495,33.7495,现货价格,33.7495,V3 池,33.683370810586375,0.195941,0.00,0.00
2025-12-03T11:52:01.310Z,33.683370810586375,33.712711934404844,33.7655,33.7655,现货价格,33.7655,V3 池,33.683370810586375,0.243234,0.00,0.00
2025-12-03T11:52:01.315Z,33.683370810586375,33.712711934404844,33.7655,33.7655,现货价格,33.7655,V3 池,33.683370810586375,0.243234,0.00,0.00
2025-12-03T11:52:01.352Z,33.683370810586375,33.712711934404844,33.7655,33.7655,现货价格,33.7655,V3 池,33.683370810586375,0.243234,0.00,0.00
2025-12-03T11:52:01.377Z,33.683370810586375,33.712711934404844,33.7655,33.7655,现货价格,33.7655,V3 池,33.683370810586375,0.243234,0.00,0.00
2025-12-03T11:52:01.451Z,33.683370810586375,33.712711934404844,33.7655,33.7655,现货价格,33.7655,V3 池,33.683370810586375,0.243234,0.00,0.00
2025-12-03T11:52:01.452Z,33.683370810586375,33.712711934404844,33.7655,33.7655,现货价格,33.7655,V3 池,33.683370810586375,0.243234,0.00,0.00
2025-12-03T11:52:01.499Z,33.683370810586375,33.712711934404844,33.7655,33.7655,现货价格,33.7655,V3 池,33.683370810586375,0.243234,0.00,0.00
2025-12-03T11:52:06.233Z,33.683370810586375,33.712711934404844,33.7635,33.7635,现货价格,33.7635,V3 池,33.683370810586375,0.237325,0.00,0.00
2025-12-03T11:52:06.262Z,33.683370810586375,33.712711934404844,33.7635,33.7635,现货价格,33.7635,V3 池,33.683370810586375,0.237325,0.00,0.00
2025-12-03T11:52:06.281Z,33.683370810586375,33.712711934404844,33.7635,33.7635,现货价格,33.7635,V3 池,33.683370810586375,0.237325,0.00,0.00
2025-12-03T11:52:06.287Z,33.683370810586375,33.712711934404844,33.7635,33.7635,现货价格,33.7635,V3 池,33.683370810586375,0.237325,0.00,0.00
2025-12-03T11:52:06.319Z,33.683370810586375,33.712711934404844,33.7635,33.7635,现货价格,33.7635,V3 池,33.683370810586375,0.237325,0.00,0.00
2025-12-03T11:52:06.365Z,33.683370810586375,33.712711934404844,33.7635,33.7635,现货价格,33.7635,V3 池,33.683370810586375,0.237325,0.00,0.00
2025-12-03T11:52:06.424Z,33.683370810586375,33.712711934404844,33.7635,33.7635,现货价格,33.7635,V3 池,33.683370810586375,0.237325,0.00,0.00
2025-12-03T11:52:11.236Z,33.683370810586375,33.712711934404844,33.7625,33.7625,现货价格,33.7625,V3 池,33.683370810586375,0.234370,0.00,0.00
2025-12-03T11:52:11.297Z,33.683370810586375,33.712711934404844,33.7625,33.7625,现货价格,33.7625,V3 池,33.683370810586375,0.234370,0.00,0.00
2025-12-03T11:52:11.342Z,33.683370810586375,33.712711934404844,33.7625,33.7625,现货价格,33.7625,V3 池,33.683370810586375,0.234370,0.00,0.00
2025-12-03T11:52:11.353Z,33.683370810586375,33.712711934404844,33.7625,33.7625,现货价格,33.7625,V3 池,33.683370810586375,0.234370,0.00,0.00
2025-12-03T11:52:11.433Z,33.683370810586375,33.712711934404844,33.7625,33.7625,现货价格,33.7625,V3 池,33.683370810586375,0.234370,0.00,0.00
2025-12-03T11:52:11.446Z,33.683370810586375,33.712711934404844,33.7625,33.7625,现货价格,33.7625,V3 池,33.683370810586375,0.234370,0.00,0.00
2025-12-03T11:52:11.458Z,33.683370810586375,33.712711934404844,33.7625,33.7625,现货价格,33.7625,V3 池,33.683370810586375,0.234370,0.00,0.00
2025-12-03T11:52:16.245Z,33.683370810586375,33.712711934404844,33.7655,33.7655,现货价格,33.7655,V3 池,33.683370810586375,0.243234,0.00,0.00
2025-12-03T11:52:16.247Z,33.683370810586375,33.712711934404844,33.7655,33.7655,现货价格,33.7655,V3 池,33.683370810586375,0.243234,0.00,0.00
2025-12-03T11:52:16.268Z,33.683370810586375,33.712711934404844,33.7655,33.7655,现货价格,33.7655,V3 池,33.683370810586375,0.243234,0.00,0.00
2025-12-03T11:52:16.305Z,33.683370810586375,33.712711934404844,33.7655,33.7655,现货价格,33.7655,V3 池,33.683370810586375,0.243234,0.00,0.00
2025-12-03T11:52:16.306Z,33.683370810586375,33.712711934404844,33.7655,33.7655,现货价格,33.7655,V3 池,33.683370810586375,0.243234,0.00,0.00
2025-12-03T11:52:16.326Z,33.683370810586375,33.712711934404844,33.7655,33.7655,现货价格,33.7655,V3 池,33.683370810586375,0.243234,0.00,0.00
2025-12-03T11:52:16.503Z,33.683370810586375,33.712711934404844,33.7655,33.7655,现货价格,33.7655,V3 池,33.683370810586375,0.243234,0.00,0.00
2025-12-03T11:52:21.261Z,33.683370810586375,33.712711934404844,33.7655,33.7655,现货价格,33.7655,V3 池,33.683370810586375,0.243234,0.00,0.00
2025-12-03T11:52:21.274Z,33.683370810586375,33.712711934404844,33.7655,33.7655,现货价格,33.7655,V3 池,33.683370810586375,0.243234,0.00,0.00
2025-12-03T11:52:21.299Z,33.683370810586375,33.712711934404844,33.7655,33.7655,现货价格,33.7655,V3 池,33.683370810586375,0.243234,0.00,0.00
2025-12-03T11:52:21.330Z,33.683370810586375,33.712711934404844,33.7655,33.7655,现货价格,33.7655,V3 池,33.683370810586375,0.243234,0.00,0.00
2025-12-03T11:52:21.339Z,33.683370810586375,33.712711934404844,33.7655,33.7655,现货价格,33.7655,V3 池,33.683370810586375,0.243234,0.00,0.00
2025-12-03T11:52:21.408Z,33.683370810586375,33.712711934404844,33.7655,33.7655,现货价格,33.7655,V3 池,33.683370810586375,0.243234,0.00,0.00
2025-12-03T11:52:21.567Z,33.683370810586375,33.712711934404844,33.7655,33.7655,现货价格,33.7655,V3 池,33.683370810586375,0.243234,0.00,0.00
2025-12-03T11:52:26.071Z,33.691452811445764,33.712711934404844,33.7655,33.7655,现货价格,33.7655,V3 池,33.691452811445764,0.219298,0.00,0.00
2025-12-03T11:52:26.098Z,33.691452811445764,33.712711934404844,33.7655,33.7655,现货价格,33.7655,V3 池,33.691452811445764,0.219298,0.00,0.00
2025-12-03T11:52:26.140Z,33.691452811445764,33.712711934404844,33.7655,33.7655,现货价格,33.7655,V3 池,33.691452811445764,0.219298,0.00,0.00
2025-12-03T11:52:26.170Z,33.691452811445764,33.712711934404844,33.7655,33.7655,现货价格,33.7655,V3 池,33.691452811445764,0.219298,0.00,0.00
2025-12-03T11:52:26.174Z,33.691452811445764,33.712711934404844,33.7655,33.7655,现货价格,33.7655,V3 池,33.691452811445764,0.219298,0.00,0.00
2025-12-03T11:52:26.207Z,33.691452811445764,33.712711934404844,33.7655,33.7655,现货价格,33.7655,V3 池,33.691452811445764,0.219298,0.00,0.00
2025-12-03T11:52:26.217Z,33.691452811445764,33.712711934404844,33.7655,33.7655,现货价格,33.7655,V3 池,33.691452811445764,0.219298,0.00,0.00
2025-12-03T11:52:26.253Z,33.691452811445764,33.712711934404844,33.7725,33.7725,现货价格,33.7725,V3 池,33.691452811445764,0.239980,0.00,0.00
2025-12-03T11:52:26.256Z,33.691452811445764,33.712711934404844,33.7725,33.7725,现货价格,33.7725,V3 池,33.691452811445764,0.239980,0.00,0.00
2025-12-03T11:52:26.290Z,33.691452811445764,33.712711934404844,33.7725,33.7725,现货价格,33.7725,V3 池,33.691452811445764,0.239980,0.00,0.00
2025-12-03T11:52:26.296Z,33.691452811445764,33.712711934404844,33.7725,33.7725,现货价格,33.7725,V3 池,33.691452811445764,0.239980,0.00,0.00
2025-12-03T11:52:26.411Z,33.691452811445764,33.712711934404844,33.7725,33.7725,现货价格,33.7725,V3 池,33.691452811445764,0.239980,0.00,0.00
2025-12-03T11:52:26.429Z,33.691452811445764,33.712711934404844,33.7725,33.7725,现货价格,33.7725,V3 池,33.691452811445764,0.239980,0.00,0.00
2025-12-03T11:52:26.553Z,33.691452811445764,33.712711934404844,33.7725,33.7725,现货价格,33.7725,V3 池,33.691452811445764,0.239980,0.00,0.00
2025-12-03T11:52:29.041Z,33.70042643952975,33.712711934404844,33.7725,33.7725,现货价格,33.7725,V3 池,33.70042643952975,0.213409,0.00,0.00
2025-12-03T11:52:29.264Z,33.70042643952975,33.712711934404844,33.7725,33.7725,现货价格,33.7725,V3 池,33.70042643952975,0.213409,0.00,0.00
2025-12-03T11:52:29.307Z,33.70042643952975,33.712711934404844,33.7725,33.7725,现货价格,33.7725,V3 池,33.70042643952975,0.213409,0.00,0.00
2025-12-03T11:52:29.378Z,33.70042643952975,33.712711934404844,33.7725,33.7725,现货价格,33.7725,V3 池,33.70042643952975,0.213409,0.00,0.00
2025-12-03T11:52:29.408Z,33.70042643952975,33.712711934404844,33.7725,33.7725,现货价格,33.7725,V3 池,33.70042643952975,0.213409,0.00,0.00
2025-12-03T11:52:29.695Z,33.70042643952975,33.712711934404844,33.7725,33.7725,现货价格,33.7725,V3 池,33.70042643952975,0.213409,0.00,0.00
2025-12-03T11:52:29.870Z,33.70042643952975,33.712711934404844,33.7725,33.7725,现货价格,33.7725,V3 池,33.70042643952975,0.213409,0.00,0.00
2025-12-03T11:52:31.330Z,33.70042643952975,33.712711934404844,33.7835,33.7835,现货价格,33.7835,V3 池,33.70042643952975,0.245900,0.00,0.00
2025-12-03T11:52:31.372Z,33.70042643952975,33.712711934404844,33.7835,33.7835,现货价格,33.7835,V3 池,33.70042643952975,0.245900,0.00,0.00
2025-12-03T11:52:31.390Z,33.70042643952975,33.712711934404844,33.7835,33.7835,现货价格,33.7835,V3 池,33.70042643952975,0.245900,0.00,0.00
2025-12-03T11:52:31.453Z,33.70042643952975,33.712711934404844,33.7835,33.7835,现货价格,33.7835,V3 池,33.70042643952975,0.245900,0.00,0.00
2025-12-03T11:52:31.455Z,33.70042643952975,33.712711934404844,33.7835,33.7835,现货价格,33.7835,V3 池,33.70042643952975,0.245900,0.00,0.00
2025-12-03T11:52:31.502Z,33.70042643952975,33.712711934404844,33.7835,33.7835,现货价格,33.7835,V3 池,33.70042643952975,0.245900,0.00,0.00
2025-12-03T11:52:31.515Z,33.70042643952975,33.712711934404844,33.7835,33.7835,现货价格,33.7835,V3 池,33.70042643952975,0.245900,0.00,0.00
2025-12-03T11:52:33.004Z,33.70735045254729,33.712711934404844,33.7835,33.7835,现货价格,33.7835,V3 池,33.70735045254729,0.225405,0.00,0.00
2025-12-03T11:52:33.022Z,33.70735045254729,33.712711934404844,33.7835,33.7835,现货价格,33.7835,V3 池,33.70735045254729,0.225405,0.00,0.00
2025-12-03T11:52:33.135Z,33.70735045254729,33.712711934404844,33.7835,33.7835,现货价格,33.7835,V3 池,33.70735045254729,0.225405,0.00,0.00
2025-12-03T11:52:33.138Z,33.70735045254729,33.712711934404844,33.7835,33.7835,现货价格,33.7835,V3 池,33.70735045254729,0.225405,0.00,0.00
2025-12-03T11:52:33.170Z,33.70735045254729,33.712711934404844,33.7835,33.7835,现货价格,33.7835,V3 池,33.70735045254729,0.225405,0.00,0.00
2025-12-03T11:52:33.251Z,33.70735045254729,33.712711934404844,33.7835,33.7835,现货价格,33.7835,V3 池,33.70735045254729,0.225405,0.00,0.00
2025-12-03T11:52:33.431Z,33.70735045254729,33.712711934404844,33.7835,33.7835,现货价格,33.7835,V3 池,33.70735045254729,0.225405,0.00,0.00
2025-12-03T11:52:36.083Z,33.71430997619297,33.712711934404844,33.7835,33.7835,现货价格,33.7835,V4 池,33.712711934404844,0.209534,0.00,0.00
2025-12-03T11:52:36.117Z,33.71430997619297,33.712711934404844,33.7835,33.7835,现货价格,33.7835,V4 池,33.712711934404844,0.209534,0.00,0.00
2025-12-03T11:52:36.124Z,33.71430997619297,33.712711934404844,33.7835,33.7835,现货价格,33.7835,V4 池,33.712711934404844,0.209534,0.00,0.00
2025-12-03T11:52:36.196Z,33.71430997619297,33.712711934404844,33.7835,33.7835,现货价格,33.7835,V4 池,33.712711934404844,0.209534,0.00,0.00
2025-12-03T11:52:36.199Z,33.71430997619297,33.712711934404844,33.7835,33.7835,现货价格,33.7835,V4 池,33.712711934404844,0.209534,0.00,0.00
2025-12-03T11:52:36.221Z,33.71430997619297,33.712711934404844,33.7835,33.7835,现货价格,33.7835,V4 池,33.712711934404844,0.209534,0.00,0.00
2025-12-03T11:52:36.241Z,33.71430997619297,33.712711934404844,33.7835,33.7835,现货价格,33.7835,V4 池,33.712711934404844,0.209534,0.00,0.00
2025-12-03T11:52:36.254Z,33.71430997619297,33.712711934404844,33.7975,33.7975,现货价格,33.7975,V4 池,33.712711934404844,0.250871,0.00,0.00
2025-12-03T11:52:36.269Z,33.71430997619297,33.712711934404844,33.7975,33.7975,现货价格,33.7975,V4 池,33.712711934404844,0.250871,0.00,0.00
2025-12-03T11:52:36.325Z,33.71430997619297,33.712711934404844,33.7975,33.7975,现货价格,33.7975,V4 池,33.712711934404844,0.250871,0.00,0.00
2025-12-03T11:52:36.325Z,33.71430997619297,33.712711934404844,33.7975,33.7975,现货价格,33.7975,V4 池,33.712711934404844,0.250871,0.00,0.00
2025-12-03T11:52:36.350Z,33.71430997619297,33.712711934404844,33.7975,33.7975,现货价格,33.7975,V4 池,33.712711934404844,0.250871,0.00,0.00
2025-12-03T11:52:36.370Z,33.71430997619297,33.712711934404844,33.7975,33.7975,现货价格,33.7975,V4 池,33.712711934404844,0.250871,0.00,0.00
2025-12-03T11:52:36.533Z,33.71430997619297,33.712711934404844,33.7975,33.7975,现货价格,33.7975,V4 池,33.712711934404844,0.250871,0.00,0.00
2025-12-03T11:52:36.983Z,33.71733759319699,33.712711934404844,33.7975,33.7975,现货价格,33.7975,V4 池,33.712711934404844,0.250871,0.00,0.00
2025-12-03T11:52:36.996Z,33.71733759319699,33.712711934404844,33.7975,33.7975,现货价格,33.7975,V4 池,33.712711934404844,0.250871,0.00,0.00
2025-12-03T11:52:37.005Z,33.71733759319699,33.712711934404844,33.7975,33.7975,现货价格,33.7975,V4 池,33.712711934404844,0.250871,0.00,0.00
2025-12-03T11:52:37.022Z,33.71733759319699,33.712711934404844,33.7975,33.7975,现货价格,33.7975,V4 池,33.712711934404844,0.250871,0.00,0.00
2025-12-03T11:52:37.038Z,33.71733759319699,33.712711934404844,33.7975,33.7975,现货价格,33.7975,V4 池,33.712711934404844,0.250871,0.00,0.00
2025-12-03T11:52:37.053Z,33.71733759319699,33.712711934404844,33.7975,33.7975,现货价格,33.7975,V4 池,33.712711934404844,0.250871,0.00,0.00
2025-12-03T11:52:37.101Z,33.71733759319699,33.712711934404844,33.7975,33.7975,现货价格,33.7975,V4 池,33.712711934404844,0.250871,0.00,0.00
2025-12-03T11:52:40.955Z,33.72331886851401,33.712711934404844,33.7975,33.7975,现货价格,33.7975,V4 池,33.712711934404844,0.250871,0.00,0.00
2025-12-03T11:52:40.960Z,33.72331886851401,33.712711934404844,33.7975,33.7975,现货价格,33.7975,V4 池,33.712711934404844,0.250871,0.00,0.00
2025-12-03T11:52:40.990Z,33.72331886851401,33.712711934404844,33.7975,33.7975,现货价格,33.7975,V4 池,33.712711934404844,0.250871,0.00,0.00
2025-12-03T11:52:41.023Z,33.72331886851401,33.712711934404844,33.7975,33.7975,现货价格,33.7975,V4 池,33.712711934404844,0.250871,0.00,0.00
2025-12-03T11:52:41.026Z,33.72331886851401,33.712711934404844,33.7975,33.7975,现货价格,33.7975,V4 池,33.712711934404844,0.250871,0.00,0.00
2025-12-03T11:52:41.040Z,33.72331886851401,33.712711934404844,33.7975,33.7975,现货价格,33.7975,V4 池,33.712711934404844,0.250871,0.00,0.00
2025-12-03T11:52:41.067Z,33.72331886851401,33.712711934404844,33.7975,33.7975,现货价格,33.7975,V4 池,33.712711934404844,0.250871,0.00,0.00
2025-12-03T11:52:41.237Z,33.72331886851401,33.712711934404844,33.814,33.814,现货价格,33.814,V4 池,33.712711934404844,0.299545,0.00,0.00
2025-12-03T11:52:41.254Z,33.72331886851401,33.712711934404844,33.814,33.814,现货价格,33.814,V4 池,33.712711934404844,0.299545,0.00,0.00
2025-12-03T11:52:41.311Z,33.72331886851401,33.712711934404844,33.814,33.814,现货价格,33.814,V4 池,33.712711934404844,0.299545,0.00,0.00
2025-12-03T11:52:41.385Z,33.72331886851401,33.712711934404844,33.814,33.814,现货价格,33.814,V4 池,33.712711934404844,0.299545,0.00,0.00
2025-12-03T11:52:41.412Z,33.72331886851401,33.712711934404844,33.814,33.814,现货价格,33.814,V4 池,33.712711934404844,0.299545,0.00,0.00
2025-12-03T11:52:41.437Z,33.72331886851401,33.712711934404844,33.814,33.814,现货价格,33.814,V4 池,33.712711934404844,0.299545,0.00,0.00
2025-12-03T11:52:41.467Z,33.72331886851401,33.712711934404844,33.814,33.814,现货价格,33.814,V4 池,33.712711934404844,0.299545,0.00,0.00
2025-12-03T11:52:46.252Z,33.72331886851401,33.712711934404844,33.814,33.814,现货价格,33.814,V4 池,33.712711934404844,0.299545,0.00,0.00
2025-12-03T11:52:46.262Z,33.72331886851401,33.712711934404844,33.814,33.814,现货价格,33.814,V4 池,33.712711934404844,0.299545,0.00,0.00
2025-12-03T11:52:46.275Z,33.72331886851401,33.712711934404844,33.814,33.814,现货价格,33.814,V4 池,33.712711934404844,0.299545,0.00,0.00
2025-12-03T11:52:46.280Z,33.72331886851401,33.712711934404844,33.814,33.814,现货价格,33.814,V4 池,33.712711934404844,0.299545,0.00,0.00
2025-12-03T11:52:46.317Z,33.72331886851401,33.712711934404844,33.814,33.814,现货价格,33.814,V4 池,33.712711934404844,0.299545,0.00,0.00
2025-12-03T11:52:46.325Z,33.72331886851401,33.712711934404844,33.814,33.814,现货价格,33.814,V4 池,33.712711934404844,0.299545,0.00,0.00
2025-12-03T11:52:46.327Z,33.72331886851401,33.712711934404844,33.814,33.814,现货价格,33.814,V4 池,33.712711934404844,0.299545,0.00,0.00
2025-12-03T11:52:51.226Z,33.72331886851401,33.712711934404844,33.8075,33.8075,现货价格,33.8075,V4 池,33.712711934404844,0.280376,0.00,0.00
2025-12-03T11:52:51.233Z,33.72331886851401,33.712711934404844,33.808,33.808,现货价格,33.808,V4 池,33.712711934404844,0.281851,0.00,0.00
2025-12-03T11:52:51.299Z,33.72331886851401,33.712711934404844,33.8075,33.8075,现货价格,33.8075,V4 池,33.712711934404844,0.280376,0.00,0.00
2025-12-03T11:52:51.322Z,33.72331886851401,33.712711934404844,33.8075,33.8075,现货价格,33.8075,V4 池,33.712711934404844,0.280376,0.00,0.00
2025-12-03T11:52:51.333Z,33.72331886851401,33.712711934404844,33.8075,33.8075,现货价格,33.8075,V4 池,33.712711934404844,0.280376,0.00,0.00
2025-12-03T11:52:51.356Z,33.72331886851401,33.712711934404844,33.808,33.808,现货价格,33.808,V4 池,33.712711934404844,0.281851,0.00,0.00
2025-12-03T11:52:51.374Z,33.72331886851401,33.712711934404844,33.808,33.808,现货价格,33.808,V4 池,33.712711934404844,0.281851,0.00,0.00
2025-12-03T11:52:56.270Z,33.72331886851401,33.712711934404844,33.808,33.808,现货价格,33.808,V4 池,33.712711934404844,0.281851,0.00,0.00
2025-12-03T11:52:56.302Z,33.72331886851401,33.712711934404844,33.808,33.808,现货价格,33.808,V4 池,33.712711934404844,0.281851,0.00,0.00
2025-12-03T11:52:56.409Z,33.72331886851401,33.712711934404844,33.808,33.808,现货价格,33.808,V4 池,33.712711934404844,0.281851,0.00,0.00
2025-12-03T11:52:56.452Z,33.72331886851401,33.712711934404844,33.808,33.808,现货价格,33.808,V4 池,33.712711934404844,0.281851,0.00,0.00
2025-12-03T11:52:56.507Z,33.72331886851401,33.712711934404844,33.808,33.808,现货价格,33.808,V4 池,33.712711934404844,0.281851,0.00,0.00
2025-12-03T11:52:56.541Z,33.72331886851401,33.712711934404844,33.808,33.808,现货价格,33.808,V4 池,33.712711934404844,0.281851,0.00,0.00
2025-12-03T11:52:56.567Z,33.72331886851401,33.712711934404844,33.808,33.808,现货价格,33.808,V4 池,33.712711934404844,0.281851,0.00,0.00
2025-12-03T11:53:01.298Z,33.72331886851401,33.712711934404844,33.804,33.804,现货价格,33.804,V4 池,33.712711934404844,0.270051,0.00,0.00
2025-12-03T11:53:01.409Z,33.72331886851401,33.712711934404844,33.804,33.804,现货价格,33.804,V4 池,33.712711934404844,0.270051,0.00,0.00
2025-12-03T11:53:01.450Z,33.72331886851401,33.712711934404844,33.804,33.804,现货价格,33.804,V4 池,33.712711934404844,0.270051,0.00,0.00
2025-12-03T11:53:01.452Z,33.72331886851401,33.712711934404844,33.804,33.804,现货价格,33.804,V4 池,33.712711934404844,0.270051,0.00,0.00
2025-12-03T11:53:01.453Z,33.72331886851401,33.712711934404844,33.804,33.804,现货价格,33.804,V4 池,33.712711934404844,0.270051,0.00,0.00
2025-12-03T11:53:01.460Z,33.72331886851401,33.712711934404844,33.804,33.804,现货价格,33.804,V4 池,33.712711934404844,0.270051,0.00,0.00
2025-12-03T11:53:01.521Z,33.72331886851401,33.712711934404844,33.804,33.804,现货价格,33.804,V4 池,33.712711934404844,0.270051,0.00,0.00
2025-12-03T11:53:06.309Z,33.72331886851401,33.712711934404844,33.7825,33.7825,现货价格,33.7825,V4 池,33.712711934404844,0.206581,0.00,0.00
2025-12-03T11:53:06.313Z,33.72331886851401,33.712711934404844,33.7825,33.7825,现货价格,33.7825,V4 池,33.712711934404844,0.206581,0.00,0.00
2025-12-03T11:53:06.317Z,33.72331886851401,33.712711934404844,33.7825,33.7825,现货价格,33.7825,V4 池,33.712711934404844,0.206581,0.00,0.00
2025-12-03T11:53:06.375Z,33.72331886851401,33.712711934404844,33.7825,33.7825,现货价格,33.7825,V4 池,33.712711934404844,0.206581,0.00,0.00
2025-12-03T11:53:06.457Z,33.72331886851401,33.712711934404844,33.7825,33.7825,现货价格,33.7825,V4 池,33.712711934404844,0.206581,0.00,0.00
2025-12-03T11:53:06.483Z,33.72331886851401,33.712711934404844,33.7825,33.7825,现货价格,33.7825,V4 池,33.712711934404844,0.206581,0.00,0.00
2025-12-03T11:53:06.528Z,33.72331886851401,33.712711934404844,33.7825,33.7825,现货价格,33.7825,V4 池,33.712711934404844,0.206581,0.00,0.00
2025-12-03T11:53:11.282Z,33.72331886851401,33.712711934404844,33.7825,33.7825,现货价格,33.7825,V4 池,33.712711934404844,0.206581,0.00,0.00
2025-12-03T11:53:11.356Z,33.72331886851401,33.712711934404844,33.7825,33.7825,现货价格,33.7825,V4 池,33.712711934404844,0.206581,0.00,0.00
2025-12-03T11:53:11.370Z,33.72331886851401,33.712711934404844,33.7825,33.7825,现货价格,33.7825,V4 池,33.712711934404844,0.206581,0.00,0.00
2025-12-03T11:53:11.380Z,33.72331886851401,33.712711934404844,33.7825,33.7825,现货价格,33.7825,V4 池,33.712711934404844,0.206581,0.00,0.00
2025-12-03T11:53:11.396Z,33.72331886851401,33.712711934404844,33.7825,33.7825,现货价格,33.7825,V4 池,33.712711934404844,0.206581,0.00,0.00
2025-12-03T11:53:11.463Z,33.72331886851401,33.712711934404844,33.7825,33.7825,现货价格,33.7825,V4 池,33.712711934404844,0.206581,0.00,0.00
2025-12-03T11:53:11.477Z,33.72331886851401,33.712711934404844,33.7825,33.7825,现货价格,33.7825,V4 池,33.712711934404844,0.206581,0.00,0.00
2025-12-03T11:53:16.238Z,33.72331886851401,33.712711934404844,33.782,33.782,现货价格,33.782,V4 池,33.712711934404844,0.205104,0.00,0.00
2025-12-03T11:53:16.248Z,33.72331886851401,33.712711934404844,33.782,33.782,现货价格,33.782,V4 池,33.712711934404844,0.205104,0.00,0.00
2025-12-03T11:53:16.302Z,33.72331886851401,33.712711934404844,33.782,33.782,现货价格,33.782,V4 池,33.712711934404844,0.205104,0.00,0.00
2025-12-03T11:53:16.305Z,33.72331886851401,33.712711934404844,33.782,33.782,现货价格,33.782,V4 池,33.712711934404844,0.205104,0.00,0.00
2025-12-03T11:53:16.361Z,33.72331886851401,33.712711934404844,33.782,33.782,现货价格,33.782,V4 池,33.712711934404844,0.205104,0.00,0.00
2025-12-03T11:53:16.452Z,33.72331886851401,33.712711934404844,33.782,33.782,现货价格,33.782,V4 池,33.712711934404844,0.205104,0.00,0.00
2025-12-03T11:53:16.547Z,33.72331886851401,33.712711934404844,33.782,33.782,现货价格,33.782,V4 池,33.712711934404844,0.205104,0.00,0.00
2025-12-03T11:53:21.245Z,33.72331886851401,33.712711934404844,33.7815,33.7815,现货价格,33.7815,V4 池,33.712711934404844,0.203626,0.00,0.00
2025-12-03T11:53:21.360Z,33.72331886851401,33.712711934404844,33.7815,33.7815,现货价格,33.7815,V4 池,33.712711934404844,0.203626,0.00,0.00
2025-12-03T11:53:21.399Z,33.72331886851401,33.712711934404844,33.7815,33.7815,现货价格,33.7815,V4 池,33.712711934404844,0.203626,0.00,0.00
2025-12-03T11:53:21.428Z,33.72331886851401,33.712711934404844,33.7815,33.7815,现货价格,33.7815,V4 池,33.712711934404844,0.203626,0.00,0.00
2025-12-03T11:53:21.446Z,33.72331886851401,33.712711934404844,33.7815,33.7815,现货价格,33.7815,V4 池,33.712711934404844,0.203626,0.00,0.00
2025-12-03T11:53:21.455Z,33.72331886851401,33.712711934404844,33.7815,33.7815,现货价格,33.7815,V4 池,33.712711934404844,0.203626,0.00,0.00
2025-12-03T11:53:21.491Z,33.72331886851401,33.712711934404844,33.7815,33.7815,现货价格,33.7815,V4 池,33.712711934404844,0.203626,0.00,0.00
2025-12-03T11:53:26.234Z,33.72331886851401,33.712711934404844,33.7705,33.7705,现货价格,33.7705,V4 池,33.712711934404844,0.171120,0.00,0.00
2025-12-03T11:53:26.245Z,33.72331886851401,33.712711934404844,33.7705,33.7705,现货价格,33.7705,V4 池,33.712711934404844,0.171120,0.00,0.00
2025-12-03T11:53:26.280Z,33.72331886851401,33.712711934404844,33.7705,33.7705,现货价格,33.7705,V4 池,33.712711934404844,0.171120,0.00,0.00
2025-12-03T11:53:26.349Z,33.72331886851401,33.712711934404844,33.7705,33.7705,现货价格,33.7705,V4 池,33.712711934404844,0.171120,0.00,0.00
2025-12-03T11:53:26.349Z,33.72331886851401,33.712711934404844,33.7705,33.7705,现货价格,33.7705,V4 池,33.712711934404844,0.171120,0.00,0.00
2025-12-03T11:53:26.429Z,33.72331886851401,33.712711934404844,33.7705,33.7705,现货价格,33.7705,V4 池,33.712711934404844,0.171120,0.00,0.00
2025-12-03T11:53:26.445Z,33.72331886851401,33.712711934404844,33.7705,33.7705,现货价格,33.7705,V4 池,33.712711934404844,0.171120,0.00,0.00
2025-12-03T11:53:31.301Z,33.72331886851401,33.712711934404844,33.7685,33.7685,现货价格,33.7685,V4 池,33.712711934404844,0.165207,0.00,0.00
2025-12-03T11:53:31.312Z,33.72331886851401,33.712711934404844,33.7685,33.7685,现货价格,33.7685,V4 池,33.712711934404844,0.165207,0.00,0.00
2025-12-03T11:53:31.323Z,33.72331886851401,33.712711934404844,33.7685,33.7685,现货价格,33.7685,V4 池,33.712711934404844,0.165207,0.00,0.00
2025-12-03T11:53:31.346Z,33.72331886851401,33.712711934404844,33.7685,33.7685,现货价格,33.7685,V4 池,33.712711934404844,0.165207,0.00,0.00
2025-12-03T11:53:31.415Z,33.72331886851401,33.712711934404844,33.7685,33.7685,现货价格,33.7685,V4 池,33.712711934404844,0.165207,0.00,0.00
2025-12-03T11:53:31.445Z,33.72331886851401,33.712711934404844,33.7685,33.7685,现货价格,33.7685,V4 池,33.712711934404844,0.165207,0.00,0.00
2025-12-03T11:53:31.450Z,33.72331886851401,33.712711934404844,33.7685,33.7685,现货价格,33.7685,V4 池,33.712711934404844,0.165207,0.00,0.00
2025-12-03T11:53:36.249Z,33.72331886851401,33.712711934404844,33.7715,33.7715,现货价格,33.7715,V4 池,33.712711934404844,0.174076,0.00,0.00
2025-12-03T11:53:36.287Z,33.72331886851401,33.712711934404844,33.7715,33.7715,现货价格,33.7715,V4 池,33.712711934404844,0.174076,0.00,0.00
2025-12-03T11:53:36.381Z,33.72331886851401,33.712711934404844,33.7715,33.7715,现货价格,33.7715,V4 池,33.712711934404844,0.174076,0.00,0.00
2025-12-03T11:53:36.400Z,33.72331886851401,33.712711934404844,33.7715,33.7715,现货价格,33.7715,V4 池,33.712711934404844,0.174076,0.00,0.00
2025-12-03T11:53:36.434Z,33.72331886851401,33.712711934404844,33.7715,33.7715,现货价格,33.7715,V4 池,33.712711934404844,0.174076,0.00,0.00
2025-12-03T11:53:36.437Z,33.72331886851401,33.712711934404844,33.7715,33.7715,现货价格,33.7715,V4 池,33.712711934404844,0.174076,0.00,0.00
2025-12-03T11:53:36.456Z,33.72331886851401,33.712711934404844,33.7715,33.7715,现货价格,33.7715,V4 池,33.712711934404844,0.174076,0.00,0.00
2025-12-03T11:53:41.373Z,33.72331886851401,33.712711934404844,33.7715,33.7715,现货价格,33.7715,V4 池,33.712711934404844,0.174076,0.00,0.00
2025-12-03T11:53:41.447Z,33.72331886851401,33.712711934404844,33.7715,33.7715,现货价格,33.7715,V4 池,33.712711934404844,0.174076,0.00,0.00
2025-12-03T11:53:41.490Z,33.72331886851401,33.712711934404844,33.7715,33.7715,现货价格,33.7715,V4 池,33.712711934404844,0.174076,0.00,0.00
2025-12-03T11:53:41.512Z,33.72331886851401,33.712711934404844,33.7715,33.7715,现货价格,33.7715,V4 池,33.712711934404844,0.174076,0.00,0.00
2025-12-03T11:53:41.517Z,33.72331886851401,33.712711934404844,33.7715,33.7715,现货价格,33.7715,V4 池,33.712711934404844,0.174076,0.00,0.00
2025-12-03T11:53:41.619Z,33.72331886851401,33.712711934404844,33.7715,33.7715,现货价格,33.7715,V4 池,33.712711934404844,0.174076,0.00,0.00
2025-12-03T11:53:41.645Z,33.72331886851401,33.712711934404844,33.7715,33.7715,现货价格,33.7715,V4 池,33.712711934404844,0.174076,0.00,0.00
2025-12-03T11:53:46.232Z,33.72331886851401,33.712711934404844,33.773,33.773,现货价格,33.773,V4 池,33.712711934404844,0.178510,0.00,0.00
2025-12-03T11:53:46.256Z,33.72331886851401,33.712711934404844,33.773,33.773,现货价格,33.773,V4 池,33.712711934404844,0.178510,0.00,0.00
2025-12-03T11:53:46.288Z,33.72331886851401,33.712711934404844,33.773,33.773,现货价格,33.773,V4 池,33.712711934404844,0.178510,0.00,0.00
2025-12-03T11:53:46.306Z,33.72331886851401,33.712711934404844,33.773,33.773,现货价格,33.773,V4 池,33.712711934404844,0.178510,0.00,0.00
2025-12-03T11:53:46.312Z,33.72331886851401,33.712711934404844,33.773,33.773,现货价格,33.773,V4 池,33.712711934404844,0.178510,0.00,0.00
2025-12-03T11:53:46.554Z,33.72331886851401,33.712711934404844,33.773,33.773,现货价格,33.773,V4 池,33.712711934404844,0.178510,0.00,0.00
2025-12-03T11:53:46.591Z,33.72331886851401,33.712711934404844,33.773,33.773,现货价格,33.773,V4 池,33.712711934404844,0.178510,0.00,0.00
2025-12-03T11:53:51.255Z,33.72331886851401,33.712711934404844,33.7715,33.7715,现货价格,33.7715,V4 池,33.712711934404844,0.174076,0.00,0.00
2025-12-03T11:53:51.302Z,33.72331886851401,33.712711934404844,33.7715,33.7715,现货价格,33.7715,V4 池,33.712711934404844,0.174076,0.00,0.00
2025-12-03T11:53:51.305Z,33.72331886851401,33.712711934404844,33.7715,33.7715,现货价格,33.7715,V4 池,33.712711934404844,0.174076,0.00,0.00
2025-12-03T11:53:51.367Z,33.72331886851401,33.712711934404844,33.7715,33.7715,现货价格,33.7715,V4 池,33.712711934404844,0.174076,0.00,0.00
2025-12-03T11:53:51.370Z,33.72331886851401,33.712711934404844,33.7715,33.7715,现货价格,33.7715,V4 池,33.712711934404844,0.174076,0.00,0.00
2025-12-03T11:53:51.441Z,33.72331886851401,33.712711934404844,33.7715,33.7715,现货价格,33.7715,V4 池,33.712711934404844,0.174076,0.00,0.00
2025-12-03T11:53:51.499Z,33.72331886851401,33.712711934404844,33.7715,33.7715,现货价格,33.7715,V4 池,33.712711934404844,0.174076,0.00,0.00
2025-12-03T11:53:56.233Z,33.72331886851401,33.712711934404844,33.7705,33.7705,现货价格,33.7705,V4 池,33.712711934404844,0.171120,0.00,0.00
2025-12-03T11:53:56.252Z,33.72331886851401,33.712711934404844,33.7705,33.7705,现货价格,33.7705,V4 池,33.712711934404844,0.171120,0.00,0.00
2025-12-03T11:53:56.335Z,33.72331886851401,33.712711934404844,33.7705,33.7705,现货价格,33.7705,V4 池,33.712711934404844,0.171120,0.00,0.00
2025-12-03T11:53:56.337Z,33.72331886851401,33.712711934404844,33.7705,33.7705,现货价格,33.7705,V4 池,33.712711934404844,0.171120,0.00,0.00
2025-12-03T11:53:56.344Z,33.72331886851401,33.712711934404844,33.7705,33.7705,现货价格,33.7705,V4 池,33.712711934404844,0.171120,0.00,0.00
2025-12-03T11:53:56.413Z,33.72331886851401,33.712711934404844,33.7705,33.7705,现货价格,33.7705,V4 池,33.712711934404844,0.171120,0.00,0.00
2025-12-03T11:53:56.639Z,33.72331886851401,33.712711934404844,33.7705,33.7705,现货价格,33.7705,V4 池,33.712711934404844,0.171120,0.00,0.00
2025-12-03T11:54:01.306Z,33.72331886851401,33.712711934404844,33.7705,33.7705,现货价格,33.7705,V4 池,33.712711934404844,0.171120,0.00,0.00
2025-12-03T11:54:01.307Z,33.72331886851401,33.712711934404844,33.7705,33.7705,现货价格,33.7705,V4 池,33.712711934404844,0.171120,0.00,0.00
2025-12-03T11:54:01.343Z,33.72331886851401,33.712711934404844,33.7705,33.7705,现货价格,33.7705,V4 池,33.712711934404844,0.171120,0.00,0.00
2025-12-03T11:54:01.368Z,33.72331886851401,33.712711934404844,33.7705,33.7705,现货价格,33.7705,V4 池,33.712711934404844,0.171120,0.00,0.00
2025-12-03T11:54:01.394Z,33.72331886851401,33.712711934404844,33.7705,33.7705,现货价格,33.7705,V4 池,33.712711934404844,0.171120,0.00,0.00
2025-12-03T11:54:01.523Z,33.72331886851401,33.712711934404844,33.7705,33.7705,现货价格,33.7705,V4 池,33.712711934404844,0.171120,0.00,0.00
2025-12-03T11:54:01.642Z,33.72331886851401,33.712711934404844,33.7705,33.7705,现货价格,33.7705,V4 池,33.712711934404844,0.171120,0.00,0.00
2025-12-03T11:54:06.323Z,33.72331886851401,33.712711934404844,33.7715,33.7715,现货价格,33.7715,V4 池,33.712711934404844,0.174076,0.00,0.00
2025-12-03T11:54:06.386Z,33.72331886851401,33.712711934404844,33.7715,33.7715,现货价格,33.7715,V4 池,33.712711934404844,0.174076,0.00,0.00
2025-12-03T11:54:06.392Z,33.72331886851401,33.712711934404844,33.7715,33.7715,现货价格,33.7715,V4 池,33.712711934404844,0.174076,0.00,0.00
2025-12-03T11:54:06.393Z,33.72331886851401,33.712711934404844,33.7715,33.7715,现货价格,33.7715,V4 池,33.712711934404844,0.174076,0.00,0.00
2025-12-03T11:54:06.398Z,33.72331886851401,33.712711934404844,33.7715,33.7715,现货价格,33.7715,V4 池,33.712711934404844,0.174076,0.00,0.00
2025-12-03T11:54:06.437Z,33.72331886851401,33.712711934404844,33.7715,33.7715,现货价格,33.7715,V4 池,33.712711934404844,0.174076,0.00,0.00
2025-12-03T11:54:06.505Z,33.72331886851401,33.712711934404844,33.7715,33.7715,现货价格,33.7715,V4 池,33.712711934404844,0.174076,0.00,0.00
2025-12-03T11:54:11.248Z,33.72331886851401,33.712711934404844,33.785,33.785,现货价格,33.785,V4 池,33.712711934404844,0.213965,0.00,0.00
2025-12-03T11:54:11.317Z,33.72331886851401,33.712711934404844,33.785,33.785,现货价格,33.785,V4 池,33.712711934404844,0.213965,0.00,0.00
2025-12-03T11:54:11.326Z,33.72331886851401,33.712711934404844,33.785,33.785,现货价格,33.785,V4 池,33.712711934404844,0.213965,0.00,0.00
2025-12-03T11:54:11.360Z,33.72331886851401,33.712711934404844,33.785,33.785,现货价格,33.785,V4 池,33.712711934404844,0.213965,0.00,0.00
2025-12-03T11:54:11.361Z,33.72331886851401,33.712711934404844,33.785,33.785,现货价格,33.785,V4 池,33.712711934404844,0.213965,0.00,0.00
2025-12-03T11:54:11.420Z,33.72331886851401,33.712711934404844,33.785,33.785,现货价格,33.785,V4 池,33.712711934404844,0.213965,0.00,0.00
2025-12-03T11:54:11.487Z,33.72331886851401,33.712711934404844,33.785,33.785,现货价格,33.785,V4 池,33.712711934404844,0.213965,0.00,0.00
2025-12-03T11:54:16.294Z,33.72331886851401,33.712711934404844,33.7775,33.7775,现货价格,33.7775,V4 池,33.712711934404844,0.191808,0.00,0.00
2025-12-03T11:54:16.311Z,33.72331886851401,33.712711934404844,33.7775,33.7775,现货价格,33.7775,V4 池,33.712711934404844,0.191808,0.00,0.00
2025-12-03T11:54:16.327Z,33.72331886851401,33.712711934404844,33.7775,33.7775,现货价格,33.7775,V4 池,33.712711934404844,0.191808,0.00,0.00
2025-12-03T11:54:16.396Z,33.72331886851401,33.712711934404844,33.7775,33.7775,现货价格,33.7775,V4 池,33.712711934404844,0.191808,0.00,0.00
2025-12-03T11:54:16.438Z,33.72331886851401,33.712711934404844,33.7775,33.7775,现货价格,33.7775,V4 池,33.712711934404844,0.191808,0.00,0.00
2025-12-03T11:54:16.469Z,33.72331886851401,33.712711934404844,33.7775,33.7775,现货价格,33.7775,V4 池,33.712711934404844,0.191808,0.00,0.00
2025-12-03T11:54:16.582Z,33.72331886851401,33.712711934404844,33.7775,33.7775,现货价格,33.7775,V4 池,33.712711934404844,0.191808,0.00,0.00
2025-12-03T11:54:21.289Z,33.72331886851401,33.712711934404844,33.7705,33.7705,现货价格,33.7705,V4 池,33.712711934404844,0.171120,0.00,0.00
2025-12-03T11:54:21.450Z,33.72331886851401,33.712711934404844,33.7705,33.7705,现货价格,33.7705,V4 池,33.712711934404844,0.171120,0.00,0.00
2025-12-03T11:54:21.470Z,33.72331886851401,33.712711934404844,33.7705,33.7705,现货价格,33.7705,V4 池,33.712711934404844,0.171120,0.00,0.00
2025-12-03T11:54:21.471Z,33.72331886851401,33.712711934404844,33.7705,33.7705,现货价格,33.7705,V4 池,33.712711934404844,0.171120,0.00,0.00
2025-12-03T11:54:21.523Z,33.72331886851401,33.712711934404844,33.7705,33.7705,现货价格,33.7705,V4 池,33.712711934404844,0.171120,0.00,0.00
2025-12-03T11:54:21.531Z,33.72331886851401,33.712711934404844,33.7705,33.7705,现货价格,33.7705,V4 池,33.712711934404844,0.171120,0.00,0.00
2025-12-03T11:54:21.533Z,33.72331886851401,33.712711934404844,33.7705,33.7705,现货价格,33.7705,V4 池,33.712711934404844,0.171120,0.00,0.00
2025-12-03T11:54:26.246Z,33.72331886851401,33.712711934404844,33.7755,33.7755,现货价格,33.7755,V4 池,33.712711934404844,0.185898,0.00,0.00
2025-12-03T11:54:26.370Z,33.72331886851401,33.712711934404844,33.7755,33.7755,现货价格,33.7755,V4 池,33.712711934404844,0.185898,0.00,0.00
2025-12-03T11:54:26.457Z,33.72331886851401,33.712711934404844,33.7755,33.7755,现货价格,33.7755,V4 池,33.712711934404844,0.185898,0.00,0.00
2025-12-03T11:54:26.489Z,33.72331886851401,33.712711934404844,33.7755,33.7755,现货价格,33.7755,V4 池,33.712711934404844,0.185898,0.00,0.00
2025-12-03T11:54:26.509Z,33.72331886851401,33.712711934404844,33.7755,33.7755,现货价格,33.7755,V4 池,33.712711934404844,0.185898,0.00,0.00
2025-12-03T11:54:26.540Z,33.72331886851401,33.712711934404844,33.7755,33.7755,现货价格,33.7755,V4 池,33.712711934404844,0.185898,0.00,0.00
2025-12-03T11:54:26.588Z,33.72331886851401,33.712711934404844,33.7755,33.7755,现货价格,33.7755,V4 池,33.712711934404844,0.185898,0.00,0.00
2025-12-03T11:54:31.261Z,33.72331886851401,33.712711934404844,33.7705,33.7705,现货价格,33.7705,V4 池,33.712711934404844,0.171120,0.00,0.00
2025-12-03T11:54:31.276Z,33.72331886851401,33.712711934404844,33.7705,33.7705,现货价格,33.7705,V4 池,33.712711934404844,0.171120,0.00,0.00
2025-12-03T11:54:31.295Z,33.72331886851401,33.712711934404844,33.7705,33.7705,现货价格,33.7705,V4 池,33.712711934404844,0.171120,0.00,0.00
2025-12-03T11:54:31.378Z,33.72331886851401,33.712711934404844,33.7705,33.7705,现货价格,33.7705,V4 池,33.712711934404844,0.171120,0.00,0.00
2025-12-03T11:54:31.417Z,33.72331886851401,33.712711934404844,33.7705,33.7705,现货价格,33.7705,V4 池,33.712711934404844,0.171120,0.00,0.00
2025-12-03T11:54:31.504Z,33.72331886851401,33.712711934404844,33.7705,33.7705,现货价格,33.7705,V4 池,33.712711934404844,0.171120,0.00,0.00
2025-12-03T11:54:31.509Z,33.72331886851401,33.712711934404844,33.7705,33.7705,现货价格,33.7705,V4 池,33.712711934404844,0.171120,0.00,0.00
2025-12-03T11:54:36.327Z,33.72331886851401,33.712711934404844,33.7755,33.7755,现货价格,33.7755,V4 池,33.712711934404844,0.185898,0.00,0.00
2025-12-03T11:54:36.332Z,33.72331886851401,33.712711934404844,33.7755,33.7755,现货价格,33.7755,V4 池,33.712711934404844,0.185898,0.00,0.00
2025-12-03T11:54:36.353Z,33.72331886851401,33.712711934404844,33.7755,33.7755,现货价格,33.7755,V4 池,33.712711934404844,0.185898,0.00,0.00
2025-12-03T11:54:36.425Z,33.72331886851401,33.712711934404844,33.7755,33.7755,现货价格,33.7755,V4 池,33.712711934404844,0.185898,0.00,0.00
2025-12-03T11:54:36.428Z,33.72331886851401,33.712711934404844,33.7755,33.7755,现货价格,33.7755,V4 池,33.712711934404844,0.185898,0.00,0.00
2025-12-03T11:54:36.448Z,33.72331886851401,33.712711934404844,33.7755,33.7755,现货价格,33.7755,V4 池,33.712711934404844,0.185898,0.00,0.00
2025-12-03T11:54:36.514Z,33.72331886851401,33.712711934404844,33.7755,33.7755,现货价格,33.7755,V4 池,33.712711934404844,0.185898,0.00,0.00
2025-12-03T11:54:41.250Z,33.72331886851401,33.712711934404844,33.7655,33.7655,现货价格,33.7655,V4 池,33.712711934404844,0.156337,0.00,0.00
2025-12-03T11:54:41.315Z,33.72331886851401,33.712711934404844,33.7655,33.7655,现货价格,33.7655,V4 池,33.712711934404844,0.156337,0.00,0.00
2025-12-03T11:54:41.335Z,33.72331886851401,33.712711934404844,33.7655,33.7655,现货价格,33.7655,V4 池,33.712711934404844,0.156337,0.00,0.00
2025-12-03T11:54:41.338Z,33.72331886851401,33.712711934404844,33.7655,33.7655,现货价格,33.7655,V4 池,33.712711934404844,0.156337,0.00,0.00
2025-12-03T11:54:41.378Z,33.72331886851401,33.712711934404844,33.7655,33.7655,现货价格,33.7655,V4 池,33.712711934404844,0.156337,0.00,0.00
2025-12-03T11:54:41.379Z,33.72331886851401,33.712711934404844,33.7655,33.7655,现货价格,33.7655,V4 池,33.712711934404844,0.156337,0.00,0.00
2025-12-03T11:54:41.386Z,33.72331886851401,33.712711934404844,33.7655,33.7655,现货价格,33.7655,V4 池,33.712711934404844,0.156337,0.00,0.00
2025-12-03T11:54:46.230Z,33.72331886851401,33.712711934404844,33.7655,33.7655,现货价格,33.7655,V4 池,33.712711934404844,0.156337,0.00,0.00
2025-12-03T11:54:46.272Z,33.72331886851401,33.712711934404844,33.7655,33.7655,现货价格,33.7655,V4 池,33.712711934404844,0.156337,0.00,0.00
2025-12-03T11:54:46.302Z,33.72331886851401,33.712711934404844,33.7655,33.7655,现货价格,33.7655,V4 池,33.712711934404844,0.156337,0.00,0.00
2025-12-03T11:54:46.320Z,33.72331886851401,33.712711934404844,33.7655,33.7655,现货价格,33.7655,V4 池,33.712711934404844,0.156337,0.00,0.00
2025-12-03T11:54:46.322Z,33.72331886851401,33.712711934404844,33.7655,33.7655,现货价格,33.7655,V4 池,33.712711934404844,0.156337,0.00,0.00
2025-12-03T11:54:46.330Z,33.72331886851401,33.712711934404844,33.7655,33.7655,现货价格,33.7655,V4 池,33.712711934404844,0.156337,0.00,0.00
2025-12-03T11:54:46.345Z,33.72331886851401,33.712711934404844,33.7655,33.7655,现货价格,33.7655,V4 池,33.712711934404844,0.156337,0.00,0.00
2025-12-03T11:54:51.277Z,33.72331886851401,33.712711934404844,33.7655,33.7655,现货价格,33.7655,V4 池,33.712711934404844,0.156337,0.00,0.00
2025-12-03T11:54:51.339Z,33.72331886851401,33.712711934404844,33.7655,33.7655,现货价格,33.7655,V4 池,33.712711934404844,0.156337,0.00,0.00
2025-12-03T11:54:51.354Z,33.72331886851401,33.712711934404844,33.7655,33.7655,现货价格,33.7655,V4 池,33.712711934404844,0.156337,0.00,0.00
2025-12-03T11:54:51.357Z,33.72331886851401,33.712711934404844,33.7655,33.7655,现货价格,33.7655,V4 池,33.712711934404844,0.156337,0.00,0.00
2025-12-03T11:54:51.374Z,33.72331886851401,33.712711934404844,33.7655,33.7655,现货价格,33.7655,V4 池,33.712711934404844,0.156337,0.00,0.00
2025-12-03T11:54:51.415Z,33.72331886851401,33.712711934404844,33.7655,33.7655,现货价格,33.7655,V4 池,33.712711934404844,0.156337,0.00,0.00
2025-12-03T11:54:51.487Z,33.72331886851401,33.712711934404844,33.7655,33.7655,现货价格,33.7655,V4 池,33.712711934404844,0.156337,0.00,0.00
2025-12-03T11:54:56.320Z,33.72331886851401,33.712711934404844,33.7605,33.7605,现货价格,33.7605,V4 池,33.712711934404844,0.141550,0.00,0.00
2025-12-03T11:54:56.341Z,33.72331886851401,33.712711934404844,33.7605,33.7605,现货价格,33.7605,V4 池,33.712711934404844,0.141550,0.00,0.00
2025-12-03T11:54:56.368Z,33.72331886851401,33.712711934404844,33.7605,33.7605,现货价格,33.7605,V4 池,33.712711934404844,0.141550,0.00,0.00
2025-12-03T11:54:56.399Z,33.72331886851401,33.712711934404844,33.7605,33.7605,现货价格,33.7605,V4 池,33.712711934404844,0.141550,0.00,0.00
2025-12-03T11:54:56.478Z,33.72331886851401,33.712711934404844,33.7605,33.7605,现货价格,33.7605,V4 池,33.712711934404844,0.141550,0.00,0.00
2025-12-03T11:54:56.561Z,33.72331886851401,33.712711934404844,33.7605,33.7605,现货价格,33.7605,V4 池,33.712711934404844,0.141550,0.00,0.00
2025-12-03T11:54:56.607Z,33.72331886851401,33.712711934404844,33.7605,33.7605,现货价格,33.7605,V4 池,33.712711934404844,0.141550,0.00,0.00
2025-12-03T11:55:01.311Z,33.72331886851401,33.712711934404844,33.761,33.761,现货价格,33.761,V4 池,33.712711934404844,0.143029,0.00,0.00
2025-12-03T11:55:01.328Z,33.72331886851401,33.712711934404844,33.761,33.761,现货价格,33.761,V4 池,33.712711934404844,0.143029,0.00,0.00
2025-12-03T11:55:01.328Z,33.72331886851401,33.712711934404844,33.761,33.761,现货价格,33.761,V4 池,33.712711934404844,0.143029,0.00,0.00
2025-12-03T11:55:01.381Z,33.72331886851401,33.712711934404844,33.761,33.761,现货价格,33.761,V4 池,33.712711934404844,0.143029,0.00,0.00
2025-12-03T11:55:01.382Z,33.72331886851401,33.712711934404844,33.761,33.761,现货价格,33.761,V4 池,33.712711934404844,0.143029,0.00,0.00
2025-12-03T11:55:01.540Z,33.72331886851401,33.712711934404844,33.761,33.761,现货价格,33.761,V4 池,33.712711934404844,0.143029,0.00,0.00
2025-12-03T11:55:01.622Z,33.72331886851401,33.712711934404844,33.761,33.761,现货价格,33.761,V4 池,33.712711934404844,0.143029,0.00,0.00
2025-12-03T11:55:06.324Z,33.72331886851401,33.712711934404844,33.761,33.761,现货价格,33.761,V4 池,33.712711934404844,0.143029,0.00,0.00
2025-12-03T11:55:06.337Z,33.72331886851401,33.712711934404844,33.761,33.761,现货价格,33.761,V4 池,33.712711934404844,0.143029,0.00,0.00
2025-12-03T11:55:06.346Z,33.72331886851401,33.712711934404844,33.761,33.761,现货价格,33.761,V4 池,33.712711934404844,0.143029,0.00,0.00
2025-12-03T11:55:06.371Z,33.72331886851401,33.712711934404844,33.761,33.761,现货价格,33.761,V4 池,33.712711934404844,0.143029,0.00,0.00
2025-12-03T11:55:06.391Z,33.72331886851401,33.712711934404844,33.761,33.761,现货价格,33.761,V4 池,33.712711934404844,0.143029,0.00,0.00
2025-12-03T11:55:06.393Z,33.72331886851401,33.712711934404844,33.761,33.761,现货价格,33.761,V4 池,33.712711934404844,0.143029,0.00,0.00
2025-12-03T11:55:06.400Z,33.72331886851401,33.712711934404844,33.761,33.761,现货价格,33.761,V4 池,33.712711934404844,0.143029,0.00,0.00
2025-12-03T11:55:11.251Z,33.72331886851401,33.712711934404844,33.777,33.777,现货价格,33.777,V4 池,33.712711934404844,0.190331,0.00,0.00
2025-12-03T11:55:11.312Z,33.72331886851401,33.712711934404844,33.777,33.777,现货价格,33.777,V4 池,33.712711934404844,0.190331,0.00,0.00
2025-12-03T11:55:11.331Z,33.72331886851401,33.712711934404844,33.777,33.777,现货价格,33.777,V4 池,33.712711934404844,0.190331,0.00,0.00
2025-12-03T11:55:11.332Z,33.72331886851401,33.712711934404844,33.777,33.777,现货价格,33.777,V4 池,33.712711934404844,0.190331,0.00,0.00
2025-12-03T11:55:11.351Z,33.72331886851401,33.712711934404844,33.777,33.777,现货价格,33.777,V4 池,33.712711934404844,0.190331,0.00,0.00
2025-12-03T11:55:11.392Z,33.72331886851401,33.712711934404844,33.777,33.777,现货价格,33.777,V4 池,33.712711934404844,0.190331,0.00,0.00
2025-12-03T11:55:11.395Z,33.72331886851401,33.712711934404844,33.777,33.777,现货价格,33.777,V4 池,33.712711934404844,0.190331,0.00,0.00
2025-12-03T11:55:16.345Z,33.72331886851401,33.712711934404844,33.7645,33.7645,现货价格,33.7645,V4 池,33.712711934404844,0.153380,0.00,0.00
2025-12-03T11:55:16.394Z,33.72331886851401,33.712711934404844,33.768,33.768,现货价格,33.768,V4 池,33.712711934404844,0.163729,0.00,0.00
2025-12-03T11:55:16.449Z,33.72331886851401,33.712711934404844,33.768,33.768,现货价格,33.768,V4 池,33.712711934404844,0.163729,0.00,0.00
2025-12-03T11:55:16.457Z,33.72331886851401,33.712711934404844,33.7645,33.7645,现货价格,33.7645,V4 池,33.712711934404844,0.153380,0.00,0.00
2025-12-03T11:55:16.514Z,33.72331886851401,33.712711934404844,33.7645,33.7645,现货价格,33.7645,V4 池,33.712711934404844,0.153380,0.00,0.00
2025-12-03T11:55:16.518Z,33.72331886851401,33.712711934404844,33.7645,33.7645,现货价格,33.7645,V4 池,33.712711934404844,0.153380,0.00,0.00
2025-12-03T11:55:16.559Z,33.72331886851401,33.712711934404844,33.7645,33.7645,现货价格,33.7645,V4 池,33.712711934404844,0.153380,0.00,0.00
2025-12-03T11:55:21.278Z,33.72331886851401,33.712711934404844,33.7645,33.7645,现货价格,33.7645,V4 池,33.712711934404844,0.153380,0.00,0.00
2025-12-03T11:55:21.333Z,33.72331886851401,33.712711934404844,33.7645,33.7645,现货价格,33.7645,V4 池,33.712711934404844,0.153380,0.00,0.00
2025-12-03T11:55:21.383Z,33.72331886851401,33.712711934404844,33.7645,33.7645,现货价格,33.7645,V4 池,33.712711934404844,0.153380,0.00,0.00
2025-12-03T11:55:21.387Z,33.72331886851401,33.712711934404844,33.7645,33.7645,现货价格,33.7645,V4 池,33.712711934404844,0.153380,0.00,0.00
2025-12-03T11:55:21.432Z,33.72331886851401,33.712711934404844,33.7645,33.7645,现货价格,33.7645,V4 池,33.712711934404844,0.153380,0.00,0.00
2025-12-03T11:55:21.451Z,33.72331886851401,33.712711934404844,33.7645,33.7645,现货价格,33.7645,V4 池,33.712711934404844,0.153380,0.00,0.00
2025-12-03T11:55:21.574Z,33.72331886851401,33.712711934404844,33.7645,33.7645,现货价格,33.7645,V4 池,33.712711934404844,0.153380,0.00,0.00
2025-12-03T11:55:26.481Z,33.72331886851401,33.712711934404844,33.7635,33.7635,现货价格,33.7635,V4 池,33.712711934404844,0.150423,0.00,0.00
2025-12-03T11:55:26.490Z,33.72331886851401,33.712711934404844,33.7635,33.7635,现货价格,33.7635,V4 池,33.712711934404844,0.150423,0.00,0.00
2025-12-03T11:55:26.494Z,33.72331886851401,33.712711934404844,33.7635,33.7635,现货价格,33.7635,V4 池,33.712711934404844,0.150423,0.00,0.00
2025-12-03T11:55:26.576Z,33.72331886851401,33.712711934404844,33.7635,33.7635,现货价格,33.7635,V4 池,33.712711934404844,0.150423,0.00,0.00
2025-12-03T11:55:26.681Z,33.72331886851401,33.712711934404844,33.7635,33.7635,现货价格,33.7635,V4 池,33.712711934404844,0.150423,0.00,0.00
2025-12-03T11:55:26.902Z,33.72331886851401,33.712711934404844,33.7635,33.7635,现货价格,33.7635,V4 池,33.712711934404844,0.150423,0.00,0.00
2025-12-03T11:55:27.049Z,33.72331886851401,33.712711934404844,33.7635,33.7635,现货价格,33.7635,V4 池,33.712711934404844,0.150423,0.00,0.00
2025-12-03T11:55:31.435Z,33.72331886851401,33.712711934404844,33.7645,33.7645,现货价格,33.7645,V4 池,33.712711934404844,0.153380,0.00,0.00
2025-12-03T11:55:31.441Z,33.72331886851401,33.712711934404844,33.7645,33.7645,现货价格,33.7645,V4 池,33.712711934404844,0.153380,0.00,0.00
2025-12-03T11:55:31.453Z,33.72331886851401,33.712711934404844,33.7645,33.7645,现货价格,33.7645,V4 池,33.712711934404844,0.153380,0.00,0.00
2025-12-03T11:55:31.529Z,33.72331886851401,33.712711934404844,33.7645,33.7645,现货价格,33.7645,V4 池,33.712711934404844,0.153380,0.00,0.00
2025-12-03T11:55:31.554Z,33.72331886851401,33.712711934404844,33.7645,33.7645,现货价格,33.7645,V4 池,33.712711934404844,0.153380,0.00,0.00
2025-12-03T11:55:31.684Z,33.72331886851401,33.712711934404844,33.7645,33.7645,现货价格,33.7645,V4 池,33.712711934404844,0.153380,0.00,0.00
2025-12-03T11:55:31.691Z,33.72331886851401,33.712711934404844,33.7645,33.7645,现货价格,33.7645,V4 池,33.712711934404844,0.153380,0.00,0.00
2025-12-03T11:55:36.300Z,33.72331886851401,33.712711934404844,33.7645,33.7645,现货价格,33.7645,V4 池,33.712711934404844,0.153380,0.00,0.00
2025-12-03T11:55:36.347Z,33.72331886851401,33.712711934404844,33.7645,33.7645,现货价格,33.7645,V4 池,33.712711934404844,0.153380,0.00,0.00
2025-12-03T11:55:36.372Z,33.72331886851401,33.712711934404844,33.7645,33.7645,现货价格,33.7645,V4 池,33.712711934404844,0.153380,0.00,0.00
2025-12-03T11:55:36.421Z,33.72331886851401,33.712711934404844,33.7645,33.7645,现货价格,33.7645,V4 池,33.712711934404844,0.153380,0.00,0.00
2025-12-03T11:55:36.467Z,33.72331886851401,33.712711934404844,33.7645,33.7645,现货价格,33.7645,V4 池,33.712711934404844,0.153380,0.00,0.00
2025-12-03T11:55:36.565Z,33.72331886851401,33.712711934404844,33.7645,33.7645,现货价格,33.7645,V4 池,33.712711934404844,0.153380,0.00,0.00
2025-12-03T11:55:36.816Z,33.72331886851401,33.712711934404844,33.7645,33.7645,现货价格,33.7645,V4 池,33.712711934404844,0.153380,0.00,0.00
2025-12-03T11:55:41.221Z,33.72331886851401,33.712711934404844,33.7745,33.7745,现货价格,33.7745,V4 池,33.712711934404844,0.182943,0.00,0.00
2025-12-03T11:55:41.322Z,33.72331886851401,33.712711934404844,33.7745,33.7745,现货价格,33.7745,V4 池,33.712711934404844,0.182943,0.00,0.00
2025-12-03T11:55:41.377Z,33.72331886851401,33.712711934404844,33.7745,33.7745,现货价格,33.7745,V4 池,33.712711934404844,0.182943,0.00,0.00
2025-12-03T11:55:41.409Z,33.72331886851401,33.712711934404844,33.7745,33.7745,现货价格,33.7745,V4 池,33.712711934404844,0.182943,0.00,0.00
2025-12-03T11:55:41.589Z,33.72331886851401,33.712711934404844,33.7745,33.7745,现货价格,33.7745,V4 池,33.712711934404844,0.182943,0.00,0.00
2025-12-03T11:55:41.607Z,33.72331886851401,33.712711934404844,33.7745,33.7745,现货价格,33.7745,V4 池,33.712711934404844,0.182943,0.00,0.00
2025-12-03T11:55:41.675Z,33.72331886851401,33.712711934404844,33.7745,33.7745,现货价格,33.7745,V4 池,33.712711934404844,0.182943,0.00,0.00
2025-12-03T11:55:46.392Z,33.72331886851401,33.712711934404844,33.7805,33.7805,现货价格,33.7805,V4 池,33.712711934404844,0.200672,0.00,0.00
2025-12-03T11:55:46.394Z,33.72331886851401,33.712711934404844,33.7825,33.7825,现货价格,33.7825,V4 池,33.712711934404844,0.206581,0.00,0.00
2025-12-03T11:55:46.466Z,33.72331886851401,33.712711934404844,33.7825,33.7825,现货价格,33.7825,V4 池,33.712711934404844,0.206581,0.00,0.00
2025-12-03T11:55:46.892Z,33.72331886851401,33.712711934404844,33.7825,33.7825,现货价格,33.7825,V4 池,33.712711934404844,0.206581,0.00,0.00
2025-12-03T11:55:46.990Z,33.72331886851401,33.712711934404844,33.7825,33.7825,现货价格,33.7825,V4 池,33.712711934404844,0.206581,0.00,0.00
2025-12-03T11:55:47.074Z,33.72331886851401,33.712711934404844,33.7825,33.7825,现货价格,33.7825,V4 池,33.712711934404844,0.206581,0.00,0.00
2025-12-03T11:55:47.096Z,33.72331886851401,33.712711934404844,33.7825,33.7825,现货价格,33.7825,V4 池,33.712711934404844,0.206581,0.00,0.00
2025-12-03T11:55:51.501Z,33.72331886851401,33.712711934404844,33.7895,33.7895,现货价格,33.7895,V4 池,33.712711934404844,0.227254,0.00,0.00
2025-12-03T11:55:51.555Z,33.72331886851401,33.712711934404844,33.7895,33.7895,现货价格,33.7895,V4 池,33.712711934404844,0.227254,0.00,0.00
2025-12-03T11:55:51.579Z,33.72331886851401,33.712711934404844,33.7895,33.7895,现货价格,33.7895,V4 池,33.712711934404844,0.227254,0.00,0.00
2025-12-03T11:55:51.650Z,33.72331886851401,33.712711934404844,33.7895,33.7895,现货价格,33.7895,V4 池,33.712711934404844,0.227254,0.00,0.00
2025-12-03T11:55:51.817Z,33.72331886851401,33.712711934404844,33.7955,33.7955,现货价格,33.7955,V4 池,33.712711934404844,0.244968,0.00,0.00
2025-12-03T11:55:51.872Z,33.72331886851401,33.712711934404844,33.7895,33.7895,现货价格,33.7895,V4 池,33.712711934404844,0.227254,0.00,0.00
2025-12-03T11:55:51.915Z,33.72331886851401,33.712711934404844,33.7955,33.7955,现货价格,33.7955,V4 池,33.712711934404844,0.244968,0.00,0.00
2025-12-03T11:55:56.325Z,33.72331886851401,33.712711934404844,33.7955,33.7955,现货价格,33.7955,V4 池,33.712711934404844,0.244968,0.00,0.00
2025-12-03T11:55:56.383Z,33.72331886851401,33.712711934404844,33.7955,33.7955,现货价格,33.7955,V4 池,33.712711934404844,0.244968,0.00,0.00
2025-12-03T11:55:56.443Z,33.72331886851401,33.712711934404844,33.7955,33.7955,现货价格,33.7955,V4 池,33.712711934404844,0.244968,0.00,0.00
2025-12-03T11:55:56.533Z,33.72331886851401,33.712711934404844,33.7955,33.7955,现货价格,33.7955,V4 池,33.712711934404844,0.244968,0.00,0.00
2025-12-03T11:55:56.621Z,33.72331886851401,33.712711934404844,33.7955,33.7955,现货价格,33.7955,V4 池,33.712711934404844,0.244968,0.00,0.00
2025-12-03T11:55:56.831Z,33.72331886851401,33.712711934404844,33.7955,33.7955,现货价格,33.7955,V4 池,33.712711934404844,0.244968,0.00,0.00
2025-12-03T11:55:56.831Z,33.72331886851401,33.712711934404844,33.7955,33.7955,现货价格,33.7955,V4 池,33.712711934404844,0.244968,0.00,0.00
2025-12-03T11:56:01.306Z,33.72331886851401,33.712711934404844,33.7855,33.7855,现货价格,33.7855,V4 池,33.712711934404844,0.215442,0.00,0.00
2025-12-03T11:56:01.367Z,33.72331886851401,33.712711934404844,33.7855,33.7855,现货价格,33.7855,V4 池,33.712711934404844,0.215442,0.00,0.00
2025-12-03T11:56:01.415Z,33.72331886851401,33.712711934404844,33.7855,33.7855,现货价格,33.7855,V4 池,33.712711934404844,0.215442,0.00,0.00
2025-12-03T11:56:01.521Z,33.72331886851401,33.712711934404844,33.7855,33.7855,现货价格,33.7855,V4 池,33.712711934404844,0.215442,0.00,0.00
2025-12-03T11:56:01.805Z,33.72331886851401,33.712711934404844,33.7855,33.7855,现货价格,33.7855,V4 池,33.712711934404844,0.215442,0.00,0.00
2025-12-03T11:56:01.823Z,33.72331886851401,33.712711934404844,33.7865,33.7865,现货价格,33.7865,V4 池,33.712711934404844,0.218395,0.00,0.00
2025-12-03T11:56:02.034Z,33.72331886851401,33.712711934404844,33.7865,33.7865,现货价格,33.7865,V4 池,33.712711934404844,0.218395,0.00,0.00
2025-12-03T11:56:06.327Z,33.72331886851401,33.712711934404844,33.7865,33.7865,现货价格,33.7865,V4 池,33.712711934404844,0.218395,0.00,0.00
2025-12-03T11:56:06.379Z,33.72331886851401,33.712711934404844,33.7865,33.7865,现货价格,33.7865,V4 池,33.712711934404844,0.218395,0.00,0.00
2025-12-03T11:56:06.505Z,33.72331886851401,33.712711934404844,33.7865,33.7865,现货价格,33.7865,V4 池,33.712711934404844,0.218395,0.00,0.00
2025-12-03T11:56:06.555Z,33.72331886851401,33.712711934404844,33.7865,33.7865,现货价格,33.7865,V4 池,33.712711934404844,0.218395,0.00,0.00
2025-12-03T11:56:06.776Z,33.72331886851401,33.712711934404844,33.7865,33.7865,现货价格,33.7865,V4 池,33.712711934404844,0.218395,0.00,0.00
2025-12-03T11:56:06.850Z,33.72331886851401,33.712711934404844,33.7865,33.7865,现货价格,33.7865,V4 池,33.712711934404844,0.218395,0.00,0.00
2025-12-03T11:56:06.996Z,33.72331886851401,33.712711934404844,33.7865,33.7865,现货价格,33.7865,V4 池,33.712711934404844,0.218395,0.00,0.00
2025-12-03T11:56:11.585Z,33.72331886851401,33.712711934404844,33.7895,33.7895,现货价格,33.7895,V4 池,33.712711934404844,0.227254,0.00,0.00
2025-12-03T11:56:11.650Z,33.72331886851401,33.712711934404844,33.7895,33.7895,现货价格,33.7895,V4 池,33.712711934404844,0.227254,0.00,0.00
2025-12-03T11:56:11.653Z,33.72331886851401,33.712711934404844,33.7895,33.7895,现货价格,33.7895,V4 池,33.712711934404844,0.227254,0.00,0.00
2025-12-03T11:56:11.711Z,33.72331886851401,33.712711934404844,33.7895,33.7895,现货价格,33.7895,V4 池,33.712711934404844,0.227254,0.00,0.00
2025-12-03T11:56:11.802Z,33.72331886851401,33.712711934404844,33.7895,33.7895,现货价格,33.7895,V4 池,33.712711934404844,0.227254,0.00,0.00
2025-12-03T11:56:11.884Z,33.72331886851401,33.712711934404844,33.7895,33.7895,现货价格,33.7895,V4 池,33.712711934404844,0.227254,0.00,0.00
2025-12-03T11:56:12.082Z,33.72331886851401,33.712711934404844,33.7895,33.7895,现货价格,33.7895,V4 池,33.712711934404844,0.227254,0.00,0.00
2025-12-03T11:56:16.309Z,33.72331886851401,33.712711934404844,33.7825,33.7825,现货价格,33.7825,V4 池,33.712711934404844,0.206581,0.00,0.00
2025-12-03T11:56:16.350Z,33.72331886851401,33.712711934404844,33.7825,33.7825,现货价格,33.7825,V4 池,33.712711934404844,0.206581,0.00,0.00
2025-12-03T11:56:16.619Z,33.72331886851401,33.712711934404844,33.7825,33.7825,现货价格,33.7825,V4 池,33.712711934404844,0.206581,0.00,0.00
2025-12-03T11:56:16.778Z,33.72331886851401,33.712711934404844,33.7825,33.7825,现货价格,33.7825,V4 池,33.712711934404844,0.206581,0.00,0.00
2025-12-03T11:56:16.831Z,33.72331886851401,33.712711934404844,33.7825,33.7825,现货价格,33.7825,V4 池,33.712711934404844,0.206581,0.00,0.00
2025-12-03T11:56:16.854Z,33.72331886851401,33.712711934404844,33.7825,33.7825,现货价格,33.7825,V4 池,33.712711934404844,0.206581,0.00,0.00
2025-12-03T11:56:16.990Z,33.72331886851401,33.712711934404844,33.7825,33.7825,现货价格,33.7825,V4 池,33.712711934404844,0.206581,0.00,0.00
2025-12-03T11:56:21.340Z,33.72331886851401,33.712711934404844,33.7945,33.7945,现货价格,33.7945,V4 池,33.712711934404844,0.242016,0.00,0.00
2025-12-03T11:56:21.425Z,33.72331886851401,33.712711934404844,33.7945,33.7945,现货价格,33.7945,V4 池,33.712711934404844,0.242016,0.00,0.00
2025-12-03T11:56:21.713Z,33.72331886851401,33.712711934404844,33.7945,33.7945,现货价格,33.7945,V4 池,33.712711934404844,0.242016,0.00,0.00
2025-12-03T11:56:21.756Z,33.72331886851401,33.712711934404844,33.7945,33.7945,现货价格,33.7945,V4 池,33.712711934404844,0.242016,0.00,0.00
2025-12-03T11:56:21.776Z,33.72331886851401,33.712711934404844,33.7945,33.7945,现货价格,33.7945,V4 池,33.712711934404844,0.242016,0.00,0.00
2025-12-03T11:56:21.867Z,33.72331886851401,33.712711934404844,33.7945,33.7945,现货价格,33.7945,V4 池,33.712711934404844,0.242016,0.00,0.00
2025-12-03T11:56:22.177Z,33.72331886851401,33.712711934404844,33.7945,33.7945,现货价格,33.7945,V4 池,33.712711934404844,0.242016,0.00,0.00
2025-12-03T11:56:26.328Z,33.72331886851401,33.712711934404844,33.7965,33.7965,现货价格,33.7965,V4 池,33.712711934404844,0.247919,0.00,0.00
2025-12-03T11:56:26.431Z,33.72331886851401,33.712711934404844,33.7965,33.7965,现货价格,33.7965,V4 池,33.712711934404844,0.247919,0.00,0.00
2025-12-03T11:56:26.478Z,33.72331886851401,33.712711934404844,33.7965,33.7965,现货价格,33.7965,V4 池,33.712711934404844,0.247919,0.00,0.00
2025-12-03T11:56:26.548Z,33.72331886851401,33.712711934404844,33.7965,33.7965,现货价格,33.7965,V4 池,33.712711934404844,0.247919,0.00,0.00
2025-12-03T11:56:26.766Z,33.72331886851401,33.712711934404844,33.7965,33.7965,现货价格,33.7965,V4 池,33.712711934404844,0.247919,0.00,0.00
2025-12-03T11:56:26.776Z,33.72331886851401,33.712711934404844,33.7965,33.7965,现货价格,33.7965,V4 池,33.712711934404844,0.247919,0.00,0.00
2025-12-03T11:56:26.992Z,33.72331886851401,33.712711934404844,33.7965,33.7965,现货价格,33.7965,V4 池,33.712711934404844,0.247919,0.00,0.00
2025-12-03T11:56:31.360Z,33.72331886851401,33.712711934404844,33.7995,33.7995,现货价格,33.7995,V4 池,33.712711934404844,0.256773,0.00,0.00
2025-12-03T11:56:31.361Z,33.72331886851401,33.712711934404844,33.7995,33.7995,现货价格,33.7995,V4 池,33.712711934404844,0.256773,0.00,0.00
2025-12-03T11:56:31.446Z,33.72331886851401,33.712711934404844,33.7995,33.7995,现货价格,33.7995,V4 池,33.712711934404844,0.256773,0.00,0.00
2025-12-03T11:56:31.587Z,33.72331886851401,33.712711934404844,33.8005,33.8005,现货价格,33.8005,V4 池,33.712711934404844,0.259724,0.00,0.00
2025-12-03T11:56:31.592Z,33.72331886851401,33.712711934404844,33.7995,33.7995,现货价格,33.7995,V4 池,33.712711934404844,0.256773,0.00,0.00
2025-12-03T11:56:31.671Z,33.72331886851401,33.712711934404844,33.8005,33.8005,现货价格,33.8005,V4 池,33.712711934404844,0.259724,0.00,0.00
2025-12-03T11:56:31.777Z,33.72331886851401,33.712711934404844,33.7995,33.7995,现货价格,33.7995,V4 池,33.712711934404844,0.256773,0.00,0.00
2025-12-03T11:56:36.252Z,33.72331886851401,33.712711934404844,33.8065,33.8065,现货价格,33.8065,V4 池,33.712711934404844,0.277426,0.00,0.00
2025-12-03T11:56:36.410Z,33.72331886851401,33.712711934404844,33.8065,33.8065,现货价格,33.8065,V4 池,33.712711934404844,0.277426,0.00,0.00
2025-12-03T11:56:36.417Z,33.72331886851401,33.712711934404844,33.8065,33.8065,现货价格,33.8065,V4 池,33.712711934404844,0.277426,0.00,0.00
2025-12-03T11:56:36.464Z,33.72331886851401,33.712711934404844,33.8065,33.8065,现货价格,33.8065,V4 池,33.712711934404844,0.277426,0.00,0.00
2025-12-03T11:56:36.492Z,33.72331886851401,33.712711934404844,33.8065,33.8065,现货价格,33.8065,V4 池,33.712711934404844,0.277426,0.00,0.00
2025-12-03T11:56:36.580Z,33.72331886851401,33.712711934404844,33.8065,33.8065,现货价格,33.8065,V4 池,33.712711934404844,0.277426,0.00,0.00
2025-12-03T11:56:36.802Z,33.72331886851401,33.712711934404844,33.8065,33.8065,现货价格,33.8065,V4 池,33.712711934404844,0.277426,0.00,0.00
2025-12-03T11:56:41.350Z,33.72331886851401,33.712711934404844,33.8115,33.8115,现货价格,33.8115,V4 池,33.712711934404844,0.292173,0.00,0.00
2025-12-03T11:56:41.350Z,33.72331886851401,33.712711934404844,33.8115,33.8115,现货价格,33.8115,V4 池,33.712711934404844,0.292173,0.00,0.00
2025-12-03T11:56:41.375Z,33.72331886851401,33.712711934404844,33.8115,33.8115,现货价格,33.8115,V4 池,33.712711934404844,0.292173,0.00,0.00
2025-12-03T11:56:41.502Z,33.72331886851401,33.712711934404844,33.8115,33.8115,现货价格,33.8115,V4 池,33.712711934404844,0.292173,0.00,0.00
2025-12-03T11:56:41.629Z,33.72331886851401,33.712711934404844,33.8115,33.8115,现货价格,33.8115,V4 池,33.712711934404844,0.292173,0.00,0.00
2025-12-03T11:56:41.693Z,33.72331886851401,33.712711934404844,33.8115,33.8115,现货价格,33.8115,V4 池,33.712711934404844,0.292173,0.00,0.00
2025-12-03T11:56:41.917Z,33.72331886851401,33.712711934404844,33.8095,33.8095,现货价格,33.8095,V4 池,33.712711934404844,0.286275,0.00,0.00
2025-12-03T11:56:46.370Z,33.72331886851401,33.712711934404844,33.8055,33.8055,现货价格,33.8055,V4 池,33.712711934404844,0.274476,0.00,0.00
2025-12-03T11:56:46.414Z,33.72331886851401,33.712711934404844,33.8055,33.8055,现货价格,33.8055,V4 池,33.712711934404844,0.274476,0.00,0.00
2025-12-03T11:56:46.454Z,33.72331886851401,33.712711934404844,33.8055,33.8055,现货价格,33.8055,V4 池,33.712711934404844,0.274476,0.00,0.00
2025-12-03T11:56:46.612Z,33.72331886851401,33.712711934404844,33.8055,33.8055,现货价格,33.8055,V4 池,33.712711934404844,0.274476,0.00,0.00
2025-12-03T11:56:46.612Z,33.72331886851401,33.712711934404844,33.8055,33.8055,现货价格,33.8055,V4 池,33.712711934404844,0.274476,0.00,0.00
2025-12-03T11:56:46.780Z,33.72331886851401,33.712711934404844,33.8055,33.8055,现货价格,33.8055,V4 池,33.712711934404844,0.274476,0.00,0.00
2025-12-03T11:56:46.890Z,33.72331886851401,33.712711934404844,33.8055,33.8055,现货价格,33.8055,V4 池,33.712711934404844,0.274476,0.00,0.00
2025-12-03T11:56:51.414Z,33.72331886851401,33.712711934404844,33.8055,33.8055,现货价格,33.8055,V4 池,33.712711934404844,0.274476,0.00,0.00
2025-12-03T11:56:51.420Z,33.72331886851401,33.712711934404844,33.8055,33.8055,现货价格,33.8055,V4 池,33.712711934404844,0.274476,0.00,0.00
2025-12-03T11:56:51.464Z,33.72331886851401,33.712711934404844,33.8055,33.8055,现货价格,33.8055,V4 池,33.712711934404844,0.274476,0.00,0.00
2025-12-03T11:56:51.485Z,33.72331886851401,33.712711934404844,33.8055,33.8055,现货价格,33.8055,V4 池,33.712711934404844,0.274476,0.00,0.00
2025-12-03T11:56:51.573Z,33.72331886851401,33.712711934404844,33.8055,33.8055,现货价格,33.8055,V4 池,33.712711934404844,0.274476,0.00,0.00
2025-12-03T11:56:51.798Z,33.72331886851401,33.712711934404844,33.8055,33.8055,现货价格,33.8055,V4 池,33.712711934404844,0.274476,0.00,0.00
2025-12-03T11:56:51.919Z,33.72331886851401,33.712711934404844,33.812,33.812,现货价格,33.812,V4 池,33.712711934404844,0.293647,0.00,0.00
2025-12-03T11:56:56.366Z,33.72331886851401,33.712711934404844,33.8065,33.8065,现货价格,33.8065,V4 池,33.712711934404844,0.277426,0.00,0.00
2025-12-03T11:56:56.492Z,33.72331886851401,33.712711934404844,33.8065,33.8065,现货价格,33.8065,V4 池,33.712711934404844,0.277426,0.00,0.00
2025-12-03T11:56:56.627Z,33.72331886851401,33.712711934404844,33.8065,33.8065,现货价格,33.8065,V4 池,33.712711934404844,0.277426,0.00,0.00
2025-12-03T11:56:56.763Z,33.72331886851401,33.712711934404844,33.8065,33.8065,现货价格,33.8065,V4 池,33.712711934404844,0.277426,0.00,0.00
2025-12-03T11:56:56.975Z,33.72331886851401,33.712711934404844,33.8065,33.8065,现货价格,33.8065,V4 池,33.712711934404844,0.277426,0.00,0.00
2025-12-03T11:56:57.582Z,33.72331886851401,33.712711934404844,33.8065,33.8065,现货价格,33.8065,V4 池,33.712711934404844,0.277426,0.00,0.00
2025-12-03T11:56:57.882Z,33.72331886851401,33.712711934404844,33.809,33.809,现货价格,33.809,V4 池,33.712711934404844,0.284800,0.00,0.00
2025-12-03T11:57:01.372Z,33.72331886851401,33.712711934404844,33.808,33.808,现货价格,33.808,V4 池,33.712711934404844,0.281851,0.00,0.00
2025-12-03T11:57:01.436Z,33.72331886851401,33.712711934404844,33.808,33.808,现货价格,33.808,V4 池,33.712711934404844,0.281851,0.00,0.00
2025-12-03T11:57:01.562Z,33.72331886851401,33.712711934404844,33.808,33.808,现货价格,33.808,V4 池,33.712711934404844,0.281851,0.00,0.00
2025-12-03T11:57:01.696Z,33.72331886851401,33.712711934404844,33.808,33.808,现货价格,33.808,V4 池,33.712711934404844,0.281851,0.00,0.00
2025-12-03T11:57:02.001Z,33.72331886851401,33.712711934404844,33.808,33.808,现货价格,33.808,V4 池,33.712711934404844,0.281851,0.00,0.00
2025-12-03T11:57:02.037Z,33.72331886851401,33.712711934404844,33.808,33.808,现货价格,33.808,V4 池,33.712711934404844,0.281851,0.00,0.00
2025-12-03T11:57:02.115Z,33.72331886851401,33.712711934404844,33.808,33.808,现货价格,33.808,V4 池,33.712711934404844,0.281851,0.00,0.00
2025-12-03T11:57:06.555Z,33.72331886851401,33.712711934404844,33.8205,33.8205,现货价格,33.8205,V4 池,33.712711934404844,0.318706,0.00,0.00
2025-12-03T11:57:06.567Z,33.72331886851401,33.712711934404844,33.8185,33.8185,现货价格,33.8185,V4 池,33.712711934404844,0.312811,0.00,0.00
2025-12-03T11:57:06.607Z,33.72331886851401,33.712711934404844,33.8205,33.8205,现货价格,33.8205,V4 池,33.712711934404844,0.318706,0.00,0.00
2025-12-03T11:57:06.628Z,33.72331886851401,33.712711934404844,33.8205,33.8205,现货价格,33.8205,V4 池,33.712711934404844,0.318706,0.00,0.00
2025-12-03T11:57:06.653Z,33.72331886851401,33.712711934404844,33.8185,33.8185,现货价格,33.8185,V4 池,33.712711934404844,0.312811,0.00,0.00
2025-12-03T11:57:06.907Z,33.72331886851401,33.712711934404844,33.8185,33.8185,现货价格,33.8185,V4 池,33.712711934404844,0.312811,0.00,0.00
2025-12-03T11:57:07.032Z,33.72331886851401,33.712711934404844,33.8205,33.8205,现货价格,33.8205,V4 池,33.712711934404844,0.318706,0.00,0.00
2025-12-03T11:57:11.445Z,33.72331886851401,33.712711934404844,33.8205,33.8205,现货价格,33.8205,V4 池,33.712711934404844,0.318706,0.00,0.00
2025-12-03T11:57:11.473Z,33.72331886851401,33.712711934404844,33.8205,33.8205,现货价格,33.8205,V4 池,33.712711934404844,0.318706,0.00,0.00
2025-12-03T11:57:11.579Z,33.72331886851401,33.712711934404844,33.8205,33.8205,现货价格,33.8205,V4 池,33.712711934404844,0.318706,0.00,0.00
2025-12-03T11:57:11.601Z,33.72331886851401,33.712711934404844,33.8205,33.8205,现货价格,33.8205,V4 池,33.712711934404844,0.318706,0.00,0.00
2025-12-03T11:57:11.650Z,33.72331886851401,33.712711934404844,33.8205,33.8205,现货价格,33.8205,V4 池,33.712711934404844,0.318706,0.00,0.00
2025-12-03T11:57:11.675Z,33.72331886851401,33.712711934404844,33.8205,33.8205,现货价格,33.8205,V4 池,33.712711934404844,0.318706,0.00,0.00
2025-12-03T11:57:11.716Z,33.72331886851401,33.712711934404844,33.8205,33.8205,现货价格,33.8205,V4 池,33.712711934404844,0.318706,0.00,0.00
2025-12-03T11:57:16.637Z,33.72331886851401,33.712711934404844,33.8155,33.8155,现货价格,33.8155,V4 池,33.712711934404844,0.303967,0.00,0.00
2025-12-03T11:57:16.765Z,33.72331886851401,33.712711934404844,33.8155,33.8155,现货价格,33.8155,V4 池,33.712711934404844,0.303967,0.00,0.00
2025-12-03T11:57:16.780Z,33.72331886851401,33.712711934404844,33.8155,33.8155,现货价格,33.8155,V4 池,33.712711934404844,0.303967,0.00,0.00
2025-12-03T11:57:16.786Z,33.72331886851401,33.712711934404844,33.8155,33.8155,现货价格,33.8155,V4 池,33.712711934404844,0.303967,0.00,0.00
2025-12-03T11:57:16.842Z,33.72331886851401,33.712711934404844,33.8155,33.8155,现货价格,33.8155,V4 池,33.712711934404844,0.303967,0.00,0.00
2025-12-03T11:57:17.055Z,33.72331886851401,33.712711934404844,33.8155,33.8155,现货价格,33.8155,V4 池,33.712711934404844,0.303967,0.00,0.00
2025-12-03T11:57:17.101Z,33.72331886851401,33.712711934404844,33.8155,33.8155,现货价格,33.8155,V4 池,33.712711934404844,0.303967,0.00,0.00
2025-12-03T11:57:21.563Z,33.72331886851401,33.712711934404844,33.8045,33.8045,现货价格,33.8045,V4 池,33.712711934404844,0.271526,0.00,0.00
2025-12-03T11:57:21.690Z,33.72331886851401,33.712711934404844,33.8045,33.8045,现货价格,33.8045,V4 池,33.712711934404844,0.271526,0.00,0.00
2025-12-03T11:57:21.814Z,33.72331886851401,33.712711934404844,33.8045,33.8045,现货价格,33.8045,V4 池,33.712711934404844,0.271526,0.00,0.00
2025-12-03T11:57:21.854Z,33.72331886851401,33.712711934404844,33.8045,33.8045,现货价格,33.8045,V4 池,33.712711934404844,0.271526,0.00,0.00
2025-12-03T11:57:21.862Z,33.72331886851401,33.712711934404844,33.8045,33.8045,现货价格,33.8045,V4 池,33.712711934404844,0.271526,0.00,0.00
2025-12-03T11:57:22.081Z,33.72331886851401,33.712711934404844,33.8045,33.8045,现货价格,33.8045,V4 池,33.712711934404844,0.271526,0.00,0.00
2025-12-03T11:57:22.108Z,33.72331886851401,33.712711934404844,33.8045,33.8045,现货价格,33.8045,V4 池,33.712711934404844,0.271526,0.00,0.00
2025-12-03T11:57:26.829Z,33.72331886851401,33.712711934404844,33.8105,33.8105,现货价格,33.8105,V4 池,33.712711934404844,0.289224,0.00,0.00
2025-12-03T11:57:26.930Z,33.72331886851401,33.712711934404844,33.8105,33.8105,现货价格,33.8105,V4 池,33.712711934404844,0.289224,0.00,0.00
2025-12-03T11:57:26.986Z,33.72331886851401,33.712711934404844,33.8105,33.8105,现货价格,33.8105,V4 池,33.712711934404844,0.289224,0.00,0.00
2025-12-03T11:57:27.111Z,33.72331886851401,33.712711934404844,33.8105,33.8105,现货价格,33.8105,V4 池,33.712711934404844,0.289224,0.00,0.00
2025-12-03T11:57:27.147Z,33.72331886851401,33.712711934404844,33.8105,33.8105,现货价格,33.8105,V4 池,33.712711934404844,0.289224,0.00,0.00
2025-12-03T11:57:27.149Z,33.72331886851401,33.712711934404844,33.8105,33.8105,现货价格,33.8105,V4 池,33.712711934404844,0.289224,0.00,0.00
2025-12-03T11:57:27.176Z,33.72331886851401,33.712711934404844,33.8105,33.8105,现货价格,33.8105,V4 池,33.712711934404844,0.289224,0.00,0.00
2025-12-03T11:57:31.507Z,33.72331886851401,33.712711934404844,33.8105,33.8105,现货价格,33.8105,V4 池,33.712711934404844,0.289224,0.00,0.00
2025-12-03T11:57:31.746Z,33.72331886851401,33.712711934404844,33.8105,33.8105,现货价格,33.8105,V4 池,33.712711934404844,0.289224,0.00,0.00
2025-12-03T11:57:31.925Z,33.72331886851401,33.712711934404844,33.8105,33.8105,现货价格,33.8105,V4 池,33.712711934404844,0.289224,0.00,0.00
2025-12-03T11:57:32.017Z,33.72331886851401,33.712711934404844,33.8105,33.8105,现货价格,33.8105,V4 池,33.712711934404844,0.289224,0.00,0.00
2025-12-03T11:57:32.174Z,33.72331886851401,33.712711934404844,33.8105,33.8105,现货价格,33.8105,V4 池,33.712711934404844,0.289224,0.00,0.00
2025-12-03T11:57:32.236Z,33.72331886851401,33.712711934404844,33.8105,33.8105,现货价格,33.8105,V4 池,33.712711934404844,0.289224,0.00,0.00
2025-12-03T11:57:32.272Z,33.72331886851401,33.712711934404844,33.8105,33.8105,现货价格,33.8105,V4 池,33.712711934404844,0.289224,0.00,0.00
2025-12-03T11:57:36.519Z,33.72331886851401,33.712711934404844,33.811,33.811,现货价格,33.811,V4 池,33.712711934404844,0.290698,0.00,0.00
2025-12-03T11:57:36.804Z,33.72331886851401,33.712711934404844,33.811,33.811,现货价格,33.811,V4 池,33.712711934404844,0.290698,0.00,0.00
2025-12-03T11:57:36.857Z,33.72331886851401,33.712711934404844,33.811,33.811,现货价格,33.811,V4 池,33.712711934404844,0.290698,0.00,0.00
2025-12-03T11:57:36.967Z,33.72331886851401,33.712711934404844,33.811,33.811,现货价格,33.811,V4 池,33.712711934404844,0.290698,0.00,0.00
2025-12-03T11:57:37.010Z,33.72331886851401,33.712711934404844,33.811,33.811,现货价格,33.811,V4 池,33.712711934404844,0.290698,0.00,0.00
2025-12-03T11:57:37.200Z,33.72331886851401,33.712711934404844,33.811,33.811,现货价格,33.811,V4 池,33.712711934404844,0.290698,0.00,0.00
2025-12-03T11:57:37.253Z,33.72331886851401,33.712711934404844,33.811,33.811,现货价格,33.811,V4 池,33.712711934404844,0.290698,0.00,0.00
2025-12-03T11:57:40.102Z,33.72589441837288,33.712711934404844,33.811,33.811,现货价格,33.811,V4 池,33.712711934404844,0.290698,0.00,0.00
2025-12-03T11:57:40.154Z,33.72589441837288,33.712711934404844,33.811,33.811,现货价格,33.811,V4 池,33.712711934404844,0.290698,0.00,0.00
2025-12-03T11:57:40.239Z,33.72589441837288,33.712711934404844,33.811,33.811,现货价格,33.811,V4 池,33.712711934404844,0.290698,0.00,0.00
2025-12-03T11:57:40.250Z,33.72589441837288,33.712711934404844,33.811,33.811,现货价格,33.811,V4 池,33.712711934404844,0.290698,0.00,0.00
2025-12-03T11:57:40.337Z,33.72589441837288,33.712711934404844,33.811,33.811,现货价格,33.811,V4 池,33.712711934404844,0.290698,0.00,0.00
2025-12-03T11:57:40.382Z,33.72589441837288,33.712711934404844,33.811,33.811,现货价格,33.811,V4 池,33.712711934404844,0.290698,0.00,0.00
2025-12-03T11:57:40.449Z,33.72589441837288,33.712711934404844,33.811,33.811,现货价格,33.811,V4 池,33.712711934404844,0.290698,0.00,0.00
2025-12-03T11:57:41.400Z,33.72589441837288,33.712711934404844,33.8195,33.8195,现货价格,33.8195,V4 池,33.712711934404844,0.315759,0.00,0.00
2025-12-03T11:57:41.607Z,33.72589441837288,33.712711934404844,33.8195,33.8195,现货价格,33.8195,V4 池,33.712711934404844,0.315759,0.00,0.00
2025-12-03T11:57:41.648Z,33.72589441837288,33.712711934404844,33.8195,33.8195,现货价格,33.8195,V4 池,33.712711934404844,0.315759,0.00,0.00
2025-12-03T11:57:41.726Z,33.72589441837288,33.712711934404844,33.8195,33.8195,现货价格,33.8195,V4 池,33.712711934404844,0.315759,0.00,0.00
2025-12-03T11:57:41.748Z,33.72589441837288,33.712711934404844,33.8195,33.8195,现货价格,33.8195,V4 池,33.712711934404844,0.315759,0.00,0.00
2025-12-03T11:57:41.766Z,33.72589441837288,33.712711934404844,33.8195,33.8195,现货价格,33.8195,V4 池,33.712711934404844,0.315759,0.00,0.00
2025-12-03T11:57:42.163Z,33.72589441837288,33.712711934404844,33.8195,33.8195,现货价格,33.8195,V4 池,33.712711934404844,0.315759,0.00,0.00
2025-12-03T11:57:46.935Z,33.72589441837288,33.712711934404844,33.8225,33.8225,现货价格,33.8225,V4 池,33.712711934404844,0.324601,0.00,0.00
2025-12-03T11:57:47.021Z,33.72589441837288,33.712711934404844,33.8225,33.8225,现货价格,33.8225,V4 池,33.712711934404844,0.324601,0.00,0.00
2025-12-03T11:57:47.105Z,33.72589441837288,33.712711934404844,33.8225,33.8225,现货价格,33.8225,V4 池,33.712711934404844,0.324601,0.00,0.00
2025-12-03T11:57:47.153Z,33.72589441837288,33.712711934404844,33.8225,33.8225,现货价格,33.8225,V4 池,33.712711934404844,0.324601,0.00,0.00
2025-12-03T11:57:47.158Z,33.72589441837288,33.712711934404844,33.8225,33.8225,现货价格,33.8225,V4 池,33.712711934404844,0.324601,0.00,0.00
2025-12-03T11:57:47.183Z,33.72589441837288,33.712711934404844,33.8225,33.8225,现货价格,33.8225,V4 池,33.712711934404844,0.324601,0.00,0.00
2025-12-03T11:57:47.215Z,33.72589441837288,33.712711934404844,33.8225,33.8225,现货价格,33.8225,V4 池,33.712711934404844,0.324601,0.00,0.00
2025-12-03T11:57:51.411Z,33.72589441837288,33.712711934404844,33.8225,33.8225,现货价格,33.8225,V4 池,33.712711934404844,0.324601,0.00,0.00
2025-12-03T11:57:51.624Z,33.72589441837288,33.712711934404844,33.8225,33.8225,现货价格,33.8225,V4 池,33.712711934404844,0.324601,0.00,0.00
2025-12-03T11:57:51.741Z,33.72589441837288,33.712711934404844,33.8225,33.8225,现货价格,33.8225,V4 池,33.712711934404844,0.324601,0.00,0.00
2025-12-03T11:57:51.789Z,33.72589441837288,33.712711934404844,33.8225,33.8225,现货价格,33.8225,V4 池,33.712711934404844,0.324601,0.00,0.00
2025-12-03T11:57:51.810Z,33.72589441837288,33.712711934404844,33.8225,33.8225,现货价格,33.8225,V4 池,33.712711934404844,0.324601,0.00,0.00
2025-12-03T11:57:51.812Z,33.72589441837288,33.712711934404844,33.8225,33.8225,现货价格,33.8225,V4 池,33.712711934404844,0.324601,0.00,0.00
2025-12-03T11:57:51.980Z,33.72589441837288,33.712711934404844,33.8225,33.8225,现货价格,33.8225,V4 池,33.712711934404844,0.324601,0.00,0.00
2025-12-03T11:57:51.983Z,33.72794575840427,33.712711934404844,33.8225,33.8225,现货价格,33.8225,V4 池,33.712711934404844,0.324601,0.00,0.00
2025-12-03T11:57:52.053Z,33.72794575840427,33.712711934404844,33.8225,33.8225,现货价格,33.8225,V4 池,33.712711934404844,0.324601,0.00,0.00
2025-12-03T11:57:52.099Z,33.72794575840427,33.712711934404844,33.8225,33.8225,现货价格,33.8225,V4 池,33.712711934404844,0.324601,0.00,0.00
2025-12-03T11:57:52.148Z,33.72794575840427,33.712711934404844,33.8225,33.8225,现货价格,33.8225,V4 池,33.712711934404844,0.324601,0.00,0.00
2025-12-03T11:57:52.184Z,33.72794575840427,33.712711934404844,33.8225,33.8225,现货价格,33.8225,V4 池,33.712711934404844,0.324601,0.00,0.00
2025-12-03T11:57:52.221Z,33.72794575840427,33.712711934404844,33.8225,33.8225,现货价格,33.8225,V4 池,33.712711934404844,0.324601,0.00,0.00
2025-12-03T11:57:52.234Z,33.72794575840427,33.712711934404844,33.8225,33.8225,现货价格,33.8225,V4 池,33.712711934404844,0.324601,0.00,0.00
2025-12-03T11:57:56.311Z,33.72794575840427,33.712711934404844,33.8235,33.8235,现货价格,33.8235,V4 池,33.712711934404844,0.327548,0.00,0.00
2025-12-03T11:57:56.670Z,33.72794575840427,33.712711934404844,33.8235,33.8235,现货价格,33.8235,V4 池,33.712711934404844,0.327548,0.00,0.00
2025-12-03T11:57:56.785Z,33.72794575840427,33.712711934404844,33.8235,33.8235,现货价格,33.8235,V4 池,33.712711934404844,0.327548,0.00,0.00
2025-12-03T11:57:56.823Z,33.72794575840427,33.712711934404844,33.8235,33.8235,现货价格,33.8235,V4 池,33.712711934404844,0.327548,0.00,0.00
2025-12-03T11:57:57.077Z,33.72794575840427,33.712711934404844,33.8235,33.8235,现货价格,33.8235,V4 池,33.712711934404844,0.327548,0.00,0.00
2025-12-03T11:57:57.091Z,33.72794575840427,33.712711934404844,33.8235,33.8235,现货价格,33.8235,V4 池,33.712711934404844,0.327548,0.00,0.00
2025-12-03T11:57:57.100Z,33.72794575840427,33.712711934404844,33.8235,33.8235,现货价格,33.8235,V4 池,33.712711934404844,0.327548,0.00,0.00
2025-12-03T11:57:58.001Z,33.72996235331868,33.712711934404844,33.8235,33.8235,现货价格,33.8235,V4 池,33.712711934404844,0.327548,0.00,0.00
2025-12-03T11:57:58.010Z,33.72996235331868,33.712711934404844,33.8235,33.8235,现货价格,33.8235,V4 池,33.712711934404844,0.327548,0.00,0.00
2025-12-03T11:57:58.017Z,33.72996235331868,33.712711934404844,33.8235,33.8235,现货价格,33.8235,V4 池,33.712711934404844,0.327548,0.00,0.00
2025-12-03T11:57:58.040Z,33.72996235331868,33.712711934404844,33.8235,33.8235,现货价格,33.8235,V4 池,33.712711934404844,0.327548,0.00,0.00
2025-12-03T11:57:58.056Z,33.72996235331868,33.712711934404844,33.8235,33.8235,现货价格,33.8235,V4 池,33.712711934404844,0.327548,0.00,0.00
2025-12-03T11:57:58.065Z,33.72996235331868,33.712711934404844,33.8235,33.8235,现货价格,33.8235,V4 池,33.712711934404844,0.327548,0.00,0.00
2025-12-03T11:57:58.125Z,33.72996235331868,33.712711934404844,33.8235,33.8235,现货价格,33.8235,V4 池,33.712711934404844,0.327548,0.00,0.00
2025-12-03T11:58:01.611Z,33.72996235331868,33.712711934404844,33.818,33.818,现货价格,33.818,V4 池,33.712711934404844,0.311337,0.00,0.00
2025-12-03T11:58:01.671Z,33.72996235331868,33.712711934404844,33.818,33.818,现货价格,33.818,V4 池,33.712711934404844,0.311337,0.00,0.00
2025-12-03T11:58:01.852Z,33.72996235331868,33.712711934404844,33.818,33.818,现货价格,33.818,V4 池,33.712711934404844,0.311337,0.00,0.00
2025-12-03T11:58:01.856Z,33.72996235331868,33.712711934404844,33.818,33.818,现货价格,33.818,V4 池,33.712711934404844,0.311337,0.00,0.00
2025-12-03T11:58:01.972Z,33.72996235331868,33.712711934404844,33.818,33.818,现货价格,33.818,V4 池,33.712711934404844,0.311337,0.00,0.00
2025-12-03T11:58:01.976Z,33.72996235331868,33.712711934404844,33.818,33.818,现货价格,33.818,V4 池,33.712711934404844,0.311337,0.00,0.00
2025-12-03T11:58:02.273Z,33.72996235331868,33.712711934404844,33.818,33.818,现货价格,33.818,V4 池,33.712711934404844,0.311337,0.00,0.00
2025-12-03T11:58:06.646Z,33.72996235331868,33.712711934404844,33.8165,33.8165,现货价格,33.8165,V4 池,33.712711934404844,0.306915,0.00,0.00
2025-12-03T11:58:06.718Z,33.72996235331868,33.712711934404844,33.8165,33.8165,现货价格,33.8165,V4 池,33.712711934404844,0.306915,0.00,0.00
2025-12-03T11:58:06.754Z,33.72996235331868,33.712711934404844,33.8165,33.8165,现货价格,33.8165,V4 池,33.712711934404844,0.306915,0.00,0.00
2025-12-03T11:58:06.954Z,33.72996235331868,33.712711934404844,33.8165,33.8165,现货价格,33.8165,V4 池,33.712711934404844,0.306915,0.00,0.00
2025-12-03T11:58:06.974Z,33.72996235331868,33.712711934404844,33.8165,33.8165,现货价格,33.8165,V4 池,33.712711934404844,0.306915,0.00,0.00
2025-12-03T11:58:07.019Z,33.72996235331868,33.712711934404844,33.8165,33.8165,现货价格,33.8165,V4 池,33.712711934404844,0.306915,0.00,0.00
2025-12-03T11:58:07.060Z,33.72996235331868,33.712711934404844,33.8165,33.8165,现货价格,33.8165,V4 池,33.712711934404844,0.306915,0.00,0.00
2025-12-03T11:58:11.610Z,33.72996235331868,33.712711934404844,33.8125,33.8125,现货价格,33.8125,V4 池,33.712711934404844,0.295122,0.00,0.00
2025-12-03T11:58:11.711Z,33.72996235331868,33.712711934404844,33.8125,33.8125,现货价格,33.8125,V4 池,33.712711934404844,0.295122,0.00,0.00
2025-12-03T11:58:11.715Z,33.72996235331868,33.712711934404844,33.8125,33.8125,现货价格,33.8125,V4 池,33.712711934404844,0.295122,0.00,0.00
2025-12-03T11:58:11.858Z,33.72996235331868,33.712711934404844,33.8125,33.8125,现货价格,33.8125,V4 池,33.712711934404844,0.295122,0.00,0.00
2025-12-03T11:58:11.907Z,33.72996235331868,33.712711934404844,33.8125,33.8125,现货价格,33.8125,V4 池,33.712711934404844,0.295122,0.00,0.00
2025-12-03T11:58:12.045Z,33.72996235331868,33.712711934404844,33.8125,33.8125,现货价格,33.8125,V4 池,33.712711934404844,0.295122,0.00,0.00
2025-12-03T11:58:12.227Z,33.72996235331868,33.712711934404844,33.8125,33.8125,现货价格,33.8125,V4 池,33.712711934404844,0.295122,0.00,0.00
2025-12-03T11:58:16.427Z,33.72996235331868,33.712711934404844,33.8105,33.8105,现货价格,33.8105,V4 池,33.712711934404844,0.289224,0.00,0.00
2025-12-03T11:58:16.544Z,33.72996235331868,33.712711934404844,33.8105,33.8105,现货价格,33.8105,V4 池,33.712711934404844,0.289224,0.00,0.00
2025-12-03T11:58:16.790Z,33.72996235331868,33.712711934404844,33.8105,33.8105,现货价格,33.8105,V4 池,33.712711934404844,0.289224,0.00,0.00
2025-12-03T11:58:16.894Z,33.72996235331868,33.712711934404844,33.8105,33.8105,现货价格,33.8105,V4 池,33.712711934404844,0.289224,0.00,0.00
2025-12-03T11:58:16.927Z,33.72996235331868,33.712711934404844,33.8105,33.8105,现货价格,33.8105,V4 池,33.712711934404844,0.289224,0.00,0.00
2025-12-03T11:58:17.079Z,33.72996235331868,33.712711934404844,33.8105,33.8105,现货价格,33.8105,V4 池,33.712711934404844,0.289224,0.00,0.00
2025-12-03T11:58:17.086Z,33.72996235331868,33.712711934404844,33.8105,33.8105,现货价格,33.8105,V4 池,33.712711934404844,0.289224,0.00,0.00
2025-12-03T11:58:21.293Z,33.72996235331868,33.712711934404844,33.8005,33.8005,现货价格,33.8005,V4 池,33.712711934404844,0.259724,0.00,0.00
2025-12-03T11:58:21.347Z,33.72996235331868,33.712711934404844,33.8005,33.8005,现货价格,33.8005,V4 池,33.712711934404844,0.259724,0.00,0.00
2025-12-03T11:58:21.389Z,33.72996235331868,33.712711934404844,33.8005,33.8005,现货价格,33.8005,V4 池,33.712711934404844,0.259724,0.00,0.00
2025-12-03T11:58:21.419Z,33.72996235331868,33.712711934404844,33.8005,33.8005,现货价格,33.8005,V4 池,33.712711934404844,0.259724,0.00,0.00
2025-12-03T11:58:21.423Z,33.72996235331868,33.712711934404844,33.8005,33.8005,现货价格,33.8005,V4 池,33.712711934404844,0.259724,0.00,0.00
2025-12-03T11:58:21.430Z,33.72996235331868,33.712711934404844,33.8005,33.8005,现货价格,33.8005,V4 池,33.712711934404844,0.259724,0.00,0.00
2025-12-03T11:58:22.046Z,33.72996235331868,33.712711934404844,33.8005,33.8005,现货价格,33.8005,V4 池,33.712711934404844,0.259724,0.00,0.00
2025-12-03T11:58:26.351Z,33.72996235331868,33.712711934404844,33.7965,33.7965,现货价格,33.7965,V4 池,33.712711934404844,0.247919,0.00,0.00
2025-12-03T11:58:26.383Z,33.72996235331868,33.712711934404844,33.7965,33.7965,现货价格,33.7965,V4 池,33.712711934404844,0.247919,0.00,0.00
2025-12-03T11:58:26.491Z,33.72996235331868,33.712711934404844,33.7965,33.7965,现货价格,33.7965,V4 池,33.712711934404844,0.247919,0.00,0.00
2025-12-03T11:58:26.553Z,33.72996235331868,33.712711934404844,33.7965,33.7965,现货价格,33.7965,V4 池,33.712711934404844,0.247919,0.00,0.00
2025-12-03T11:58:26.755Z,33.72996235331868,33.712711934404844,33.7965,33.7965,现货价格,33.7965,V4 池,33.712711934404844,0.247919,0.00,0.00
2025-12-03T11:58:26.763Z,33.72996235331868,33.712711934404844,33.7965,33.7965,现货价格,33.7965,V4 池,33.712711934404844,0.247919,0.00,0.00
2025-12-03T11:58:27.138Z,33.72996235331868,33.712711934404844,33.7965,33.7965,现货价格,33.7965,V4 池,33.712711934404844,0.247919,0.00,0.00
2025-12-03T11:58:31.406Z,33.72996235331868,33.712711934404844,33.7935,33.7935,现货价格,33.7935,V4 池,33.712711934404844,0.239064,0.00,0.00
2025-12-03T11:58:31.470Z,33.72996235331868,33.712711934404844,33.7935,33.7935,现货价格,33.7935,V4 池,33.712711934404844,0.239064,0.00,0.00
2025-12-03T11:58:31.492Z,33.72996235331868,33.712711934404844,33.7935,33.7935,现货价格,33.7935,V4 池,33.712711934404844,0.239064,0.00,0.00
2025-12-03T11:58:31.993Z,33.72996235331868,33.712711934404844,33.7935,33.7935,现货价格,33.7935,V4 池,33.712711934404844,0.239064,0.00,0.00
2025-12-03T11:58:32.125Z,33.72996235331868,33.712711934404844,33.7935,33.7935,现货价格,33.7935,V4 池,33.712711934404844,0.239064,0.00,0.00
2025-12-03T11:58:32.278Z,33.72996235331868,33.712711934404844,33.7935,33.7935,现货价格,33.7935,V4 池,33.712711934404844,0.239064,0.00,0.00
2025-12-03T11:58:32.385Z,33.72996235331868,33.712711934404844,33.7935,33.7935,现货价格,33.7935,V4 池,33.712711934404844,0.239064,0.00,0.00
2025-12-03T11:58:36.270Z,33.72996235331868,33.712711934404844,33.8025,33.8025,现货价格,33.8025,V4 池,33.712711934404844,0.265626,0.00,0.00
2025-12-03T11:58:36.302Z,33.72996235331868,33.712711934404844,33.8025,33.8025,现货价格,33.8025,V4 池,33.712711934404844,0.265626,0.00,0.00
2025-12-03T11:58:36.330Z,33.72996235331868,33.712711934404844,33.8025,33.8025,现货价格,33.8025,V4 池,33.712711934404844,0.265626,0.00,0.00
2025-12-03T11:58:36.367Z,33.72996235331868,33.712711934404844,33.8025,33.8025,现货价格,33.8025,V4 池,33.712711934404844,0.265626,0.00,0.00
2025-12-03T11:58:36.374Z,33.72996235331868,33.712711934404844,33.8025,33.8025,现货价格,33.8025,V4 池,33.712711934404844,0.265626,0.00,0.00
2025-12-03T11:58:36.386Z,33.72996235331868,33.712711934404844,33.8025,33.8025,现货价格,33.8025,V4 池,33.712711934404844,0.265626,0.00,0.00
2025-12-03T11:58:36.463Z,33.72996235331868,33.712711934404844,33.8025,33.8025,现货价格,33.8025,V4 池,33.712711934404844,0.265626,0.00,0.00
2025-12-03T11:58:41.288Z,33.72996235331868,33.712711934404844,33.7935,33.7935,现货价格,33.7935,V4 池,33.712711934404844,0.239064,0.00,0.00
2025-12-03T11:58:41.358Z,33.72996235331868,33.712711934404844,33.7935,33.7935,现货价格,33.7935,V4 池,33.712711934404844,0.239064,0.00,0.00
2025-12-03T11:58:41.441Z,33.72996235331868,33.712711934404844,33.7935,33.7935,现货价格,33.7935,V4 池,33.712711934404844,0.239064,0.00,0.00
2025-12-03T11:58:41.573Z,33.72996235331868,33.712711934404844,33.7935,33.7935,现货价格,33.7935,V4 池,33.712711934404844,0.239064,0.00,0.00
2025-12-03T11:58:41.833Z,33.72996235331868,33.712711934404844,33.7935,33.7935,现货价格,33.7935,V4 池,33.712711934404844,0.239064,0.00,0.00
2025-12-03T11:58:41.986Z,33.72996235331868,33.712711934404844,33.7935,33.7935,现货价格,33.7935,V4 池,33.712711934404844,0.239064,0.00,0.00
2025-12-03T11:58:42.290Z,33.72996235331868,33.712711934404844,33.7935,33.7935,现货价格,33.7935,V4 池,33.712711934404844,0.239064,0.00,0.00
2025-12-03T11:58:46.271Z,33.72996235331868,33.712711934404844,33.7935,33.7935,现货价格,33.7935,V4 池,33.712711934404844,0.239064,0.00,0.00
2025-12-03T11:58:46.335Z,33.72996235331868,33.712711934404844,33.7915,33.7915,现货价格,33.7915,V4 池,33.712711934404844,0.233159,0.00,0.00
2025-12-03T11:58:46.343Z,33.72996235331868,33.712711934404844,33.7915,33.7915,现货价格,33.7915,V4 池,33.712711934404844,0.233159,0.00,0.00
2025-12-03T11:58:46.344Z,33.72996235331868,33.712711934404844,33.7935,33.7935,现货价格,33.7935,V4 池,33.712711934404844,0.239064,0.00,0.00
2025-12-03T11:58:46.346Z,33.72996235331868,33.712711934404844,33.7915,33.7915,现货价格,33.7915,V4 池,33.712711934404844,0.233159,0.00,0.00
2025-12-03T11:58:46.540Z,33.72996235331868,33.712711934404844,33.7915,33.7915,现货价格,33.7915,V4 池,33.712711934404844,0.233159,0.00,0.00
2025-12-03T11:58:46.932Z,33.72996235331868,33.712711934404844,33.7915,33.7915,现货价格,33.7915,V4 池,33.712711934404844,0.233159,0.00,0.00
2025-12-03T11:58:51.275Z,33.72996235331868,33.712711934404844,33.7915,33.7915,现货价格,33.7915,V4 池,33.712711934404844,0.233159,0.00,0.00
2025-12-03T11:58:51.317Z,33.72996235331868,33.712711934404844,33.7915,33.7915,现货价格,33.7915,V4 池,33.712711934404844,0.233159,0.00,0.00
2025-12-03T11:58:51.348Z,33.72996235331868,33.712711934404844,33.7915,33.7915,现货价格,33.7915,V4 池,33.712711934404844,0.233159,0.00,0.00
2025-12-03T11:58:51.441Z,33.72996235331868,33.712711934404844,33.7915,33.7915,现货价格,33.7915,V4 池,33.712711934404844,0.233159,0.00,0.00
2025-12-03T11:58:51.454Z,33.72996235331868,33.712711934404844,33.7915,33.7915,现货价格,33.7915,V4 池,33.712711934404844,0.233159,0.00,0.00
2025-12-03T11:58:51.540Z,33.72996235331868,33.712711934404844,33.7915,33.7915,现货价格,33.7915,V4 池,33.712711934404844,0.233159,0.00,0.00
2025-12-03T11:58:52.303Z,33.72996235331868,33.712711934404844,33.7915,33.7915,现货价格,33.7915,V4 池,33.712711934404844,0.233159,0.00,0.00
2025-12-03T11:58:56.317Z,33.72996235331868,33.712711934404844,33.7805,33.7805,现货价格,33.7805,V4 池,33.712711934404844,0.200672,0.00,0.00
2025-12-03T11:58:56.459Z,33.72996235331868,33.712711934404844,33.7805,33.7805,现货价格,33.7805,V4 池,33.712711934404844,0.200672,0.00,0.00
2025-12-03T11:58:56.486Z,33.72996235331868,33.712711934404844,33.7805,33.7805,现货价格,33.7805,V4 池,33.712711934404844,0.200672,0.00,0.00
2025-12-03T11:58:56.501Z,33.72996235331868,33.712711934404844,33.7805,33.7805,现货价格,33.7805,V4 池,33.712711934404844,0.200672,0.00,0.00
2025-12-03T11:58:56.512Z,33.72996235331868,33.712711934404844,33.7805,33.7805,现货价格,33.7805,V4 池,33.712711934404844,0.200672,0.00,0.00
2025-12-03T11:58:56.560Z,33.72996235331868,33.712711934404844,33.7805,33.7805,现货价格,33.7805,V4 池,33.712711934404844,0.200672,0.00,0.00
2025-12-03T11:58:56.654Z,33.72996235331868,33.712711934404844,33.7805,33.7805,现货价格,33.7805,V4 池,33.712711934404844,0.200672,0.00,0.00
2025-12-03T11:59:01.291Z,33.72996235331868,33.712711934404844,33.7765,33.7765,现货价格,33.7765,V4 池,33.712711934404844,0.188853,0.00,0.00
2025-12-03T11:59:01.573Z,33.72996235331868,33.712711934404844,33.7765,33.7765,现货价格,33.7765,V4 池,33.712711934404844,0.188853,0.00,0.00
2025-12-03T11:59:01.666Z,33.72996235331868,33.712711934404844,33.7765,33.7765,现货价格,33.7765,V4 池,33.712711934404844,0.188853,0.00,0.00
2025-12-03T11:59:02.129Z,33.72996235331868,33.712711934404844,33.7765,33.7765,现货价格,33.7765,V4 池,33.712711934404844,0.188853,0.00,0.00
2025-12-03T11:59:02.234Z,33.72996235331868,33.712711934404844,33.7765,33.7765,现货价格,33.7765,V4 池,33.712711934404844,0.188853,0.00,0.00
2025-12-03T11:59:02.799Z,33.72996235331868,33.712711934404844,33.7765,33.7765,现货价格,33.7765,V4 池,33.712711934404844,0.188853,0.00,0.00
2025-12-03T11:59:03.669Z,33.72996235331868,33.712711934404844,33.7765,33.7765,现货价格,33.7765,V4 池,33.712711934404844,0.188853,0.00,0.00
2025-12-03T11:59:06.679Z,33.72996235331868,33.712711934404844,33.7765,33.7765,现货价格,33.7765,V4 池,33.712711934404844,0.188853,0.00,0.00
2025-12-03T11:59:06.728Z,33.72996235331868,33.712711934404844,33.7765,33.7765,现货价格,33.7765,V4 池,33.712711934404844,0.188853,0.00,0.00
2025-12-03T11:59:06.746Z,33.72996235331868,33.712711934404844,33.7765,33.7765,现货价格,33.7765,V4 池,33.712711934404844,0.188853,0.00,0.00
2025-12-03T11:59:06.866Z,33.72996235331868,33.712711934404844,33.7765,33.7765,现货价格,33.7765,V4 池,33.712711934404844,0.188853,0.00,0.00
2025-12-03T11:59:07.129Z,33.72996235331868,33.712711934404844,33.7765,33.7765,现货价格,33.7765,V4 池,33.712711934404844,0.188853,0.00,0.00
2025-12-03T11:59:07.190Z,33.72996235331868,33.712711934404844,33.7765,33.7765,现货价格,33.7765,V4 池,33.712711934404844,0.188853,0.00,0.00
2025-12-03T11:59:07.380Z,33.72996235331868,33.712711934404844,33.7765,33.7765,现货价格,33.7765,V4 池,33.712711934404844,0.188853,0.00,0.00
2025-12-03T11:59:11.660Z,33.72996235331868,33.712711934404844,33.7745,33.7745,现货价格,33.7745,V4 池,33.712711934404844,0.182943,0.00,0.00
2025-12-03T11:59:11.744Z,33.72996235331868,33.712711934404844,33.7745,33.7745,现货价格,33.7745,V4 池,33.712711934404844,0.182943,0.00,0.00
2025-12-03T11:59:11.796Z,33.72996235331868,33.712711934404844,33.7745,33.7745,现货价格,33.7745,V4 池,33.712711934404844,0.182943,0.00,0.00
2025-12-03T11:59:11.908Z,33.72996235331868,33.712711934404844,33.7745,33.7745,现货价格,33.7745,V4 池,33.712711934404844,0.182943,0.00,0.00
2025-12-03T11:59:11.990Z,33.72996235331868,33.712711934404844,33.7745,33.7745,现货价格,33.7745,V4 池,33.712711934404844,0.182943,0.00,0.00
2025-12-03T11:59:12.494Z,33.72996235331868,33.712711934404844,33.7745,33.7745,现货价格,33.7745,V4 池,33.712711934404844,0.182943,0.00,0.00
2025-12-03T11:59:13.126Z,33.72996235331868,33.712711934404844,33.7745,33.7745,现货价格,33.7745,V4 池,33.712711934404844,0.182943,0.00,0.00
2025-12-03T11:59:16.367Z,33.72996235331868,33.712711934404844,33.7855,33.7855,现货价格,33.7855,V4 池,33.712711934404844,0.215442,0.00,0.00
2025-12-03T11:59:16.531Z,33.72996235331868,33.712711934404844,33.7855,33.7855,现货价格,33.7855,V4 池,33.712711934404844,0.215442,0.00,0.00
2025-12-03T11:59:16.656Z,33.72996235331868,33.712711934404844,33.7855,33.7855,现货价格,33.7855,V4 池,33.712711934404844,0.215442,0.00,0.00
2025-12-03T11:59:16.734Z,33.72996235331868,33.712711934404844,33.7855,33.7855,现货价格,33.7855,V4 池,33.712711934404844,0.215442,0.00,0.00
2025-12-03T11:59:16.740Z,33.72996235331868,33.712711934404844,33.7855,33.7855,现货价格,33.7855,V4 池,33.712711934404844,0.215442,0.00,0.00
2025-12-03T11:59:16.787Z,33.72996235331868,33.712711934404844,33.7825,33.7825,现货价格,33.7825,V4 池,33.712711934404844,0.206581,0.00,0.00
2025-12-03T11:59:18.380Z,33.72996235331868,33.712711934404844,33.7855,33.7855,现货价格,33.7855,V4 池,33.712711934404844,0.215442,0.00,0.00
2025-12-03T11:59:21.577Z,33.72996235331868,33.712711934404844,33.787,33.787,现货价格,33.787,V4 池,33.712711934404844,0.219872,0.00,0.00
2025-12-03T11:59:21.590Z,33.72996235331868,33.712711934404844,33.787,33.787,现货价格,33.787,V4 池,33.712711934404844,0.219872,0.00,0.00
2025-12-03T11:59:21.674Z,33.72996235331868,33.712711934404844,33.787,33.787,现货价格,33.787,V4 池,33.712711934404844,0.219872,0.00,0.00
2025-12-03T11:59:21.681Z,33.72996235331868,33.712711934404844,33.787,33.787,现货价格,33.787,V4 池,33.712711934404844,0.219872,0.00,0.00
2025-12-03T11:59:21.851Z,33.72996235331868,33.712711934404844,33.787,33.787,现货价格,33.787,V4 池,33.712711934404844,0.219872,0.00,0.00
2025-12-03T11:59:21.876Z,33.72996235331868,33.712711934404844,33.787,33.787,现货价格,33.787,V4 池,33.712711934404844,0.219872,0.00,0.00
2025-12-03T11:59:21.934Z,33.72996235331868,33.712711934404844,33.787,33.787,现货价格,33.787,V4 池,33.712711934404844,0.219872,0.00,0.00
2025-12-03T11:59:26.405Z,33.72996235331868,33.712711934404844,33.7785,33.7785,现货价格,33.7785,V4 池,33.712711934404844,0.194763,0.00,0.00
2025-12-03T11:59:26.427Z,33.72996235331868,33.712711934404844,33.7785,33.7785,现货价格,33.7785,V4 池,33.712711934404844,0.194763,0.00,0.00
2025-12-03T11:59:26.483Z,33.72996235331868,33.712711934404844,33.7785,33.7785,现货价格,33.7785,V4 池,33.712711934404844,0.194763,0.00,0.00
2025-12-03T11:59:26.731Z,33.72996235331868,33.712711934404844,33.7785,33.7785,现货价格,33.7785,V4 池,33.712711934404844,0.194763,0.00,0.00
2025-12-03T11:59:26.835Z,33.72996235331868,33.712711934404844,33.7785,33.7785,现货价格,33.7785,V4 池,33.712711934404844,0.194763,0.00,0.00
2025-12-03T11:59:26.852Z,33.72996235331868,33.712711934404844,33.7785,33.7785,现货价格,33.7785,V4 池,33.712711934404844,0.194763,0.00,0.00
2025-12-03T11:59:27.188Z,33.72996235331868,33.712711934404844,33.7785,33.7785,现货价格,33.7785,V4 池,33.712711934404844,0.194763,0.00,0.00
2025-12-03T11:59:31.298Z,33.72996235331868,33.712711934404844,33.7785,33.7785,现货价格,33.7785,V4 池,33.712711934404844,0.194763,0.00,0.00
2025-12-03T11:59:31.331Z,33.72996235331868,33.712711934404844,33.7785,33.7785,现货价格,33.7785,V4 池,33.712711934404844,0.194763,0.00,0.00
2025-12-03T11:59:31.528Z,33.72996235331868,33.712711934404844,33.7785,33.7785,现货价格,33.7785,V4 池,33.712711934404844,0.194763,0.00,0.00
2025-12-03T11:59:31.543Z,33.72996235331868,33.712711934404844,33.7785,33.7785,现货价格,33.7785,V4 池,33.712711934404844,0.194763,0.00,0.00
2025-12-03T11:59:31.544Z,33.72996235331868,33.712711934404844,33.7785,33.7785,现货价格,33.7785,V4 池,33.712711934404844,0.194763,0.00,0.00
2025-12-03T11:59:31.560Z,33.72996235331868,33.712711934404844,33.7785,33.7785,现货价格,33.7785,V4 池,33.712711934404844,0.194763,0.00,0.00
2025-12-03T11:59:31.661Z,33.72996235331868,33.712711934404844,33.7785,33.7785,现货价格,33.7785,V4 池,33.712711934404844,0.194763,0.00,0.00
2025-12-03T11:59:36.285Z,33.72996235331868,33.712711934404844,33.7785,33.7785,现货价格,33.7785,V4 池,33.712711934404844,0.194763,0.00,0.00
2025-12-03T11:59:36.311Z,33.72996235331868,33.712711934404844,33.7785,33.7785,现货价格,33.7785,V4 池,33.712711934404844,0.194763,0.00,0.00
2025-12-03T11:59:36.355Z,33.72996235331868,33.712711934404844,33.7785,33.7785,现货价格,33.7785,V4 池,33.712711934404844,0.194763,0.00,0.00
2025-12-03T11:59:36.365Z,33.72996235331868,33.712711934404844,33.7785,33.7785,现货价格,33.7785,V4 池,33.712711934404844,0.194763,0.00,0.00
2025-12-03T11:59:36.374Z,33.72996235331868,33.712711934404844,33.7785,33.7785,现货价格,33.7785,V4 池,33.712711934404844,0.194763,0.00,0.00
2025-12-03T11:59:36.424Z,33.72996235331868,33.712711934404844,33.7785,33.7785,现货价格,33.7785,V4 池,33.712711934404844,0.194763,0.00,0.00
2025-12-03T11:59:37.043Z,33.72996235331868,33.712711934404844,33.7785,33.7785,现货价格,33.7785,V4 池,33.712711934404844,0.194763,0.00,0.00
2025-12-03T11:59:41.259Z,33.72996235331868,33.712711934404844,33.7785,33.7785,现货价格,33.7785,V4 池,33.712711934404844,0.194763,0.00,0.00
2025-12-03T11:59:41.285Z,33.72996235331868,33.712711934404844,33.7785,33.7785,现货价格,33.7785,V4 池,33.712711934404844,0.194763,0.00,0.00
2025-12-03T11:59:41.333Z,33.72996235331868,33.712711934404844,33.7785,33.7785,现货价格,33.7785,V4 池,33.712711934404844,0.194763,0.00,0.00
2025-12-03T11:59:41.394Z,33.72996235331868,33.712711934404844,33.7785,33.7785,现货价格,33.7785,V4 池,33.712711934404844,0.194763,0.00,0.00
2025-12-03T11:59:41.469Z,33.72996235331868,33.712711934404844,33.7785,33.7785,现货价格,33.7785,V4 池,33.712711934404844,0.194763,0.00,0.00
2025-12-03T11:59:41.478Z,33.72996235331868,33.712711934404844,33.7785,33.7785,现货价格,33.7785,V4 池,33.712711934404844,0.194763,0.00,0.00
2025-12-03T11:59:41.615Z,33.72996235331868,33.712711934404844,33.7785,33.7785,现货价格,33.7785,V4 池,33.712711934404844,0.194763,0.00,0.00
2025-12-03T11:59:46.308Z,33.72996235331868,33.712711934404844,33.7785,33.7785,现货价格,33.7785,V4 池,33.712711934404844,0.194763,0.00,0.00
2025-12-03T11:59:46.368Z,33.72996235331868,33.712711934404844,33.7785,33.7785,现货价格,33.7785,V4 池,33.712711934404844,0.194763,0.00,0.00
2025-12-03T11:59:46.393Z,33.72996235331868,33.712711934404844,33.7785,33.7785,现货价格,33.7785,V4 池,33.712711934404844,0.194763,0.00,0.00
2025-12-03T11:59:46.404Z,33.72996235331868,33.712711934404844,33.7785,33.7785,现货价格,33.7785,V4 池,33.712711934404844,0.194763,0.00,0.00
2025-12-03T11:59:46.447Z,33.72996235331868,33.712711934404844,33.7785,33.7785,现货价格,33.7785,V4 池,33.712711934404844,0.194763,0.00,0.00
2025-12-03T11:59:46.456Z,33.72996235331868,33.712711934404844,33.7785,33.7785,现货价格,33.7785,V4 池,33.712711934404844,0.194763,0.00,0.00
2025-12-03T11:59:46.523Z,33.72996235331868,33.712711934404844,33.7785,33.7785,现货价格,33.7785,V4 池,33.712711934404844,0.194763,0.00,0.00
2025-12-03T11:59:51.268Z,33.72996235331868,33.712711934404844,33.7865,33.7865,现货价格,33.7865,V4 池,33.712711934404844,0.218395,0.00,0.00
2025-12-03T11:59:51.398Z,33.72996235331868,33.712711934404844,33.7935,33.7935,现货价格,33.7935,V4 池,33.712711934404844,0.239064,0.00,0.00
2025-12-03T11:59:51.411Z,33.72996235331868,33.712711934404844,33.7865,33.7865,现货价格,33.7865,V4 池,33.712711934404844,0.218395,0.00,0.00
2025-12-03T11:59:51.473Z,33.72996235331868,33.712711934404844,33.7865,33.7865,现货价格,33.7865,V4 池,33.712711934404844,0.218395,0.00,0.00
2025-12-03T11:59:51.494Z,33.72996235331868,33.712711934404844,33.7935,33.7935,现货价格,33.7935,V4 池,33.712711934404844,0.239064,0.00,0.00
2025-12-03T11:59:51.495Z,33.72996235331868,33.712711934404844,33.7935,33.7935,现货价格,33.7935,V4 池,33.712711934404844,0.239064,0.00,0.00
2025-12-03T11:59:51.665Z,33.72996235331868,33.712711934404844,33.7935,33.7935,现货价格,33.7935,V4 池,33.712711934404844,0.239064,0.00,0.00
2025-12-03T11:59:56.330Z,33.72996235331868,33.712711934404844,33.7875,33.7875,现货价格,33.7875,V4 池,33.712711934404844,0.221348,0.00,0.00
2025-12-03T11:59:56.395Z,33.72996235331868,33.712711934404844,33.7875,33.7875,现货价格,33.7875,V4 池,33.712711934404844,0.221348,0.00,0.00
2025-12-03T11:59:56.411Z,33.72996235331868,33.712711934404844,33.7875,33.7875,现货价格,33.7875,V4 池,33.712711934404844,0.221348,0.00,0.00
2025-12-03T11:59:56.440Z,33.72996235331868,33.712711934404844,33.7875,33.7875,现货价格,33.7875,V4 池,33.712711934404844,0.221348,0.00,0.00
2025-12-03T11:59:56.449Z,33.72996235331868,33.712711934404844,33.7875,33.7875,现货价格,33.7875,V4 池,33.712711934404844,0.221348,0.00,0.00
2025-12-03T11:59:56.521Z,33.72996235331868,33.712711934404844,33.7875,33.7875,现货价格,33.7875,V4 池,33.712711934404844,0.221348,0.00,0.00
2025-12-03T11:59:56.607Z,33.72996235331868,33.712711934404844,33.7875,33.7875,现货价格,33.7875,V4 池,33.712711934404844,0.221348,0.00,0.00
2025-12-03T12:00:01.322Z,33.72996235331868,33.712711934404844,33.7835,33.7835,现货价格,33.7835,V4 池,33.712711934404844,0.209534,0.00,0.00
2025-12-03T12:00:01.354Z,33.72996235331868,33.712711934404844,33.7835,33.7835,现货价格,33.7835,V4 池,33.712711934404844,0.209534,0.00,0.00
2025-12-03T12:00:01.361Z,33.72996235331868,33.712711934404844,33.7835,33.7835,现货价格,33.7835,V4 池,33.712711934404844,0.209534,0.00,0.00
2025-12-03T12:00:01.362Z,33.72996235331868,33.712711934404844,33.7835,33.7835,现货价格,33.7835,V4 池,33.712711934404844,0.209534,0.00,0.00
2025-12-03T12:00:01.435Z,33.72996235331868,33.712711934404844,33.7835,33.7835,现货价格,33.7835,V4 池,33.712711934404844,0.209534,0.00,0.00
2025-12-03T12:00:01.542Z,33.72996235331868,33.712711934404844,33.7835,33.7835,现货价格,33.7835,V4 池,33.712711934404844,0.209534,0.00,0.00
2025-12-03T12:00:01.685Z,33.72996235331868,33.712711934404844,33.7835,33.7835,现货价格,33.7835,V4 池,33.712711934404844,0.209534,0.00,0.00
2025-12-03T12:00:06.535Z,33.72996235331868,33.712711934404844,33.7835,33.7835,现货价格,33.7835,V4 池,33.712711934404844,0.209534,0.00,0.00
2025-12-03T12:00:06.777Z,33.72996235331868,33.712711934404844,33.7835,33.7835,现货价格,33.7835,V4 池,33.712711934404844,0.209534,0.00,0.00
2025-12-03T12:00:06.801Z,33.72996235331868,33.712711934404844,33.7835,33.7835,现货价格,33.7835,V4 池,33.712711934404844,0.209534,0.00,0.00
2025-12-03T12:00:06.920Z,33.72996235331868,33.712711934404844,33.7835,33.7835,现货价格,33.7835,V4 池,33.712711934404844,0.209534,0.00,0.00
2025-12-03T12:00:07.143Z,33.72996235331868,33.712711934404844,33.7835,33.7835,现货价格,33.7835,V4 池,33.712711934404844,0.209534,0.00,0.00
2025-12-03T12:00:08.056Z,33.72996235331868,33.712711934404844,33.7835,33.7835,现货价格,33.7835,V4 池,33.712711934404844,0.209534,0.00,0.00
2025-12-03T12:00:08.980Z,33.72996235331868,33.712711934404844,33.7835,33.7835,现货价格,33.7835,V4 池,33.712711934404844,0.209534,0.00,0.00
2025-12-03T12:00:11.325Z,33.72996235331868,33.712711934404844,33.791,33.791,现货价格,33.791,V4 池,33.712711934404844,0.231683,0.00,0.00
2025-12-03T12:00:11.406Z,33.72996235331868,33.712711934404844,33.793,33.793,现货价格,33.793,V4 池,33.712711934404844,0.237588,0.00,0.00
2025-12-03T12:00:11.572Z,33.72996235331868,33.712711934404844,33.793,33.793,现货价格,33.793,V4 池,33.712711934404844,0.237588,0.00,0.00
2025-12-03T12:00:11.584Z,33.72996235331868,33.712711934404844,33.793,33.793,现货价格,33.793,V4 池,33.712711934404844,0.237588,0.00,0.00
2025-12-03T12:00:11.862Z,33.72996235331868,33.712711934404844,33.793,33.793,现货价格,33.793,V4 池,33.712711934404844,0.237588,0.00,0.00
2025-12-03T12:00:12.070Z,33.72996235331868,33.712711934404844,33.793,33.793,现货价格,33.793,V4 池,33.712711934404844,0.237588,0.00,0.00
2025-12-03T12:00:13.369Z,33.72996235331868,33.712711934404844,33.793,33.793,现货价格,33.793,V4 池,33.712711934404844,0.237588,0.00,0.00
2025-12-03T12:00:16.484Z,33.72996235331868,33.712711934404844,33.7765,33.7765,现货价格,33.7765,V4 池,33.712711934404844,0.188853,0.00,0.00
2025-12-03T12:00:16.623Z,33.72996235331868,33.712711934404844,33.7765,33.7765,现货价格,33.7765,V4 池,33.712711934404844,0.188853,0.00,0.00
2025-12-03T12:00:16.773Z,33.72996235331868,33.712711934404844,33.7765,33.7765,现货价格,33.7765,V4 池,33.712711934404844,0.188853,0.00,0.00
2025-12-03T12:00:16.828Z,33.72996235331868,33.712711934404844,33.7765,33.7765,现货价格,33.7765,V4 池,33.712711934404844,0.188853,0.00,0.00
2025-12-03T12:00:16.867Z,33.72996235331868,33.712711934404844,33.7765,33.7765,现货价格,33.7765,V4 池,33.712711934404844,0.188853,0.00,0.00
2025-12-03T12:00:16.906Z,33.72996235331868,33.712711934404844,33.7765,33.7765,现货价格,33.7765,V4 池,33.712711934404844,0.188853,0.00,0.00
2025-12-03T12:00:18.399Z,33.72996235331868,33.712711934404844,33.7775,33.7775,现货价格,33.7775,V4 池,33.712711934404844,0.191808,0.00,0.00
2025-12-03T12:00:21.389Z,33.72996235331868,33.712711934404844,33.7735,33.7735,现货价格,33.7735,V4 池,33.712711934404844,0.179987,0.00,0.00
2025-12-03T12:00:21.424Z,33.72996235331868,33.712711934404844,33.774,33.774,现货价格,33.774,V4 池,33.712711934404844,0.181465,0.00,0.00
2025-12-03T12:00:21.538Z,33.72996235331868,33.712711934404844,33.7735,33.7735,现货价格,33.7735,V4 池,33.712711934404844,0.179987,0.00,0.00
2025-12-03T12:00:21.586Z,33.72996235331868,33.712711934404844,33.7735,33.7735,现货价格,33.7735,V4 池,33.712711934404844,0.179987,0.00,0.00
2025-12-03T12:00:21.681Z,33.72996235331868,33.712711934404844,33.7735,33.7735,现货价格,33.7735,V4 池,33.712711934404844,0.179987,0.00,0.00
2025-12-03T12:00:21.852Z,33.72996235331868,33.712711934404844,33.774,33.774,现货价格,33.774,V4 池,33.712711934404844,0.181465,0.00,0.00
2025-12-03T12:00:22.114Z,33.72996235331868,33.712711934404844,33.7735,33.7735,现货价格,33.7735,V4 池,33.712711934404844,0.179987,0.00,0.00
2025-12-03T12:00:26.308Z,33.72996235331868,33.712711934404844,33.7695,33.7695,现货价格,33.7695,V4 池,33.712711934404844,0.168164,0.00,0.00
2025-12-03T12:00:26.400Z,33.72996235331868,33.712711934404844,33.7695,33.7695,现货价格,33.7695,V4 池,33.712711934404844,0.168164,0.00,0.00
2025-12-03T12:00:26.414Z,33.72996235331868,33.712711934404844,33.7695,33.7695,现货价格,33.7695,V4 池,33.712711934404844,0.168164,0.00,0.00
2025-12-03T12:00:26.448Z,33.72996235331868,33.712711934404844,33.7695,33.7695,现货价格,33.7695,V4 池,33.712711934404844,0.168164,0.00,0.00
2025-12-03T12:00:26.500Z,33.72996235331868,33.712711934404844,33.7695,33.7695,现货价格,33.7695,V4 池,33.712711934404844,0.168164,0.00,0.00
2025-12-03T12:00:26.503Z,33.72996235331868,33.712711934404844,33.7695,33.7695,现货价格,33.7695,V4 池,33.712711934404844,0.168164,0.00,0.00
2025-12-03T12:00:26.684Z,33.72996235331868,33.712711934404844,33.7695,33.7695,现货价格,33.7695,V4 池,33.712711934404844,0.168164,0.00,0.00
2025-12-03T12:00:31.430Z,33.72996235331868,33.712711934404844,33.7635,33.7635,现货价格,33.7635,V4 池,33.712711934404844,0.150423,0.00,0.00
2025-12-03T12:00:31.462Z,33.72996235331868,33.712711934404844,33.765,33.765,现货价格,33.765,V4 池,33.712711934404844,0.154859,0.00,0.00
2025-12-03T12:00:31.569Z,33.72996235331868,33.712711934404844,33.7635,33.7635,现货价格,33.7635,V4 池,33.712711934404844,0.150423,0.00,0.00
2025-12-03T12:00:31.594Z,33.72996235331868,33.712711934404844,33.765,33.765,现货价格,33.765,V4 池,33.712711934404844,0.154859,0.00,0.00
2025-12-03T12:00:31.640Z,33.72996235331868,33.712711934404844,33.765,33.765,现货价格,33.765,V4 池,33.712711934404844,0.154859,0.00,0.00
2025-12-03T12:00:31.671Z,33.72996235331868,33.712711934404844,33.765,33.765,现货价格,33.765,V4 池,33.712711934404844,0.154859,0.00,0.00
2025-12-03T12:00:31.792Z,33.72996235331868,33.712711934404844,33.765,33.765,现货价格,33.765,V4 池,33.712711934404844,0.154859,0.00,0.00
2025-12-03T12:00:36.405Z,33.72996235331868,33.712711934404844,33.7485,33.7485,现货价格,33.7485,V4 池,33.712711934404844,0.106043,0.00,0.00
2025-12-03T12:00:36.456Z,33.72996235331868,33.712711934404844,33.7485,33.7485,现货价格,33.7485,V4 池,33.712711934404844,0.106043,0.00,0.00
2025-12-03T12:00:36.467Z,33.72996235331868,33.712711934404844,33.7485,33.7485,现货价格,33.7485,V4 池,33.712711934404844,0.106043,0.00,0.00
2025-12-03T12:00:36.491Z,33.72996235331868,33.712711934404844,33.7485,33.7485,现货价格,33.7485,V4 池,33.712711934404844,0.106043,0.00,0.00
2025-12-03T12:00:36.600Z,33.72996235331868,33.712711934404844,33.7485,33.7485,现货价格,33.7485,V4 池,33.712711934404844,0.106043,0.00,0.00
2025-12-03T12:00:36.649Z,33.72996235331868,33.712711934404844,33.7485,33.7485,现货价格,33.7485,V4 池,33.712711934404844,0.106043,0.00,0.00
2025-12-03T12:00:36.668Z,33.72996235331868,33.712711934404844,33.7485,33.7485,现货价格,33.7485,V4 池,33.712711934404844,0.106043,0.00,0.00
2025-12-03T12:00:51.329Z,33.72996235331868,33.712711934404844,33.7475,33.7475,现货价格,33.7475,V4 池,33.712711934404844,0.103083,0.00,0.00
2025-12-03T12:00:51.343Z,33.72996235331868,33.712711934404844,33.7475,33.7475,现货价格,33.7475,V4 池,33.712711934404844,0.103083,0.00,0.00
2025-12-03T12:00:51.348Z,33.72996235331868,33.712711934404844,33.7475,33.7475,现货价格,33.7475,V4 池,33.712711934404844,0.103083,0.00,0.00
2025-12-03T12:00:51.363Z,33.72996235331868,33.712711934404844,33.7475,33.7475,现货价格,33.7475,V4 池,33.712711934404844,0.103083,0.00,0.00
2025-12-03T12:00:51.416Z,33.72996235331868,33.712711934404844,33.7475,33.7475,现货价格,33.7475,V4 池,33.712711934404844,0.103083,0.00,0.00
2025-12-03T12:00:51.432Z,33.72996235331868,33.712711934404844,33.7475,33.7475,现货价格,33.7475,V4 池,33.712711934404844,0.103083,0.00,0.00
2025-12-03T12:00:51.466Z,33.72996235331868,33.712711934404844,33.7475,33.7475,现货价格,33.7475,V4 池,33.712711934404844,0.103083,0.00,0.00
2025-12-03T12:01:06.291Z,33.72996235331868,33.712711934404844,33.758,33.758,现货价格,33.758,V4 池,33.712711934404844,0.134155,0.00,0.00
2025-12-03T12:01:06.299Z,33.72996235331868,33.712711934404844,33.758,33.758,现货价格,33.758,V4 池,33.712711934404844,0.134155,0.00,0.00
2025-12-03T12:01:06.405Z,33.72996235331868,33.712711934404844,33.758,33.758,现货价格,33.758,V4 池,33.712711934404844,0.134155,0.00,0.00
2025-12-03T12:01:06.445Z,33.72996235331868,33.712711934404844,33.758,33.758,现货价格,33.758,V4 池,33.712711934404844,0.134155,0.00,0.00
2025-12-03T12:01:06.449Z,33.72996235331868,33.712711934404844,33.758,33.758,现货价格,33.758,V4 池,33.712711934404844,0.134155,0.00,0.00
2025-12-03T12:01:06.500Z,33.72996235331868,33.712711934404844,33.758,33.758,现货价格,33.758,V4 池,33.712711934404844,0.134155,0.00,0.00
2025-12-03T12:01:06.535Z,33.72996235331868,33.712711934404844,33.758,33.758,现货价格,33.758,V4 池,33.712711934404844,0.134155,0.00,0.00
2025-12-03T12:01:11.352Z,33.72996235331868,33.712711934404844,33.7635,33.7635,现货价格,33.7635,V4 池,33.712711934404844,0.150423,0.00,0.00
2025-12-03T12:01:11.357Z,33.72996235331868,33.712711934404844,33.7635,33.7635,现货价格,33.7635,V4 池,33.712711934404844,0.150423,0.00,0.00
2025-12-03T12:01:11.370Z,33.72996235331868,33.712711934404844,33.7635,33.7635,现货价格,33.7635,V4 池,33.712711934404844,0.150423,0.00,0.00
2025-12-03T12:01:11.401Z,33.72996235331868,33.712711934404844,33.7635,33.7635,现货价格,33.7635,V4 池,33.712711934404844,0.150423,0.00,0.00
2025-12-03T12:01:11.406Z,33.72996235331868,33.712711934404844,33.761,33.761,现货价格,33.761,V4 池,33.712711934404844,0.143029,0.00,0.00
2025-12-03T12:01:11.421Z,33.72996235331868,33.712711934404844,33.7635,33.7635,现货价格,33.7635,V4 池,33.712711934404844,0.150423,0.00,0.00
2025-12-03T12:01:11.453Z,33.72996235331868,33.712711934404844,33.761,33.761,现货价格,33.761,V4 池,33.712711934404844,0.143029,0.00,0.00
2025-12-03T12:01:16.293Z,33.72996235331868,33.712711934404844,33.7625,33.7625,现货价格,33.7625,V4 池,33.712711934404844,0.147466,0.00,0.00
2025-12-03T12:01:16.300Z,33.72996235331868,33.712711934404844,33.7625,33.7625,现货价格,33.7625,V4 池,33.712711934404844,0.147466,0.00,0.00
2025-12-03T12:01:16.313Z,33.72996235331868,33.712711934404844,33.7625,33.7625,现货价格,33.7625,V4 池,33.712711934404844,0.147466,0.00,0.00
2025-12-03T12:01:16.354Z,33.72996235331868,33.712711934404844,33.7625,33.7625,现货价格,33.7625,V4 池,33.712711934404844,0.147466,0.00,0.00
2025-12-03T12:01:16.375Z,33.72996235331868,33.712711934404844,33.7625,33.7625,现货价格,33.7625,V4 池,33.712711934404844,0.147466,0.00,0.00
2025-12-03T12:01:16.472Z,33.72996235331868,33.712711934404844,33.7625,33.7625,现货价格,33.7625,V4 池,33.712711934404844,0.147466,0.00,0.00
2025-12-03T12:01:16.544Z,33.72996235331868,33.712711934404844,33.7625,33.7625,现货价格,33.7625,V4 池,33.712711934404844,0.147466,0.00,0.00
2025-12-03T12:01:21.313Z,33.72996235331868,33.712711934404844,33.7755,33.7755,现货价格,33.7755,V4 池,33.712711934404844,0.185898,0.00,0.00
2025-12-03T12:01:21.317Z,33.72996235331868,33.712711934404844,33.7755,33.7755,现货价格,33.7755,V4 池,33.712711934404844,0.185898,0.00,0.00
2025-12-03T12:01:21.339Z,33.72996235331868,33.712711934404844,33.7755,33.7755,现货价格,33.7755,V4 池,33.712711934404844,0.185898,0.00,0.00
2025-12-03T12:01:21.355Z,33.72996235331868,33.712711934404844,33.7755,33.7755,现货价格,33.7755,V4 池,33.712711934404844,0.185898,0.00,0.00
2025-12-03T12:01:21.357Z,33.72996235331868,33.712711934404844,33.7755,33.7755,现货价格,33.7755,V4 池,33.712711934404844,0.185898,0.00,0.00
2025-12-03T12:01:21.381Z,33.72996235331868,33.712711934404844,33.7755,33.7755,现货价格,33.7755,V4 池,33.712711934404844,0.185898,0.00,0.00
2025-12-03T12:01:21.406Z,33.72996235331868,33.712711934404844,33.7755,33.7755,现货价格,33.7755,V4 池,33.712711934404844,0.185898,0.00,0.00
2025-12-03T12:01:26.273Z,33.72996235331868,33.712711934404844,33.7705,33.7705,现货价格,33.7705,V4 池,33.712711934404844,0.171120,0.00,0.00
2025-12-03T12:01:26.293Z,33.72996235331868,33.712711934404844,33.7705,33.7705,现货价格,33.7705,V4 池,33.712711934404844,0.171120,0.00,0.00
2025-12-03T12:01:26.320Z,33.72996235331868,33.712711934404844,33.7705,33.7705,现货价格,33.7705,V4 池,33.712711934404844,0.171120,0.00,0.00
2025-12-03T12:01:26.348Z,33.72996235331868,33.712711934404844,33.7705,33.7705,现货价格,33.7705,V4 池,33.712711934404844,0.171120,0.00,0.00
2025-12-03T12:01:26.351Z,33.72996235331868,33.712711934404844,33.7705,33.7705,现货价格,33.7705,V4 池,33.712711934404844,0.171120,0.00,0.00
2025-12-03T12:01:26.360Z,33.72996235331868,33.712711934404844,33.7705,33.7705,现货价格,33.7705,V4 池,33.712711934404844,0.171120,0.00,0.00
2025-12-03T12:01:26.385Z,33.72996235331868,33.712711934404844,33.7705,33.7705,现货价格,33.7705,V4 池,33.712711934404844,0.171120,0.00,0.00
2025-12-03T12:01:31.312Z,33.72996235331868,33.712711934404844,33.7605,33.7605,现货价格,33.7605,V4 池,33.712711934404844,0.141550,0.00,0.00
2025-12-03T12:01:31.349Z,33.72996235331868,33.712711934404844,33.7605,33.7605,现货价格,33.7605,V4 池,33.712711934404844,0.141550,0.00,0.00
2025-12-03T12:01:31.354Z,33.72996235331868,33.712711934404844,33.7605,33.7605,现货价格,33.7605,V4 池,33.712711934404844,0.141550,0.00,0.00
2025-12-03T12:01:31.378Z,33.72996235331868,33.712711934404844,33.7605,33.7605,现货价格,33.7605,V4 池,33.712711934404844,0.141550,0.00,0.00
2025-12-03T12:01:31.390Z,33.72996235331868,33.712711934404844,33.7605,33.7605,现货价格,33.7605,V4 池,33.712711934404844,0.141550,0.00,0.00
2025-12-03T12:01:31.660Z,33.72996235331868,33.712711934404844,33.7605,33.7605,现货价格,33.7605,V4 池,33.712711934404844,0.141550,0.00,0.00
2025-12-03T12:01:31.672Z,33.72996235331868,33.712711934404844,33.7605,33.7605,现货价格,33.7605,V4 池,33.712711934404844,0.141550,0.00,0.00
2025-12-03T12:02:26.290Z,33.72996235331868,33.712711934404844,33.755,33.755,现货价格,33.755,V4 池,33.712711934404844,0.125279,0.00,0.00
2025-12-03T12:02:26.297Z,33.72996235331868,33.712711934404844,33.7575,33.7575,现货价格,33.7575,V4 池,33.712711934404844,0.132676,0.00,0.00
2025-12-03T12:02:26.322Z,33.72996235331868,33.712711934404844,33.755,33.755,现货价格,33.755,V4 池,33.712711934404844,0.125279,0.00,0.00
2025-12-03T12:02:26.367Z,33.72996235331868,33.712711934404844,33.7575,33.7575,现货价格,33.7575,V4 池,33.712711934404844,0.132676,0.00,0.00
2025-12-03T12:02:26.386Z,33.72996235331868,33.712711934404844,33.755,33.755,现货价格,33.755,V4 池,33.712711934404844,0.125279,0.00,0.00
2025-12-03T12:02:26.456Z,33.72996235331868,33.712711934404844,33.7575,33.7575,现货价格,33.7575,V4 池,33.712711934404844,0.132676,0.00,0.00
2025-12-03T12:02:26.610Z,33.72996235331868,33.712711934404844,33.7575,33.7575,现货价格,33.7575,V4 池,33.712711934404844,0.132676,0.00,0.00
2025-12-03T12:02:31.334Z,33.72996235331868,33.712711934404844,33.754,33.754,现货价格,33.754,V4 池,33.712711934404844,0.122321,0.00,0.00
2025-12-03T12:02:31.336Z,33.72996235331868,33.712711934404844,33.754,33.754,现货价格,33.754,V4 池,33.712711934404844,0.122321,0.00,0.00
2025-12-03T12:02:31.364Z,33.72996235331868,33.712711934404844,33.754,33.754,现货价格,33.754,V4 池,33.712711934404844,0.122321,0.00,0.00
2025-12-03T12:02:31.378Z,33.72996235331868,33.712711934404844,33.754,33.754,现货价格,33.754,V4 池,33.712711934404844,0.122321,0.00,0.00
2025-12-03T12:02:31.458Z,33.72996235331868,33.712711934404844,33.754,33.754,现货价格,33.754,V4 池,33.712711934404844,0.122321,0.00,0.00
2025-12-03T12:02:31.464Z,33.72996235331868,33.712711934404844,33.754,33.754,现货价格,33.754,V4 池,33.712711934404844,0.122321,0.00,0.00
2025-12-03T12:02:31.530Z,33.72996235331868,33.712711934404844,33.754,33.754,现货价格,33.754,V4 池,33.712711934404844,0.122321,0.00,0.00
2025-12-03T12:02:36.306Z,33.72996235331868,33.712711934404844,33.759,33.759,现货价格,33.759,V4 池,33.712711934404844,0.137113,0.00,0.00
2025-12-03T12:02:36.366Z,33.72996235331868,33.712711934404844,33.759,33.759,现货价格,33.759,V4 池,33.712711934404844,0.137113,0.00,0.00
2025-12-03T12:02:36.371Z,33.72996235331868,33.712711934404844,33.759,33.759,现货价格,33.759,V4 池,33.712711934404844,0.137113,0.00,0.00
2025-12-03T12:02:36.372Z,33.72996235331868,33.712711934404844,33.759,33.759,现货价格,33.759,V4 池,33.712711934404844,0.137113,0.00,0.00
2025-12-03T12:02:36.406Z,33.72996235331868,33.712711934404844,33.759,33.759,现货价格,33.759,V4 池,33.712711934404844,0.137113,0.00,0.00
2025-12-03T12:02:36.436Z,33.72996235331868,33.712711934404844,33.759,33.759,现货价格,33.759,V4 池,33.712711934404844,0.137113,0.00,0.00
2025-12-03T12:02:36.439Z,33.72996235331868,33.712711934404844,33.759,33.759,现货价格,33.759,V4 池,33.712711934404844,0.137113,0.00,0.00
2025-12-03T12:02:51.313Z,33.72996235331868,33.712711934404844,33.7545,33.7545,现货价格,33.7545,V4 池,33.712711934404844,0.123800,0.00,0.00
2025-12-03T12:02:51.329Z,33.72996235331868,33.712711934404844,33.7545,33.7545,现货价格,33.7545,V4 池,33.712711934404844,0.123800,0.00,0.00
2025-12-03T12:02:51.349Z,33.72996235331868,33.712711934404844,33.7545,33.7545,现货价格,33.7545,V4 池,33.712711934404844,0.123800,0.00,0.00
2025-12-03T12:02:51.364Z,33.72996235331868,33.712711934404844,33.7545,33.7545,现货价格,33.7545,V4 池,33.712711934404844,0.123800,0.00,0.00
2025-12-03T12:02:51.365Z,33.72996235331868,33.712711934404844,33.7545,33.7545,现货价格,33.7545,V4 池,33.712711934404844,0.123800,0.00,0.00
2025-12-03T12:02:51.382Z,33.72996235331868,33.712711934404844,33.7545,33.7545,现货价格,33.7545,V4 池,33.712711934404844,0.123800,0.00,0.00
2025-12-03T12:02:51.382Z,33.72996235331868,33.712711934404844,33.7545,33.7545,现货价格,33.7545,V4 池,33.712711934404844,0.123800,0.00,0.00
2025-12-03T12:02:56.309Z,33.72996235331868,33.712711934404844,33.7475,33.7475,现货价格,33.7475,V4 池,33.712711934404844,0.103083,0.00,0.00
2025-12-03T12:02:56.390Z,33.72996235331868,33.712711934404844,33.7475,33.7475,现货价格,33.7475,V4 池,33.712711934404844,0.103083,0.00,0.00
2025-12-03T12:02:56.395Z,33.72996235331868,33.712711934404844,33.7475,33.7475,现货价格,33.7475,V4 池,33.712711934404844,0.103083,0.00,0.00
2025-12-03T12:02:56.436Z,33.72996235331868,33.712711934404844,33.7475,33.7475,现货价格,33.7475,V4 池,33.712711934404844,0.103083,0.00,0.00
2025-12-03T12:02:56.511Z,33.72996235331868,33.712711934404844,33.7475,33.7475,现货价格,33.7475,V4 池,33.712711934404844,0.103083,0.00,0.00
2025-12-03T12:02:56.523Z,33.72996235331868,33.712711934404844,33.7475,33.7475,现货价格,33.7475,V4 池,33.712711934404844,0.103083,0.00,0.00
2025-12-03T12:02:56.543Z,33.72996235331868,33.712711934404844,33.7475,33.7475,现货价格,33.7475,V4 池,33.712711934404844,0.103083,0.00,0.00
2025-12-03T12:03:01.412Z,33.72996235331868,33.712711934404844,33.758,33.758,现货价格,33.758,V4 池,33.712711934404844,0.134155,0.00,0.00
2025-12-03T12:03:01.507Z,33.72996235331868,33.712711934404844,33.763,33.763,现货价格,33.763,V4 池,33.712711934404844,0.148944,0.00,0.00
2025-12-03T12:03:01.526Z,33.72996235331868,33.712711934404844,33.763,33.763,现货价格,33.763,V4 池,33.712711934404844,0.148944,0.00,0.00
2025-12-03T12:03:01.614Z,33.72996235331868,33.712711934404844,33.758,33.758,现货价格,33.758,V4 池,33.712711934404844,0.134155,0.00,0.00
2025-12-03T12:03:01.678Z,33.72996235331868,33.712711934404844,33.763,33.763,现货价格,33.763,V4 池,33.712711934404844,0.148944,0.00,0.00
2025-12-03T12:03:01.718Z,33.72996235331868,33.712711934404844,33.763,33.763,现货价格,33.763,V4 池,33.712711934404844,0.148944,0.00,0.00
2025-12-03T12:03:01.995Z,33.72996235331868,33.712711934404844,33.763,33.763,现货价格,33.763,V4 池,33.712711934404844,0.148944,0.00,0.00
2025-12-03T12:03:06.340Z,33.72996235331868,33.712711934404844,33.7645,33.7645,现货价格,33.7645,V4 池,33.712711934404844,0.153380,0.00,0.00
2025-12-03T12:03:06.436Z,33.72996235331868,33.712711934404844,33.7645,33.7645,现货价格,33.7645,V4 池,33.712711934404844,0.153380,0.00,0.00
2025-12-03T12:03:06.529Z,33.72996235331868,33.712711934404844,33.7645,33.7645,现货价格,33.7645,V4 池,33.712711934404844,0.153380,0.00,0.00
2025-12-03T12:03:06.542Z,33.72996235331868,33.712711934404844,33.7645,33.7645,现货价格,33.7645,V4 池,33.712711934404844,0.153380,0.00,0.00
2025-12-03T12:03:06.612Z,33.72996235331868,33.712711934404844,33.7645,33.7645,现货价格,33.7645,V4 池,33.712711934404844,0.153380,0.00,0.00
2025-12-03T12:03:06.617Z,33.72996235331868,33.712711934404844,33.7645,33.7645,现货价格,33.7645,V4 池,33.712711934404844,0.153380,0.00,0.00
2025-12-03T12:03:06.772Z,33.72996235331868,33.712711934404844,33.7645,33.7645,现货价格,33.7645,V4 池,33.712711934404844,0.153380,0.00,0.00
2025-12-03T12:03:11.409Z,33.72996235331868,33.712711934404844,33.7695,33.7695,现货价格,33.7695,V4 池,33.712711934404844,0.168164,0.00,0.00
2025-12-03T12:03:11.418Z,33.72996235331868,33.712711934404844,33.7695,33.7695,现货价格,33.7695,V4 池,33.712711934404844,0.168164,0.00,0.00
2025-12-03T12:03:11.468Z,33.72996235331868,33.712711934404844,33.7695,33.7695,现货价格,33.7695,V4 池,33.712711934404844,0.168164,0.00,0.00
2025-12-03T12:03:11.499Z,33.72996235331868,33.712711934404844,33.7695,33.7695,现货价格,33.7695,V4 池,33.712711934404844,0.168164,0.00,0.00
2025-12-03T12:03:11.619Z,33.72996235331868,33.712711934404844,33.7695,33.7695,现货价格,33.7695,V4 池,33.712711934404844,0.168164,0.00,0.00
2025-12-03T12:03:11.635Z,33.72996235331868,33.712711934404844,33.7695,33.7695,现货价格,33.7695,V4 池,33.712711934404844,0.168164,0.00,0.00
2025-12-03T12:03:11.739Z,33.72996235331868,33.712711934404844,33.7695,33.7695,现货价格,33.7695,V4 池,33.712711934404844,0.168164,0.00,0.00
2025-12-03T12:03:16.379Z,33.72996235331868,33.712711934404844,33.7755,33.7755,现货价格,33.7755,V4 池,33.712711934404844,0.185898,0.00,0.00
2025-12-03T12:03:16.432Z,33.72996235331868,33.712711934404844,33.7755,33.7755,现货价格,33.7755,V4 池,33.712711934404844,0.185898,0.00,0.00
2025-12-03T12:03:16.447Z,33.72996235331868,33.712711934404844,33.7755,33.7755,现货价格,33.7755,V4 池,33.712711934404844,0.185898,0.00,0.00
2025-12-03T12:03:16.479Z,33.72996235331868,33.712711934404844,33.7755,33.7755,现货价格,33.7755,V4 池,33.712711934404844,0.185898,0.00,0.00
2025-12-03T12:03:16.480Z,33.72996235331868,33.712711934404844,33.7755,33.7755,现货价格,33.7755,V4 池,33.712711934404844,0.185898,0.00,0.00
2025-12-03T12:03:16.528Z,33.72996235331868,33.712711934404844,33.7755,33.7755,现货价格,33.7755,V4 池,33.712711934404844,0.185898,0.00,0.00
2025-12-03T12:03:16.531Z,33.72996235331868,33.712711934404844,33.7755,33.7755,现货价格,33.7755,V4 池,33.712711934404844,0.185898,0.00,0.00
2025-12-03T12:03:21.322Z,33.72996235331868,33.712711934404844,33.781,33.781,现货价格,33.781,V4 池,33.712711934404844,0.202149,0.00,0.00
2025-12-03T12:03:21.402Z,33.72996235331868,33.712711934404844,33.781,33.781,现货价格,33.781,V4 池,33.712711934404844,0.202149,0.00,0.00
2025-12-03T12:03:21.439Z,33.72996235331868,33.712711934404844,33.781,33.781,现货价格,33.781,V4 池,33.712711934404844,0.202149,0.00,0.00
2025-12-03T12:03:21.540Z,33.72996235331868,33.712711934404844,33.781,33.781,现货价格,33.781,V4 池,33.712711934404844,0.202149,0.00,0.00
2025-12-03T12:03:21.582Z,33.72996235331868,33.712711934404844,33.781,33.781,现货价格,33.781,V4 池,33.712711934404844,0.202149,0.00,0.00
2025-12-03T12:03:21.590Z,33.72996235331868,33.712711934404844,33.781,33.781,现货价格,33.781,V4 池,33.712711934404844,0.202149,0.00,0.00
2025-12-03T12:03:21.597Z,33.72996235331868,33.712711934404844,33.781,33.781,现货价格,33.781,V4 池,33.712711934404844,0.202149,0.00,0.00
2025-12-03T12:03:26.371Z,33.72996235331868,33.712711934404844,33.791,33.791,现货价格,33.791,V4 池,33.712711934404844,0.231683,0.00,0.00
2025-12-03T12:03:26.416Z,33.72996235331868,33.712711934404844,33.791,33.791,现货价格,33.791,V4 池,33.712711934404844,0.231683,0.00,0.00
2025-12-03T12:03:26.429Z,33.72996235331868,33.712711934404844,33.791,33.791,现货价格,33.791,V4 池,33.712711934404844,0.231683,0.00,0.00
2025-12-03T12:03:26.462Z,33.72996235331868,33.712711934404844,33.791,33.791,现货价格,33.791,V4 池,33.712711934404844,0.231683,0.00,0.00
2025-12-03T12:03:26.470Z,33.72996235331868,33.712711934404844,33.791,33.791,现货价格,33.791,V4 池,33.712711934404844,0.231683,0.00,0.00
2025-12-03T12:03:26.483Z,33.72996235331868,33.712711934404844,33.791,33.791,现货价格,33.791,V4 池,33.712711934404844,0.231683,0.00,0.00
2025-12-03T12:03:26.486Z,33.72996235331868,33.712711934404844,33.791,33.791,现货价格,33.791,V4 池,33.712711934404844,0.231683,0.00,0.00
2025-12-03T12:03:31.302Z,33.72996235331868,33.712711934404844,33.7905,33.7905,现货价格,33.7905,V4 池,33.712711934404844,0.230207,0.00,0.00
2025-12-03T12:03:31.390Z,33.72996235331868,33.712711934404844,33.7905,33.7905,现货价格,33.7905,V4 池,33.712711934404844,0.230207,0.00,0.00
2025-12-03T12:03:31.433Z,33.72996235331868,33.712711934404844,33.7905,33.7905,现货价格,33.7905,V4 池,33.712711934404844,0.230207,0.00,0.00
2025-12-03T12:03:31.443Z,33.72996235331868,33.712711934404844,33.7905,33.7905,现货价格,33.7905,V4 池,33.712711934404844,0.230207,0.00,0.00
2025-12-03T12:03:31.512Z,33.72996235331868,33.712711934404844,33.7905,33.7905,现货价格,33.7905,V4 池,33.712711934404844,0.230207,0.00,0.00
2025-12-03T12:03:31.595Z,33.72996235331868,33.712711934404844,33.7905,33.7905,现货价格,33.7905,V4 池,33.712711934404844,0.230207,0.00,0.00
2025-12-03T12:03:31.652Z,33.72996235331868,33.712711934404844,33.7905,33.7905,现货价格,33.7905,V4 池,33.712711934404844,0.230207,0.00,0.00
2025-12-03T12:03:36.383Z,33.72996235331868,33.712711934404844,33.787,33.787,现货价格,33.787,V4 池,33.712711934404844,0.219872,0.00,0.00
2025-12-03T12:03:36.393Z,33.72996235331868,33.712711934404844,33.782,33.782,现货价格,33.782,V4 池,33.712711934404844,0.205104,0.00,0.00
2025-12-03T12:03:36.410Z,33.72996235331868,33.712711934404844,33.782,33.782,现货价格,33.782,V4 池,33.712711934404844,0.205104,0.00,0.00
2025-12-03T12:03:36.431Z,33.72996235331868,33.712711934404844,33.787,33.787,现货价格,33.787,V4 池,33.712711934404844,0.219872,0.00,0.00
2025-12-03T12:03:36.451Z,33.72996235331868,33.712711934404844,33.787,33.787,现货价格,33.787,V4 池,33.712711934404844,0.219872,0.00,0.00
2025-12-03T12:03:36.465Z,33.72996235331868,33.712711934404844,33.787,33.787,现货价格,33.787,V4 池,33.712711934404844,0.219872,0.00,0.00
2025-12-03T12:03:36.544Z,33.72996235331868,33.712711934404844,33.782,33.782,现货价格,33.782,V4 池,33.712711934404844,0.205104,0.00,0.00
2025-12-03T12:03:41.558Z,33.72996235331868,33.712711934404844,33.7855,33.7855,现货价格,33.7855,V4 池,33.712711934404844,0.215442,0.00,0.00
2025-12-03T12:03:41.706Z,33.72996235331868,33.712711934404844,33.7855,33.7855,现货价格,33.7855,V4 池,33.712711934404844,0.215442,0.00,0.00
2025-12-03T12:03:41.712Z,33.72996235331868,33.712711934404844,33.7855,33.7855,现货价格,33.7855,V4 池,33.712711934404844,0.215442,0.00,0.00
2025-12-03T12:03:41.789Z,33.72996235331868,33.712711934404844,33.7855,33.7855,现货价格,33.7855,V4 池,33.712711934404844,0.215442,0.00,0.00
2025-12-03T12:03:41.795Z,33.72996235331868,33.712711934404844,33.7855,33.7855,现货价格,33.7855,V4 池,33.712711934404844,0.215442,0.00,0.00
2025-12-03T12:03:41.810Z,33.72996235331868,33.712711934404844,33.7855,33.7855,现货价格,33.7855,V4 池,33.712711934404844,0.215442,0.00,0.00
2025-12-03T12:03:41.875Z,33.72996235331868,33.712711934404844,33.7855,33.7855,现货价格,33.7855,V4 池,33.712711934404844,0.215442,0.00,0.00
2025-12-03T12:03:46.332Z,33.72996235331868,33.712711934404844,33.7615,33.7615,现货价格,33.7615,V4 池,33.712711934404844,0.144508,0.00,0.00
2025-12-03T12:03:46.422Z,33.72996235331868,33.712711934404844,33.7615,33.7615,现货价格,33.7615,V4 池,33.712711934404844,0.144508,0.00,0.00
2025-12-03T12:03:46.475Z,33.72996235331868,33.712711934404844,33.7615,33.7615,现货价格,33.7615,V4 池,33.712711934404844,0.144508,0.00,0.00
2025-12-03T12:03:46.632Z,33.72996235331868,33.712711934404844,33.7615,33.7615,现货价格,33.7615,V4 池,33.712711934404844,0.144508,0.00,0.00
2025-12-03T12:03:46.640Z,33.72996235331868,33.712711934404844,33.7615,33.7615,现货价格,33.7615,V4 池,33.712711934404844,0.144508,0.00,0.00
2025-12-03T12:03:46.770Z,33.72996235331868,33.712711934404844,33.7615,33.7615,现货价格,33.7615,V4 池,33.712711934404844,0.144508,0.00,0.00
2025-12-03T12:03:46.783Z,33.72996235331868,33.712711934404844,33.7615,33.7615,现货价格,33.7615,V4 池,33.712711934404844,0.144508,0.00,0.00
2025-12-03T12:03:51.316Z,33.72996235331868,33.712711934404844,33.7695,33.7695,现货价格,33.7695,V4 池,33.712711934404844,0.168164,0.00,0.00
2025-12-03T12:03:51.421Z,33.72996235331868,33.712711934404844,33.7695,33.7695,现货价格,33.7695,V4 池,33.712711934404844,0.168164,0.00,0.00
2025-12-03T12:03:51.438Z,33.72996235331868,33.712711934404844,33.7695,33.7695,现货价格,33.7695,V4 池,33.712711934404844,0.168164,0.00,0.00
2025-12-03T12:03:51.438Z,33.72996235331868,33.712711934404844,33.7695,33.7695,现货价格,33.7695,V4 池,33.712711934404844,0.168164,0.00,0.00
2025-12-03T12:03:51.446Z,33.72996235331868,33.712711934404844,33.7695,33.7695,现货价格,33.7695,V4 池,33.712711934404844,0.168164,0.00,0.00
2025-12-03T12:03:51.521Z,33.72996235331868,33.712711934404844,33.7695,33.7695,现货价格,33.7695,V4 池,33.712711934404844,0.168164,0.00,0.00
2025-12-03T12:03:51.682Z,33.72996235331868,33.712711934404844,33.7695,33.7695,现货价格,33.7695,V4 池,33.712711934404844,0.168164,0.00,0.00
2025-12-03T12:03:56.363Z,33.72996235331868,33.712711934404844,33.7875,33.7875,现货价格,33.7875,V4 池,33.712711934404844,0.221348,0.00,0.00
2025-12-03T12:03:56.363Z,33.72996235331868,33.712711934404844,33.7875,33.7875,现货价格,33.7875,V4 池,33.712711934404844,0.221348,0.00,0.00
2025-12-03T12:03:56.386Z,33.72996235331868,33.712711934404844,33.7875,33.7875,现货价格,33.7875,V4 池,33.712711934404844,0.221348,0.00,0.00
2025-12-03T12:03:56.421Z,33.72996235331868,33.712711934404844,33.7875,33.7875,现货价格,33.7875,V4 池,33.712711934404844,0.221348,0.00,0.00
2025-12-03T12:03:56.422Z,33.72996235331868,33.712711934404844,33.7875,33.7875,现货价格,33.7875,V4 池,33.712711934404844,0.221348,0.00,0.00
2025-12-03T12:03:56.451Z,33.72996235331868,33.712711934404844,33.7875,33.7875,现货价格,33.7875,V4 池,33.712711934404844,0.221348,0.00,0.00
2025-12-03T12:03:56.532Z,33.72996235331868,33.712711934404844,33.7875,33.7875,现货价格,33.7875,V4 池,33.712711934404844,0.221348,0.00,0.00
2025-12-03T12:04:01.512Z,33.72996235331868,33.712711934404844,33.7885,33.7885,现货价格,33.7885,V4 池,33.712711934404844,0.224301,0.00,0.00
2025-12-03T12:04:01.547Z,33.72996235331868,33.712711934404844,33.7885,33.7885,现货价格,33.7885,V4 池,33.712711934404844,0.224301,0.00,0.00
2025-12-03T12:04:01.590Z,33.72996235331868,33.712711934404844,33.7885,33.7885,现货价格,33.7885,V4 池,33.712711934404844,0.224301,0.00,0.00
2025-12-03T12:04:01.662Z,33.72996235331868,33.712711934404844,33.7885,33.7885,现货价格,33.7885,V4 池,33.712711934404844,0.224301,0.00,0.00
2025-12-03T12:04:01.691Z,33.72996235331868,33.712711934404844,33.7885,33.7885,现货价格,33.7885,V4 池,33.712711934404844,0.224301,0.00,0.00
2025-12-03T12:04:01.829Z,33.72996235331868,33.712711934404844,33.7885,33.7885,现货价格,33.7885,V4 池,33.712711934404844,0.224301,0.00,0.00
2025-12-03T12:04:01.850Z,33.72996235331868,33.712711934404844,33.7885,33.7885,现货价格,33.7885,V4 池,33.712711934404844,0.224301,0.00,0.00
2025-12-03T12:04:06.404Z,33.72996235331868,33.712711934404844,33.7915,33.7915,现货价格,33.7915,V4 池,33.712711934404844,0.233159,0.00,0.00
2025-12-03T12:04:06.458Z,33.72996235331868,33.712711934404844,33.7915,33.7915,现货价格,33.7915,V4 池,33.712711934404844,0.233159,0.00,0.00
2025-12-03T12:04:06.655Z,33.72996235331868,33.712711934404844,33.7915,33.7915,现货价格,33.7915,V4 池,33.712711934404844,0.233159,0.00,0.00
2025-12-03T12:04:06.981Z,33.72996235331868,33.712711934404844,33.7915,33.7915,现货价格,33.7915,V4 池,33.712711934404844,0.233159,0.00,0.00
2025-12-03T12:04:07.091Z,33.72996235331868,33.712711934404844,33.7915,33.7915,现货价格,33.7915,V4 池,33.712711934404844,0.233159,0.00,0.00
2025-12-03T12:04:07.125Z,33.72996235331868,33.712711934404844,33.7915,33.7915,现货价格,33.7915,V4 池,33.712711934404844,0.233159,0.00,0.00
2025-12-03T12:04:07.152Z,33.72996235331868,33.712711934404844,33.7915,33.7915,现货价格,33.7915,V4 池,33.712711934404844,0.233159,0.00,0.00
2025-12-03T12:04:11.382Z,33.72996235331868,33.712711934404844,33.8045,33.8045,现货价格,33.8045,V4 池,33.712711934404844,0.271526,0.00,0.00
2025-12-03T12:04:11.412Z,33.72996235331868,33.712711934404844,33.8045,33.8045,现货价格,33.8045,V4 池,33.712711934404844,0.271526,0.00,0.00
2025-12-03T12:04:11.501Z,33.72996235331868,33.712711934404844,33.8045,33.8045,现货价格,33.8045,V4 池,33.712711934404844,0.271526,0.00,0.00
2025-12-03T12:04:11.591Z,33.72996235331868,33.712711934404844,33.8045,33.8045,现货价格,33.8045,V4 池,33.712711934404844,0.271526,0.00,0.00
2025-12-03T12:04:11.658Z,33.72996235331868,33.712711934404844,33.8045,33.8045,现货价格,33.8045,V4 池,33.712711934404844,0.271526,0.00,0.00
2025-12-03T12:04:11.673Z,33.72996235331868,33.712711934404844,33.8045,33.8045,现货价格,33.8045,V4 池,33.712711934404844,0.271526,0.00,0.00
2025-12-03T12:04:11.676Z,33.72996235331868,33.712711934404844,33.8045,33.8045,现货价格,33.8045,V4 池,33.712711934404844,0.271526,0.00,0.00
2025-12-03T12:04:16.345Z,33.73723751125797,33.712711934404844,33.8045,33.8045,现货价格,33.8045,V4 池,33.712711934404844,0.271526,0.00,0.00
2025-12-03T12:04:16.363Z,33.73723751125797,33.712711934404844,33.8045,33.8045,现货价格,33.8045,V4 池,33.712711934404844,0.271526,0.00,0.00
2025-12-03T12:04:16.422Z,33.73723751125797,33.712711934404844,33.8185,33.8185,现货价格,33.8185,V4 池,33.712711934404844,0.312811,0.00,0.00
2025-12-03T12:04:16.492Z,33.73723751125797,33.712711934404844,33.8185,33.8185,现货价格,33.8185,V4 池,33.712711934404844,0.312811,0.00,0.00
2025-12-03T12:04:16.515Z,33.73723751125797,33.712711934404844,33.8045,33.8045,现货价格,33.8045,V4 池,33.712711934404844,0.271526,0.00,0.00
2025-12-03T12:04:16.539Z,33.73723751125797,33.712711934404844,33.82,33.82,现货价格,33.82,V4 池,33.712711934404844,0.317233,0.00,0.00
2025-12-03T12:04:16.556Z,33.73723751125797,33.712711934404844,33.8185,33.8185,现货价格,33.8185,V4 池,33.712711934404844,0.312811,0.00,0.00
2025-12-03T12:04:16.558Z,33.73723751125797,33.712711934404844,33.8045,33.8045,现货价格,33.8045,V4 池,33.712711934404844,0.271526,0.00,0.00
2025-12-03T12:04:16.629Z,33.73723751125797,33.712711934404844,33.8045,33.8045,现货价格,33.8045,V4 池,33.712711934404844,0.271526,0.00,0.00
2025-12-03T12:04:16.630Z,33.73723751125797,33.712711934404844,33.82,33.82,现货价格,33.82,V4 池,33.712711934404844,0.317233,0.00,0.00
2025-12-03T12:04:16.738Z,33.73723751125797,33.712711934404844,33.82,33.82,现货价格,33.82,V4 池,33.712711934404844,0.317233,0.00,0.00
2025-12-03T12:04:16.780Z,33.73723751125797,33.712711934404844,33.82,33.82,现货价格,33.82,V4 池,33.712711934404844,0.317233,0.00,0.00
2025-12-03T12:04:16.783Z,33.73723751125797,33.712711934404844,33.8045,33.8045,现货价格,33.8045,V4 池,33.712711934404844,0.271526,0.00,0.00
2025-12-03T12:04:16.898Z,33.73723751125797,33.712711934404844,33.8045,33.8045,现货价格,33.8045,V4 池,33.712711934404844,0.271526,0.00,0.00
2025-12-03T12:04:18.216Z,33.744163128673954,33.712711934404844,33.8185,33.8185,现货价格,33.8185,V4 池,33.712711934404844,0.312811,0.00,0.00
2025-12-03T12:04:18.216Z,33.744163128673954,33.712711934404844,33.82,33.82,现货价格,33.82,V4 池,33.712711934404844,0.317233,0.00,0.00
2025-12-03T12:04:18.219Z,33.744163128673954,33.712711934404844,33.82,33.82,现货价格,33.82,V4 池,33.712711934404844,0.317233,0.00,0.00
2025-12-03T12:04:18.227Z,33.744163128673954,33.712711934404844,33.82,33.82,现货价格,33.82,V4 池,33.712711934404844,0.317233,0.00,0.00
2025-12-03T12:04:18.287Z,33.744163128673954,33.712711934404844,33.82,33.82,现货价格,33.82,V4 池,33.712711934404844,0.317233,0.00,0.00
2025-12-03T12:04:18.341Z,33.744163128673954,33.712711934404844,33.8185,33.8185,现货价格,33.8185,V4 池,33.712711934404844,0.312811,0.00,0.00
2025-12-03T12:04:18.363Z,33.744163128673954,33.712711934404844,33.8185,33.8185,现货价格,33.8185,V4 池,33.712711934404844,0.312811,0.00,0.00
2025-12-03T12:04:21.481Z,33.744163128673954,33.712711934404844,33.8285,33.8285,现货价格,33.8285,V4 池,33.712711934404844,0.342280,0.00,0.00
2025-12-03T12:04:21.533Z,33.744163128673954,33.712711934404844,33.8285,33.8285,现货价格,33.8285,V4 池,33.712711934404844,0.342280,0.00,0.00
2025-12-03T12:04:21.535Z,33.744163128673954,33.712711934404844,33.8285,33.8285,现货价格,33.8285,V4 池,33.712711934404844,0.342280,0.00,0.00
2025-12-03T12:04:21.682Z,33.744163128673954,33.712711934404844,33.8285,33.8285,现货价格,33.8285,V4 池,33.712711934404844,0.342280,0.00,0.00
2025-12-03T12:04:21.692Z,33.744163128673954,33.712711934404844,33.8285,33.8285,现货价格,33.8285,V4 池,33.712711934404844,0.342280,0.00,0.00
2025-12-03T12:04:21.714Z,33.744163128673954,33.712711934404844,33.8285,33.8285,现货价格,33.8285,V4 池,33.712711934404844,0.342280,0.00,0.00
2025-12-03T12:04:21.755Z,33.744163128673954,33.712711934404844,33.8285,33.8285,现货价格,33.8285,V4 池,33.712711934404844,0.342280,0.00,0.00
2025-12-03T12:04:26.410Z,33.744163128673954,33.712711934404844,33.8305,33.8305,现货价格,33.8305,V4 池,33.712711934404844,0.348171,0.00,0.00
2025-12-03T12:04:26.473Z,33.744163128673954,33.712711934404844,33.8305,33.8305,现货价格,33.8305,V4 池,33.712711934404844,0.348171,0.00,0.00
2025-12-03T12:04:26.746Z,33.744163128673954,33.712711934404844,33.8305,33.8305,现货价格,33.8305,V4 池,33.712711934404844,0.348171,0.00,0.00
2025-12-03T12:04:26.755Z,33.744163128673954,33.712711934404844,33.8305,33.8305,现货价格,33.8305,V4 池,33.712711934404844,0.348171,0.00,0.00
2025-12-03T12:04:26.756Z,33.744163128673954,33.712711934404844,33.8305,33.8305,现货价格,33.8305,V4 池,33.712711934404844,0.348171,0.00,0.00
2025-12-03T12:04:26.882Z,33.744163128673954,33.712711934404844,33.8305,33.8305,现货价格,33.8305,V4 池,33.712711934404844,0.348171,0.00,0.00
2025-12-03T12:04:26.893Z,33.744163128673954,33.712711934404844,33.8305,33.8305,现货价格,33.8305,V4 池,33.712711934404844,0.348171,0.00,0.00
2025-12-03T12:04:31.382Z,33.744163128673954,33.712711934404844,33.8305,33.8305,现货价格,33.8305,V4 池,33.712711934404844,0.348171,0.00,0.00
2025-12-03T12:04:31.451Z,33.744163128673954,33.712711934404844,33.8305,33.8305,现货价格,33.8305,V4 池,33.712711934404844,0.348171,0.00,0.00
2025-12-03T12:04:31.452Z,33.744163128673954,33.712711934404844,33.8305,33.8305,现货价格,33.8305,V4 池,33.712711934404844,0.348171,0.00,0.00
2025-12-03T12:04:31.467Z,33.744163128673954,33.712711934404844,33.8305,33.8305,现货价格,33.8305,V4 池,33.712711934404844,0.348171,0.00,0.00
2025-12-03T12:04:31.535Z,33.744163128673954,33.712711934404844,33.8305,33.8305,现货价格,33.8305,V4 池,33.712711934404844,0.348171,0.00,0.00
2025-12-03T12:04:31.791Z,33.744163128673954,33.712711934404844,33.8305,33.8305,现货价格,33.8305,V4 池,33.712711934404844,0.348171,0.00,0.00
2025-12-03T12:04:31.900Z,33.744163128673954,33.712711934404844,33.8305,33.8305,现货价格,33.8305,V4 池,33.712711934404844,0.348171,0.00,0.00
2025-12-03T12:04:33.133Z,33.77101069118249,33.712711934404844,33.8305,33.8305,现货价格,33.8305,V4 池,33.712711934404844,0.348171,0.00,0.00
2025-12-03T12:04:33.170Z,33.77101069118249,33.712711934404844,33.8305,33.8305,现货价格,33.8305,V4 池,33.712711934404844,0.348171,0.00,0.00
2025-12-03T12:04:33.175Z,33.77101069118249,33.712711934404844,33.8305,33.8305,现货价格,33.8305,V4 池,33.712711934404844,0.348171,0.00,0.00
2025-12-03T12:04:33.178Z,33.77101069118249,33.712711934404844,33.8305,33.8305,现货价格,33.8305,V4 池,33.712711934404844,0.348171,0.00,0.00
2025-12-03T12:04:33.233Z,33.77101069118249,33.712711934404844,33.8305,33.8305,现货价格,33.8305,V4 池,33.712711934404844,0.348171,0.00,0.00
2025-12-03T12:04:33.249Z,33.77101069118249,33.712711934404844,33.8305,33.8305,现货价格,33.8305,V4 池,33.712711934404844,0.348171,0.00,0.00
2025-12-03T12:04:33.302Z,33.77101069118249,33.712711934404844,33.8305,33.8305,现货价格,33.8305,V4 池,33.712711934404844,0.348171,0.00,0.00
2025-12-03T12:04:36.137Z,33.77411051347283,33.712711934404844,33.8305,33.8305,现货价格,33.8305,V4 池,33.712711934404844,0.348171,0.00,0.00
2025-12-03T12:04:36.479Z,33.77411051347283,33.712711934404844,33.8305,33.8305,现货价格,33.8305,V4 池,33.712711934404844,0.348171,0.00,0.00
2025-12-03T12:04:36.503Z,33.77411051347283,33.712711934404844,33.88,33.88,现货价格,33.88,V4 池,33.712711934404844,0.493766,0.00,0.00
2025-12-03T12:04:36.552Z,33.77411051347283,33.712711934404844,33.8305,33.8305,现货价格,33.8305,V4 池,33.712711934404844,0.348171,0.00,0.00
2025-12-03T12:04:36.554Z,33.77411051347283,33.712711934404844,33.8305,33.8305,现货价格,33.8305,V4 池,33.712711934404844,0.348171,0.00,0.00
2025-12-03T12:04:36.584Z,33.77411051347283,33.712711934404844,33.88,33.88,现货价格,33.88,V4 池,33.712711934404844,0.493766,0.00,0.00
2025-12-03T12:04:36.651Z,33.77411051347283,33.712711934404844,33.88,33.88,现货价格,33.88,V4 池,33.712711934404844,0.493766,0.00,0.00
2025-12-03T12:04:36.665Z,33.77411051347283,33.712711934404844,33.88,33.88,现货价格,33.88,V4 池,33.712711934404844,0.493766,0.00,0.00
2025-12-03T12:04:36.734Z,33.77411051347283,33.712711934404844,33.88,33.88,现货价格,33.88,V4 池,33.712711934404844,0.493766,0.00,0.00
2025-12-03T12:04:36.809Z,33.77411051347283,33.712711934404844,33.8305,33.8305,现货价格,33.8305,V4 池,33.712711934404844,0.348171,0.00,0.00
2025-12-03T12:04:36.906Z,33.77411051347283,33.712711934404844,33.8305,33.8305,现货价格,33.8305,V4 池,33.712711934404844,0.348171,0.00,0.00
2025-12-03T12:04:36.920Z,33.77411051347283,33.712711934404844,33.88,33.88,现货价格,33.88,V4 池,33.712711934404844,0.493766,0.00,0.00
2025-12-03T12:04:37.039Z,33.77411051347283,33.71847740719239,33.88,33.88,现货价格,33.88,V4 池,33.71847740719239,0.476749,0.00,0.00
2025-12-03T12:04:37.043Z,33.77811611249304,33.712711934404844,33.883,33.883,现货价格,33.883,V4 池,33.712711934404844,0.502577,0.00,0.00
2025-12-03T12:04:37.075Z,33.77411051347283,33.71847740719239,33.88,33.88,现货价格,33.88,V4 池,33.71847740719239,0.476749,0.00,0.00
2025-12-03T12:04:37.113Z,33.77811611249304,33.72666779915121,33.88,33.88,现货价格,33.88,V4 池,33.72666779915121,0.452574,0.00,0.00
2025-12-03T12:04:37.117Z,33.77811611249304,33.72666779915121,33.88,33.88,现货价格,33.88,V4 池,33.72666779915121,0.452574,0.00,0.00
2025-12-03T12:04:37.132Z,33.77811611249304,33.712711934404844,33.88,33.88,现货价格,33.88,V4 池,33.712711934404844,0.493766,0.00,0.00
2025-12-03T12:04:37.145Z,33.77811611249304,33.712711934404844,33.88,33.88,现货价格,33.88,V4 池,33.712711934404844,0.493766,0.00,0.00
2025-12-03T12:04:37.147Z,33.77811611249304,33.71847740719239,33.88,33.88,现货价格,33.88,V4 池,33.71847740719239,0.476749,0.00,0.00
2025-12-03T12:04:37.159Z,33.77811611249304,33.72666779915121,33.883,33.883,现货价格,33.883,V4 池,33.72666779915121,0.461388,0.00,0.00
2025-12-03T12:04:37.161Z,33.77811611249304,33.72666779915121,33.88,33.88,现货价格,33.88,V4 池,33.72666779915121,0.452574,0.00,0.00
2025-12-03T12:04:37.170Z,33.77411051347283,33.712711934404844,33.8305,33.8305,现货价格,33.8305,V4 池,33.712711934404844,0.348171,0.00,0.00
2025-12-03T12:04:37.180Z,33.77811611249304,33.71847740719239,33.883,33.883,现货价格,33.883,V4 池,33.71847740719239,0.485561,0.00,0.00
2025-12-03T12:04:37.252Z,33.77411051347283,33.712711934404844,33.883,33.883,现货价格,33.883,V4 池,33.712711934404844,0.502577,0.00,0.00
2025-12-03T12:04:37.253Z,33.77811611249304,33.71847740719239,33.88,33.88,现货价格,33.88,V4 池,33.71847740719239,0.476749,0.00,0.00
2025-12-03T12:04:37.288Z,33.77811611249304,33.71847740719239,33.88,33.88,现货价格,33.88,V4 池,33.71847740719239,0.476749,0.00,0.00
2025-12-03T12:04:37.297Z,33.77811611249304,33.72666779915121,33.88,33.88,现货价格,33.88,V4 池,33.72666779915121,0.452574,0.00,0.00
2025-12-03T12:04:37.317Z,33.77811611249304,33.71847740719239,33.88,33.88,现货价格,33.88,V4 池,33.71847740719239,0.476749,0.00,0.00
2025-12-03T12:04:37.344Z,33.77411051347283,33.71847740719239,33.88,33.88,现货价格,33.88,V4 池,33.71847740719239,0.476749,0.00,0.00
2025-12-03T12:04:37.347Z,33.77811611249304,33.71847740719239,33.88,33.88,现货价格,33.88,V4 池,33.71847740719239,0.476749,0.00,0.00
2025-12-03T12:04:37.397Z,33.77411051347283,33.71847740719239,33.88,33.88,现货价格,33.88,V4 池,33.71847740719239,0.476749,0.00,0.00
2025-12-03T12:04:37.416Z,33.77811611249304,33.72666779915121,33.88,33.88,现货价格,33.88,V4 池,33.72666779915121,0.452574,0.00,0.00
2025-12-03T12:04:37.562Z,33.77811611249304,33.71847740719239,33.88,33.88,现货价格,33.88,V4 池,33.71847740719239,0.476749,0.00,0.00
2025-12-03T12:04:37.636Z,33.77811611249304,33.72666779915121,33.88,33.88,现货价格,33.88,V4 池,33.72666779915121,0.452574,0.00,0.00
2025-12-03T12:04:41.511Z,33.77811611249304,33.72666779915121,33.8745,33.8745,现货价格,33.8745,V4 池,33.72666779915121,0.436411,0.00,0.00
2025-12-03T12:04:41.514Z,33.77811611249304,33.72666779915121,33.8745,33.8745,现货价格,33.8745,V4 池,33.72666779915121,0.436411,0.00,0.00
2025-12-03T12:04:41.634Z,33.77811611249304,33.72666779915121,33.8735,33.8735,现货价格,33.8735,V4 池,33.72666779915121,0.433472,0.00,0.00
2025-12-03T12:04:41.648Z,33.77811611249304,33.72666779915121,33.8735,33.8735,现货价格,33.8735,V4 池,33.72666779915121,0.433472,0.00,0.00
2025-12-03T12:04:41.777Z,33.77811611249304,33.72666779915121,33.8735,33.8735,现货价格,33.8735,V4 池,33.72666779915121,0.433472,0.00,0.00
2025-12-03T12:04:41.777Z,33.77811611249304,33.72666779915121,33.8735,33.8735,现货价格,33.8735,V4 池,33.72666779915121,0.433472,0.00,0.00
2025-12-03T12:04:41.795Z,33.77811611249304,33.72666779915121,33.8735,33.8735,现货价格,33.8735,V4 池,33.72666779915121,0.433472,0.00,0.00
2025-12-03T12:04:44.209Z,33.806787023225425,33.72666779915121,33.8735,33.8735,现货价格,33.8735,V4 池,33.72666779915121,0.433472,0.00,0.00
2025-12-03T12:04:44.279Z,33.806787023225425,33.72666779915121,33.8735,33.8735,现货价格,33.8735,V4 池,33.72666779915121,0.433472,0.00,0.00
2025-12-03T12:04:44.294Z,33.806787023225425,33.72666779915121,33.8735,33.8735,现货价格,33.8735,V4 池,33.72666779915121,0.433472,0.00,0.00
2025-12-03T12:04:44.303Z,33.806787023225425,33.72666779915121,33.8745,33.8745,现货价格,33.8745,V4 池,33.72666779915121,0.436411,0.00,0.00
2025-12-03T12:04:44.308Z,33.806787023225425,33.72666779915121,33.8745,33.8745,现货价格,33.8745,V4 池,33.72666779915121,0.436411,0.00,0.00
2025-12-03T12:04:44.484Z,33.806787023225425,33.72666779915121,33.8735,33.8735,现货价格,33.8735,V4 池,33.72666779915121,0.433472,0.00,0.00
2025-12-03T12:04:44.574Z,33.806787023225425,33.72666779915121,33.8735,33.8735,现货价格,33.8735,V4 池,33.72666779915121,0.433472,0.00,0.00
2025-12-03T12:04:45.039Z,33.806787023225425,33.747937707312076,33.8735,33.8735,现货价格,33.8735,V4 池,33.747937707312076,0.370680,0.00,0.00
2025-12-03T12:04:45.126Z,33.806787023225425,33.747937707312076,33.8735,33.8735,现货价格,33.8735,V4 池,33.747937707312076,0.370680,0.00,0.00
2025-12-03T12:04:45.207Z,33.806787023225425,33.747937707312076,33.8745,33.8745,现货价格,33.8745,V4 池,33.747937707312076,0.373621,0.00,0.00
2025-12-03T12:04:45.262Z,33.806787023225425,33.747937707312076,33.8745,33.8745,现货价格,33.8745,V4 池,33.747937707312076,0.373621,0.00,0.00
2025-12-03T12:04:45.268Z,33.806787023225425,33.747937707312076,33.8735,33.8735,现货价格,33.8735,V4 池,33.747937707312076,0.370680,0.00,0.00
2025-12-03T12:04:45.374Z,33.806787023225425,33.747937707312076,33.8735,33.8735,现货价格,33.8735,V4 池,33.747937707312076,0.370680,0.00,0.00
2025-12-03T12:04:46.171Z,33.806787023225425,33.747937707312076,33.8735,33.8735,现货价格,33.8735,V4 池,33.747937707312076,0.370680,0.00,0.00
2025-12-03T12:04:46.625Z,33.806787023225425,33.7481084833788,33.8735,33.8735,现货价格,33.8735,V4 池,33.7481084833788,0.370176,0.00,0.00
2025-12-03T12:04:46.635Z,33.806787023225425,33.7481084833788,33.8735,33.8735,现货价格,33.8735,V4 池,33.7481084833788,0.370176,0.00,0.00
2025-12-03T12:04:46.652Z,33.806787023225425,33.7481084833788,33.8745,33.8745,现货价格,33.8745,V4 池,33.7481084833788,0.373117,0.00,0.00
2025-12-03T12:04:46.752Z,33.806787023225425,33.7481084833788,33.8735,33.8735,现货价格,33.8735,V4 池,33.7481084833788,0.370176,0.00,0.00
2025-12-03T12:04:46.840Z,33.806787023225425,33.7481084833788,33.8745,33.8745,现货价格,33.8745,V4 池,33.7481084833788,0.373117,0.00,0.00
2025-12-03T12:04:46.848Z,33.806787023225425,33.7481084833788,33.8825,33.8825,现货价格,33.8825,V4 池,33.7481084833788,0.396640,0.00,0.00
2025-12-03T12:04:46.885Z,33.806787023225425,33.7481084833788,33.8735,33.8735,现货价格,33.8735,V4 池,33.7481084833788,0.370176,0.00,0.00
2025-12-03T12:04:46.919Z,33.806787023225425,33.7481084833788,33.8825,33.8825,现货价格,33.8825,V4 池,33.7481084833788,0.396640,0.00,0.00
2025-12-03T12:04:46.928Z,33.806787023225425,33.7481084833788,33.8825,33.8825,现货价格,33.8825,V4 池,33.7481084833788,0.396640,0.00,0.00
2025-12-03T12:04:46.952Z,33.806787023225425,33.7481084833788,33.8735,33.8735,现货价格,33.8735,V4 池,33.7481084833788,0.370176,0.00,0.00
2025-12-03T12:04:47.057Z,33.806787023225425,33.7481084833788,33.878,33.878,现货价格,33.878,V4 池,33.7481084833788,0.383410,0.00,0.00
2025-12-03T12:04:47.124Z,33.806787023225425,33.7481084833788,33.881,33.881,现货价格,33.881,V4 池,33.7481084833788,0.392230,0.00,0.00
2025-12-03T12:04:47.219Z,33.806787023225425,33.7481084833788,33.881,33.881,现货价格,33.881,V4 池,33.7481084833788,0.392230,0.00,0.00
2025-12-03T12:04:47.684Z,33.806787023225425,33.7481084833788,33.8825,33.8825,现货价格,33.8825,V4 池,33.7481084833788,0.396640,0.00,0.00
2025-12-03T12:04:51.409Z,33.806787023225425,33.7481084833788,33.877,33.877,现货价格,33.877,V4 池,33.7481084833788,0.380469,0.00,0.00
2025-12-03T12:04:51.424Z,33.806787023225425,33.7481084833788,33.877,33.877,现货价格,33.877,V4 池,33.7481084833788,0.380469,0.00,0.00
2025-12-03T12:04:51.491Z,33.806787023225425,33.7481084833788,33.877,33.877,现货价格,33.877,V4 池,33.7481084833788,0.380469,0.00,0.00
2025-12-03T12:04:51.511Z,33.806787023225425,33.7481084833788,33.877,33.877,现货价格,33.877,V4 池,33.7481084833788,0.380469,0.00,0.00
2025-12-03T12:04:51.547Z,33.806787023225425,33.7481084833788,33.877,33.877,现货价格,33.877,V4 池,33.7481084833788,0.380469,0.00,0.00
2025-12-03T12:04:51.621Z,33.806787023225425,33.7481084833788,33.877,33.877,现货价格,33.877,V4 池,33.7481084833788,0.380469,0.00,0.00
2025-12-03T12:04:52.081Z,33.806787023225425,33.7481084833788,33.877,33.877,现货价格,33.877,V4 池,33.7481084833788,0.380469,0.00,0.00
2025-12-03T12:04:56.368Z,33.806787023225425,33.7481084833788,33.8755,33.8755,现货价格,33.8755,V4 池,33.7481084833788,0.376058,0.00,0.00
2025-12-03T12:04:56.529Z,33.806787023225425,33.7481084833788,33.8755,33.8755,现货价格,33.8755,V4 池,33.7481084833788,0.376058,0.00,0.00
2025-12-03T12:04:56.539Z,33.806787023225425,33.7481084833788,33.8755,33.8755,现货价格,33.8755,V4 池,33.7481084833788,0.376058,0.00,0.00
2025-12-03T12:04:56.593Z,33.806787023225425,33.7481084833788,33.8755,33.8755,现货价格,33.8755,V4 池,33.7481084833788,0.376058,0.00,0.00
2025-12-03T12:04:56.660Z,33.806787023225425,33.7481084833788,33.8755,33.8755,现货价格,33.8755,V4 池,33.7481084833788,0.376058,0.00,0.00
2025-12-03T12:04:56.741Z,33.806787023225425,33.7481084833788,33.8755,33.8755,现货价格,33.8755,V4 池,33.7481084833788,0.376058,0.00,0.00
2025-12-03T12:04:57.061Z,33.806787023225425,33.7481084833788,33.8755,33.8755,现货价格,33.8755,V4 池,33.7481084833788,0.376058,0.00,0.00
2025-12-03T12:05:01.678Z,33.806787023225425,33.7481084833788,33.8655,33.8655,现货价格,33.8655,V4 池,33.7481084833788,0.346640,0.00,0.00
2025-12-03T12:05:02.077Z,33.806787023225425,33.7481084833788,33.8655,33.8655,现货价格,33.8655,V4 池,33.7481084833788,0.346640,0.00,0.00
2025-12-03T12:05:02.361Z,33.806787023225425,33.7481084833788,33.8655,33.8655,现货价格,33.8655,V4 池,33.7481084833788,0.346640,0.00,0.00
2025-12-03T12:05:02.406Z,33.806787023225425,33.7481084833788,33.877,33.877,现货价格,33.877,V4 池,33.7481084833788,0.380469,0.00,0.00
2025-12-03T12:05:02.521Z,33.806787023225425,33.7481084833788,33.8655,33.8655,现货价格,33.8655,V4 池,33.7481084833788,0.346640,0.00,0.00
2025-12-03T12:05:02.722Z,33.806787023225425,33.7481084833788,33.8655,33.8655,现货价格,33.8655,V4 池,33.7481084833788,0.346640,0.00,0.00
2025-12-03T12:05:03.038Z,33.806787023225425,33.7481084833788,33.877,33.877,现货价格,33.877,V4 池,33.7481084833788,0.380469,0.00,0.00
2025-12-03T12:05:06.580Z,33.806787023225425,33.7481084833788,33.8825,33.8825,现货价格,33.8825,V4 池,33.7481084833788,0.396640,0.00,0.00
2025-12-03T12:05:06.725Z,33.806787023225425,33.7481084833788,33.8825,33.8825,现货价格,33.8825,V4 池,33.7481084833788,0.396640,0.00,0.00
2025-12-03T12:05:06.761Z,33.806787023225425,33.7481084833788,33.8825,33.8825,现货价格,33.8825,V4 池,33.7481084833788,0.396640,0.00,0.00
2025-12-03T12:05:06.768Z,33.806787023225425,33.7481084833788,33.8825,33.8825,现货价格,33.8825,V4 池,33.7481084833788,0.396640,0.00,0.00
2025-12-03T12:05:07.051Z,33.806787023225425,33.7481084833788,33.8825,33.8825,现货价格,33.8825,V4 池,33.7481084833788,0.396640,0.00,0.00
2025-12-03T12:05:07.141Z,33.806787023225425,33.7481084833788,33.88,33.88,现货价格,33.88,V4 池,33.7481084833788,0.389290,0.00,0.00
2025-12-03T12:05:07.781Z,33.806787023225425,33.7481084833788,33.8825,33.8825,现货价格,33.8825,V4 池,33.7481084833788,0.396640,0.00,0.00
2025-12-03T12:05:11.558Z,33.806787023225425,33.7481084833788,33.8505,33.8505,现货价格,33.8505,V4 池,33.7481084833788,0.302482,0.00,0.00
2025-12-03T12:05:11.581Z,33.806787023225425,33.7481084833788,33.8505,33.8505,现货价格,33.8505,V4 池,33.7481084833788,0.302482,0.00,0.00
2025-12-03T12:05:11.886Z,33.806787023225425,33.7481084833788,33.8505,33.8505,现货价格,33.8505,V4 池,33.7481084833788,0.302482,0.00,0.00
2025-12-03T12:05:11.890Z,33.806787023225425,33.7481084833788,33.8505,33.8505,现货价格,33.8505,V4 池,33.7481084833788,0.302482,0.00,0.00
2025-12-03T12:05:11.982Z,33.806787023225425,33.7481084833788,33.8505,33.8505,现货价格,33.8505,V4 池,33.7481084833788,0.302482,0.00,0.00
2025-12-03T12:05:12.128Z,33.806787023225425,33.7481084833788,33.8505,33.8505,现货价格,33.8505,V4 池,33.7481084833788,0.302482,0.00,0.00
2025-12-03T12:05:12.136Z,33.806787023225425,33.7481084833788,33.8505,33.8505,现货价格,33.8505,V4 池,33.7481084833788,0.302482,0.00,0.00
2025-12-03T12:05:16.382Z,33.806787023225425,33.7481084833788,33.8505,33.8505,现货价格,33.8505,V4 池,33.7481084833788,0.302482,0.00,0.00
2025-12-03T12:05:16.648Z,33.806787023225425,33.7481084833788,33.8505,33.8505,现货价格,33.8505,V4 池,33.7481084833788,0.302482,0.00,0.00
2025-12-03T12:05:16.689Z,33.806787023225425,33.7481084833788,33.8505,33.8505,现货价格,33.8505,V4 池,33.7481084833788,0.302482,0.00,0.00
2025-12-03T12:05:16.937Z,33.806787023225425,33.7481084833788,33.8505,33.8505,现货价格,33.8505,V4 池,33.7481084833788,0.302482,0.00,0.00
2025-12-03T12:05:16.988Z,33.806787023225425,33.7481084833788,33.8545,33.8545,现货价格,33.8545,V4 池,33.7481084833788,0.314261,0.00,0.00
2025-12-03T12:05:17.024Z,33.806787023225425,33.7481084833788,33.8505,33.8505,现货价格,33.8505,V4 池,33.7481084833788,0.302482,0.00,0.00
2025-12-03T12:05:17.052Z,33.806787023225425,33.7481084833788,33.8505,33.8505,现货价格,33.8505,V4 池,33.7481084833788,0.302482,0.00,0.00
2025-12-03T12:05:21.409Z,33.806787023225425,33.7481084833788,33.864,33.864,现货价格,33.864,V4 池,33.7481084833788,0.342226,0.00,0.00
2025-12-03T12:05:21.549Z,33.806787023225425,33.7481084833788,33.8625,33.8625,现货价格,33.8625,V4 池,33.7481084833788,0.337812,0.00,0.00
2025-12-03T12:05:21.871Z,33.806787023225425,33.7481084833788,33.864,33.864,现货价格,33.864,V4 池,33.7481084833788,0.342226,0.00,0.00
2025-12-03T12:05:21.922Z,33.806787023225425,33.7481084833788,33.864,33.864,现货价格,33.864,V4 池,33.7481084833788,0.342226,0.00,0.00
2025-12-03T12:05:21.940Z,33.806787023225425,33.7481084833788,33.864,33.864,现货价格,33.864,V4 池,33.7481084833788,0.342226,0.00,0.00
2025-12-03T12:05:21.951Z,33.806787023225425,33.7481084833788,33.8625,33.8625,现货价格,33.8625,V4 池,33.7481084833788,0.337812,0.00,0.00
2025-12-03T12:05:22.852Z,33.806787023225425,33.7481084833788,33.8625,33.8625,现货价格,33.8625,V4 池,33.7481084833788,0.337812,0.00,0.00
2025-12-03T12:05:26.854Z,33.806787023225425,33.7481084833788,33.8635,33.8635,现货价格,33.8635,V4 池,33.7481084833788,0.340755,0.00,0.00
2025-12-03T12:05:26.866Z,33.806787023225425,33.7481084833788,33.8635,33.8635,现货价格,33.8635,V4 池,33.7481084833788,0.340755,0.00,0.00
2025-12-03T12:05:26.893Z,33.806787023225425,33.7481084833788,33.8635,33.8635,现货价格,33.8635,V4 池,33.7481084833788,0.340755,0.00,0.00
2025-12-03T12:05:26.933Z,33.806787023225425,33.7481084833788,33.8635,33.8635,现货价格,33.8635,V4 池,33.7481084833788,0.340755,0.00,0.00
2025-12-03T12:05:26.971Z,33.806787023225425,33.7481084833788,33.8635,33.8635,现货价格,33.8635,V4 池,33.7481084833788,0.340755,0.00,0.00
2025-12-03T12:05:27.094Z,33.806787023225425,33.7481084833788,33.8635,33.8635,现货价格,33.8635,V4 池,33.7481084833788,0.340755,0.00,0.00
2025-12-03T12:05:27.551Z,33.806787023225425,33.7481084833788,33.8635,33.8635,现货价格,33.8635,V4 池,33.7481084833788,0.340755,0.00,0.00
2025-12-03T12:05:31.594Z,33.806787023225425,33.7481084833788,33.864,33.864,现货价格,33.864,V4 池,33.7481084833788,0.342226,0.00,0.00
2025-12-03T12:05:31.803Z,33.806787023225425,33.7481084833788,33.864,33.864,现货价格,33.864,V4 池,33.7481084833788,0.342226,0.00,0.00
2025-12-03T12:05:31.822Z,33.806787023225425,33.7481084833788,33.864,33.864,现货价格,33.864,V4 池,33.7481084833788,0.342226,0.00,0.00
2025-12-03T12:05:31.981Z,33.806787023225425,33.7481084833788,33.864,33.864,现货价格,33.864,V4 池,33.7481084833788,0.342226,0.00,0.00
2025-12-03T12:05:32.064Z,33.806787023225425,33.7481084833788,33.864,33.864,现货价格,33.864,V4 池,33.7481084833788,0.342226,0.00,0.00
2025-12-03T12:05:32.095Z,33.806787023225425,33.7481084833788,33.864,33.864,现货价格,33.864,V4 池,33.7481084833788,0.342226,0.00,0.00
2025-12-03T12:05:32.129Z,33.806787023225425,33.7481084833788,33.864,33.864,现货价格,33.864,V4 池,33.7481084833788,0.342226,0.00,0.00
2025-12-03T12:05:36.512Z,33.806787023225425,33.7481084833788,33.8645,33.8645,现货价格,33.8645,V4 池,33.7481084833788,0.343698,0.00,0.00
2025-12-03T12:05:36.697Z,33.806787023225425,33.7481084833788,33.8645,33.8645,现货价格,33.8645,V4 池,33.7481084833788,0.343698,0.00,0.00
2025-12-03T12:05:36.884Z,33.806787023225425,33.7481084833788,33.8645,33.8645,现货价格,33.8645,V4 池,33.7481084833788,0.343698,0.00,0.00
2025-12-03T12:05:36.904Z,33.806787023225425,33.7481084833788,33.8645,33.8645,现货价格,33.8645,V4 池,33.7481084833788,0.343698,0.00,0.00
2025-12-03T12:05:36.965Z,33.806787023225425,33.7481084833788,33.858,33.858,现货价格,33.858,V4 池,33.7481084833788,0.324566,0.00,0.00
2025-12-03T12:05:37.051Z,33.806787023225425,33.7481084833788,33.858,33.858,现货价格,33.858,V4 池,33.7481084833788,0.324566,0.00,0.00
2025-12-03T12:05:37.129Z,33.806787023225425,33.7481084833788,33.858,33.858,现货价格,33.858,V4 池,33.7481084833788,0.324566,0.00,0.00
2025-12-03T12:05:41.784Z,33.806787023225425,33.7481084833788,33.86,33.86,现货价格,33.86,V4 池,33.7481084833788,0.330453,0.00,0.00
2025-12-03T12:05:41.798Z,33.806787023225425,33.7481084833788,33.86,33.86,现货价格,33.86,V4 池,33.7481084833788,0.330453,0.00,0.00
2025-12-03T12:05:41.974Z,33.806787023225425,33.7481084833788,33.86,33.86,现货价格,33.86,V4 池,33.7481084833788,0.330453,0.00,0.00
2025-12-03T12:05:42.019Z,33.806787023225425,33.7481084833788,33.86,33.86,现货价格,33.86,V4 池,33.7481084833788,0.330453,0.00,0.00
2025-12-03T12:05:42.150Z,33.806787023225425,33.7481084833788,33.855,33.855,现货价格,33.855,V4 池,33.7481084833788,0.315733,0.00,0.00
2025-12-03T12:05:42.192Z,33.806787023225425,33.7481084833788,33.8505,33.8505,现货价格,33.8505,V4 池,33.7481084833788,0.302482,0.00,0.00
2025-12-03T12:05:42.323Z,33.806787023225425,33.7481084833788,33.8505,33.8505,现货价格,33.8505,V4 池,33.7481084833788,0.302482,0.00,0.00
2025-12-03T12:05:47.045Z,33.806787023225425,33.7481084833788,33.833,33.833,现货价格,33.833,V4 池,33.7481084833788,0.250913,0.00,0.00
2025-12-03T12:05:47.046Z,33.806787023225425,33.7481084833788,33.833,33.833,现货价格,33.833,V4 池,33.7481084833788,0.250913,0.00,0.00
2025-12-03T12:05:47.326Z,33.806787023225425,33.7481084833788,33.833,33.833,现货价格,33.833,V4 池,33.7481084833788,0.250913,0.00,0.00
2025-12-03T12:05:47.331Z,33.806787023225425,33.7481084833788,33.832,33.832,现货价格,33.832,V4 池,33.7481084833788,0.247965,0.00,0.00
2025-12-03T12:05:47.380Z,33.806787023225425,33.7481084833788,33.833,33.833,现货价格,33.833,V4 池,33.7481084833788,0.250913,0.00,0.00
2025-12-03T12:05:47.432Z,33.806787023225425,33.7481084833788,33.832,33.832,现货价格,33.832,V4 池,33.7481084833788,0.247965,0.00,0.00
2025-12-03T12:05:47.484Z,33.806787023225425,33.7481084833788,33.833,33.833,现货价格,33.833,V4 池,33.7481084833788,0.250913,0.00,0.00
2025-12-03T12:05:51.521Z,33.806787023225425,33.7481084833788,33.8305,33.8305,现货价格,33.8305,V4 池,33.7481084833788,0.243542,0.00,0.00
2025-12-03T12:05:51.753Z,33.806787023225425,33.7481084833788,33.8305,33.8305,现货价格,33.8305,V4 池,33.7481084833788,0.243542,0.00,0.00
2025-12-03T12:05:52.073Z,33.806787023225425,33.7481084833788,33.8305,33.8305,现货价格,33.8305,V4 池,33.7481084833788,0.243542,0.00,0.00
2025-12-03T12:05:52.162Z,33.806787023225425,33.7481084833788,33.8355,33.8355,现货价格,33.8355,V4 池,33.7481084833788,0.258284,0.00,0.00
2025-12-03T12:05:52.204Z,33.806787023225425,33.7481084833788,33.8355,33.8355,现货价格,33.8355,V4 池,33.7481084833788,0.258284,0.00,0.00
2025-12-03T12:05:52.268Z,33.806787023225425,33.7481084833788,33.8355,33.8355,现货价格,33.8355,V4 池,33.7481084833788,0.258284,0.00,0.00
2025-12-03T12:05:52.312Z,33.806787023225425,33.7481084833788,33.8305,33.8305,现货价格,33.8305,V4 池,33.7481084833788,0.243542,0.00,0.00
2025-12-03T12:05:56.765Z,33.806787023225425,33.7481084833788,33.84,33.84,现货价格,33.84,V4 池,33.7481084833788,0.271547,0.00,0.00
2025-12-03T12:05:56.788Z,33.806787023225425,33.7481084833788,33.84,33.84,现货价格,33.84,V4 池,33.7481084833788,0.271547,0.00,0.00
2025-12-03T12:05:57.001Z,33.806787023225425,33.7481084833788,33.8395,33.8395,现货价格,33.8395,V4 池,33.7481084833788,0.270073,0.00,0.00
2025-12-03T12:05:57.005Z,33.806787023225425,33.7481084833788,33.8395,33.8395,现货价格,33.8395,V4 池,33.7481084833788,0.270073,0.00,0.00
2025-12-03T12:05:57.032Z,33.806787023225425,33.7481084833788,33.8395,33.8395,现货价格,33.8395,V4 池,33.7481084833788,0.270073,0.00,0.00
2025-12-03T12:05:57.071Z,33.806787023225425,33.7481084833788,33.8395,33.8395,现货价格,33.8395,V4 池,33.7481084833788,0.270073,0.00,0.00
2025-12-03T12:05:57.410Z,33.806787023225425,33.7481084833788,33.84,33.84,现货价格,33.84,V4 池,33.7481084833788,0.271547,0.00,0.00
2025-12-03T12:06:01.930Z,33.806787023225425,33.7481084833788,33.8385,33.8385,现货价格,33.8385,V4 池,33.7481084833788,0.267126,0.00,0.00
2025-12-03T12:06:02.238Z,33.806787023225425,33.7481084833788,33.8385,33.8385,现货价格,33.8385,V4 池,33.7481084833788,0.267126,0.00,0.00
2025-12-03T12:06:02.276Z,33.806787023225425,33.7481084833788,33.8385,33.8385,现货价格,33.8385,V4 池,33.7481084833788,0.267126,0.00,0.00
2025-12-03T12:06:02.334Z,33.806787023225425,33.7481084833788,33.8385,33.8385,现货价格,33.8385,V4 池,33.7481084833788,0.267126,0.00,0.00
2025-12-03T12:06:02.377Z,33.806787023225425,33.7481084833788,33.8385,33.8385,现货价格,33.8385,V4 池,33.7481084833788,0.267126,0.00,0.00
2025-12-03T12:06:02.389Z,33.806787023225425,33.7481084833788,33.8385,33.8385,现货价格,33.8385,V4 池,33.7481084833788,0.267126,0.00,0.00
2025-12-03T12:06:02.648Z,33.806787023225425,33.7481084833788,33.8385,33.8385,现货价格,33.8385,V4 池,33.7481084833788,0.267126,0.00,0.00
2025-12-03T12:06:07.000Z,33.806787023225425,33.7481084833788,33.833,33.833,现货价格,33.833,V4 池,33.7481084833788,0.250913,0.00,0.00
2025-12-03T12:06:07.075Z,33.806787023225425,33.7481084833788,33.833,33.833,现货价格,33.833,V4 池,33.7481084833788,0.250913,0.00,0.00
2025-12-03T12:06:07.130Z,33.806787023225425,33.7481084833788,33.833,33.833,现货价格,33.833,V4 池,33.7481084833788,0.250913,0.00,0.00
2025-12-03T12:06:07.184Z,33.806787023225425,33.7481084833788,33.833,33.833,现货价格,33.833,V4 池,33.7481084833788,0.250913,0.00,0.00
2025-12-03T12:06:07.292Z,33.806787023225425,33.7481084833788,33.833,33.833,现货价格,33.833,V4 池,33.7481084833788,0.250913,0.00,0.00
2025-12-03T12:06:07.384Z,33.806787023225425,33.7481084833788,33.833,33.833,现货价格,33.833,V4 池,33.7481084833788,0.250913,0.00,0.00
2025-12-03T12:06:07.446Z,33.806787023225425,33.7481084833788,33.833,33.833,现货价格,33.833,V4 池,33.7481084833788,0.250913,0.00,0.00
2025-12-03T12:06:11.641Z,33.806787023225425,33.7481084833788,33.8195,33.8195,现货价格,33.8195,V4 池,33.7481084833788,0.211096,0.00,0.00
2025-12-03T12:06:11.887Z,33.806787023225425,33.7481084833788,33.8195,33.8195,现货价格,33.8195,V4 池,33.7481084833788,0.211096,0.00,0.00
2025-12-03T12:06:12.060Z,33.806787023225425,33.7481084833788,33.8195,33.8195,现货价格,33.8195,V4 池,33.7481084833788,0.211096,0.00,0.00
2025-12-03T12:06:12.072Z,33.806787023225425,33.7481084833788,33.8195,33.8195,现货价格,33.8195,V4 池,33.7481084833788,0.211096,0.00,0.00
2025-12-03T12:06:12.084Z,33.806787023225425,33.7481084833788,33.8195,33.8195,现货价格,33.8195,V4 池,33.7481084833788,0.211096,0.00,0.00
2025-12-03T12:06:12.162Z,33.806787023225425,33.7481084833788,33.8195,33.8195,现货价格,33.8195,V4 池,33.7481084833788,0.211096,0.00,0.00
2025-12-03T12:06:12.193Z,33.806787023225425,33.7481084833788,33.8195,33.8195,现货价格,33.8195,V4 池,33.7481084833788,0.211096,0.00,0.00
2025-12-03T12:06:16.898Z,33.806787023225425,33.7481084833788,33.8165,33.8165,现货价格,33.8165,V4 池,33.7481084833788,0.202243,0.00,0.00
2025-12-03T12:06:16.905Z,33.806787023225425,33.7481084833788,33.817,33.817,现货价格,33.817,V4 池,33.7481084833788,0.203719,0.00,0.00
2025-12-03T12:06:17.095Z,33.806787023225425,33.7481084833788,33.8165,33.8165,现货价格,33.8165,V4 池,33.7481084833788,0.202243,0.00,0.00
2025-12-03T12:06:17.214Z,33.806787023225425,33.7481084833788,33.8165,33.8165,现货价格,33.8165,V4 池,33.7481084833788,0.202243,0.00,0.00
2025-12-03T12:06:17.586Z,33.806787023225425,33.7481084833788,33.8165,33.8165,现货价格,33.8165,V4 池,33.7481084833788,0.202243,0.00,0.00
2025-12-03T12:06:17.635Z,33.806787023225425,33.7481084833788,33.817,33.817,现货价格,33.817,V4 池,33.7481084833788,0.203719,0.00,0.00
2025-12-03T12:06:17.707Z,33.806787023225425,33.7481084833788,33.8165,33.8165,现货价格,33.8165,V4 池,33.7481084833788,0.202243,0.00,0.00
2025-12-03T12:06:22.039Z,33.806787023225425,33.7481084833788,33.8135,33.8135,现货价格,33.8135,V4 池,33.7481084833788,0.193389,0.00,0.00
2025-12-03T12:06:22.044Z,33.806787023225425,33.7481084833788,33.8135,33.8135,现货价格,33.8135,V4 池,33.7481084833788,0.193389,0.00,0.00
2025-12-03T12:06:22.236Z,33.806787023225425,33.7481084833788,33.8135,33.8135,现货价格,33.8135,V4 池,33.7481084833788,0.193389,0.00,0.00
2025-12-03T12:06:22.342Z,33.806787023225425,33.7481084833788,33.8135,33.8135,现货价格,33.8135,V4 池,33.7481084833788,0.193389,0.00,0.00
2025-12-03T12:06:22.366Z,33.806787023225425,33.7481084833788,33.8135,33.8135,现货价格,33.8135,V4 池,33.7481084833788,0.193389,0.00,0.00
2025-12-03T12:06:22.395Z,33.806787023225425,33.7481084833788,33.8135,33.8135,现货价格,33.8135,V4 池,33.7481084833788,0.193389,0.00,0.00
2025-12-03T12:06:23.246Z,33.806787023225425,33.7481084833788,33.8135,33.8135,现货价格,33.8135,V4 池,33.7481084833788,0.193389,0.00,0.00
2025-12-03T12:06:26.684Z,33.806787023225425,33.7481084833788,33.8045,33.8045,V3 池,33.806787023225425,V4 池,33.7481084833788,0.173570,0.00,0.00
2025-12-03T12:06:26.718Z,33.806787023225425,33.7481084833788,33.8045,33.8045,V3 池,33.806787023225425,V4 池,33.7481084833788,0.173570,0.00,0.00
2025-12-03T12:06:26.948Z,33.806787023225425,33.7481084833788,33.8045,33.8045,V3 池,33.806787023225425,V4 池,33.7481084833788,0.173570,0.00,0.00
2025-12-03T12:06:27.001Z,33.806787023225425,33.7481084833788,33.8045,33.8045,V3 池,33.806787023225425,V4 池,33.7481084833788,0.173570,0.00,0.00
2025-12-03T12:06:27.075Z,33.806787023225425,33.7481084833788,33.8045,33.8045,V3 池,33.806787023225425,V4 池,33.7481084833788,0.173570,0.00,0.00
2025-12-03T12:06:27.178Z,33.806787023225425,33.7481084833788,33.8045,33.8045,V3 池,33.806787023225425,V4 池,33.7481084833788,0.173570,0.00,0.00
2025-12-03T12:06:27.281Z,33.806787023225425,33.7481084833788,33.8045,33.8045,V3 池,33.806787023225425,V4 池,33.7481084833788,0.173570,0.00,0.00
2025-12-03T12:06:31.965Z,33.806787023225425,33.7481084833788,33.8005,33.8005,V3 池,33.806787023225425,V4 池,33.7481084833788,0.173570,0.00,0.00
2025-12-03T12:06:32.107Z,33.806787023225425,33.7481084833788,33.8005,33.8005,V3 池,33.806787023225425,V4 池,33.7481084833788,0.173570,0.00,0.00
2025-12-03T12:06:32.158Z,33.806787023225425,33.7481084833788,33.8005,33.8005,V3 池,33.806787023225425,V4 池,33.7481084833788,0.173570,0.00,0.00
2025-12-03T12:06:32.422Z,33.806787023225425,33.7481084833788,33.8005,33.8005,V3 池,33.806787023225425,V4 池,33.7481084833788,0.173570,0.00,0.00
2025-12-03T12:06:32.701Z,33.806787023225425,33.7481084833788,33.8005,33.8005,V3 池,33.806787023225425,V4 池,33.7481084833788,0.173570,0.00,0.00
2025-12-03T12:06:32.825Z,33.806787023225425,33.7481084833788,33.8005,33.8005,V3 池,33.806787023225425,V4 池,33.7481084833788,0.173570,0.00,0.00
2025-12-03T12:06:33.013Z,33.806787023225425,33.7481084833788,33.8005,33.8005,V3 池,33.806787023225425,V4 池,33.7481084833788,0.173570,0.00,0.00
2025-12-03T12:06:36.325Z,33.806787023225425,33.7481084833788,33.7945,33.7945,V3 池,33.806787023225425,V4 池,33.7481084833788,0.173570,0.00,0.00
2025-12-03T12:06:36.935Z,33.806787023225425,33.7481084833788,33.7945,33.7945,V3 池,33.806787023225425,V4 池,33.7481084833788,0.173570,0.00,0.00
2025-12-03T12:06:36.957Z,33.806787023225425,33.7481084833788,33.7945,33.7945,V3 池,33.806787023225425,V4 池,33.7481084833788,0.173570,0.00,0.00
2025-12-03T12:06:37.044Z,33.806787023225425,33.7481084833788,33.7945,33.7945,V3 池,33.806787023225425,V4 池,33.7481084833788,0.173570,0.00,0.00
2025-12-03T12:06:37.104Z,33.806787023225425,33.7481084833788,33.7945,33.7945,V3 池,33.806787023225425,V4 池,33.7481084833788,0.173570,0.00,0.00
2025-12-03T12:06:37.153Z,33.806787023225425,33.7481084833788,33.7945,33.7945,V3 池,33.806787023225425,V4 池,33.7481084833788,0.173570,0.00,0.00
2025-12-03T12:06:37.391Z,33.806787023225425,33.7481084833788,33.7945,33.7945,V3 池,33.806787023225425,V4 池,33.7481084833788,0.173570,0.00,0.00
2025-12-03T12:06:41.761Z,33.806787023225425,33.7481084833788,33.7765,33.7765,V3 池,33.806787023225425,V4 池,33.7481084833788,0.173570,0.00,0.00
2025-12-03T12:06:41.981Z,33.806787023225425,33.7481084833788,33.7765,33.7765,V3 池,33.806787023225425,V4 池,33.7481084833788,0.173570,0.00,0.00
2025-12-03T12:06:42.042Z,33.806787023225425,33.7481084833788,33.7765,33.7765,V3 池,33.806787023225425,V4 池,33.7481084833788,0.173570,0.00,0.00
2025-12-03T12:06:42.052Z,33.806787023225425,33.7481084833788,33.7765,33.7765,V3 池,33.806787023225425,V4 池,33.7481084833788,0.173570,0.00,0.00
2025-12-03T12:06:42.243Z,33.806787023225425,33.7481084833788,33.7765,33.7765,V3 池,33.806787023225425,V4 池,33.7481084833788,0.173570,0.00,0.00
2025-12-03T12:06:42.255Z,33.806787023225425,33.7481084833788,33.7765,33.7765,V3 池,33.806787023225425,V4 池,33.7481084833788,0.173570,0.00,0.00
2025-12-03T12:06:42.281Z,33.806787023225425,33.7481084833788,33.7765,33.7765,V3 池,33.806787023225425,V4 池,33.7481084833788,0.173570,0.00,0.00
2025-12-03T12:06:46.458Z,33.806787023225425,33.7481084833788,33.766,33.766,V3 池,33.806787023225425,V4 池,33.7481084833788,0.173570,0.00,0.00
2025-12-03T12:06:46.730Z,33.806787023225425,33.7481084833788,33.766,33.766,V3 池,33.806787023225425,V4 池,33.7481084833788,0.173570,0.00,0.00
2025-12-03T12:06:46.793Z,33.806787023225425,33.7481084833788,33.766,33.766,V3 池,33.806787023225425,V4 池,33.7481084833788,0.173570,0.00,0.00
2025-12-03T12:06:47.220Z,33.806787023225425,33.7481084833788,33.766,33.766,V3 池,33.806787023225425,V4 池,33.7481084833788,0.173570,0.00,0.00
2025-12-03T12:06:47.242Z,33.806787023225425,33.7481084833788,33.766,33.766,V3 池,33.806787023225425,V4 池,33.7481084833788,0.173570,0.00,0.00
2025-12-03T12:06:47.312Z,33.806787023225425,33.7481084833788,33.766,33.766,V3 池,33.806787023225425,V4 池,33.7481084833788,0.173570,0.00,0.00
2025-12-03T12:06:47.595Z,33.806787023225425,33.7481084833788,33.766,33.766,V3 池,33.806787023225425,V4 池,33.7481084833788,0.173570,0.00,0.00
2025-12-03T12:06:51.772Z,33.806787023225425,33.7481084833788,33.7485,33.7485,V3 池,33.806787023225425,V4 池,33.7481084833788,0.173570,0.00,0.00
2025-12-03T12:06:51.851Z,33.806787023225425,33.7481084833788,33.7485,33.7485,V3 池,33.806787023225425,V4 池,33.7481084833788,0.173570,0.00,0.00
2025-12-03T12:06:51.878Z,33.806787023225425,33.7481084833788,33.7485,33.7485,V3 池,33.806787023225425,V4 池,33.7481084833788,0.173570,0.00,0.00
2025-12-03T12:06:52.233Z,33.806787023225425,33.7481084833788,33.7485,33.7485,V3 池,33.806787023225425,V4 池,33.7481084833788,0.173570,0.00,0.00
2025-12-03T12:06:52.293Z,33.806787023225425,33.7481084833788,33.7485,33.7485,V3 池,33.806787023225425,V4 池,33.7481084833788,0.173570,0.00,0.00
2025-12-03T12:06:52.302Z,33.806787023225425,33.7481084833788,33.7485,33.7485,V3 池,33.806787023225425,V4 池,33.7481084833788,0.173570,0.00,0.00
2025-12-03T12:06:52.436Z,33.806787023225425,33.7481084833788,33.7485,33.7485,V3 池,33.806787023225425,V4 池,33.7481084833788,0.173570,0.00,0.00
2025-12-03T12:06:56.317Z,33.806787023225425,33.7481084833788,33.7435,33.7435,V3 池,33.806787023225425,合约价格,33.7435,0.187202,0.00,0.00
2025-12-03T12:06:56.322Z,33.806787023225425,33.7481084833788,33.7435,33.7435,V3 池,33.806787023225425,合约价格,33.7435,0.187202,0.00,0.00
2025-12-03T12:06:56.387Z,33.806787023225425,33.7481084833788,33.7435,33.7435,V3 池,33.806787023225425,合约价格,33.7435,0.187202,0.00,0.00
2025-12-03T12:06:56.405Z,33.806787023225425,33.7481084833788,33.7435,33.7435,V3 池,33.806787023225425,合约价格,33.7435,0.187202,0.00,0.00
2025-12-03T12:06:56.468Z,33.806787023225425,33.7481084833788,33.7435,33.7435,V3 池,33.806787023225425,合约价格,33.7435,0.187202,0.00,0.00
2025-12-03T12:06:56.660Z,33.806787023225425,33.7481084833788,33.7435,33.7435,V3 池,33.806787023225425,合约价格,33.7435,0.187202,0.00,0.00
2025-12-03T12:06:56.733Z,33.806787023225425,33.7481084833788,33.7435,33.7435,V3 池,33.806787023225425,合约价格,33.7435,0.187202,0.00,0.00
2025-12-03T12:07:01.561Z,33.806787023225425,33.7481084833788,33.7335,33.7335,V3 池,33.806787023225425,合约价格,33.7335,0.216782,0.00,0.00
2025-12-03T12:07:01.562Z,33.806787023225425,33.7481084833788,33.7335,33.7335,V3 池,33.806787023225425,合约价格,33.7335,0.216782,0.00,0.00
2025-12-03T12:07:01.607Z,33.806787023225425,33.7481084833788,33.7335,33.7335,V3 池,33.806787023225425,合约价格,33.7335,0.216782,0.00,0.00
2025-12-03T12:07:01.658Z,33.806787023225425,33.7481084833788,33.7335,33.7335,V3 池,33.806787023225425,合约价格,33.7335,0.216782,0.00,0.00
2025-12-03T12:07:01.849Z,33.806787023225425,33.7481084833788,33.7335,33.7335,V3 池,33.806787023225425,合约价格,33.7335,0.216782,0.00,0.00
2025-12-03T12:07:01.995Z,33.806787023225425,33.7481084833788,33.7335,33.7335,V3 池,33.806787023225425,合约价格,33.7335,0.216782,0.00,0.00
2025-12-03T12:07:02.147Z,33.806787023225425,33.7481084833788,33.7335,33.7335,V3 池,33.806787023225425,合约价格,33.7335,0.216782,0.00,0.00
2025-12-03T12:07:02.266Z,33.80043735555533,33.7481084833788,33.7335,33.7335,V3 池,33.80043735555533,合约价格,33.7335,0.198037,0.00,0.00
2025-12-03T12:07:02.305Z,33.80043735555533,33.7481084833788,33.7335,33.7335,V3 池,33.80043735555533,合约价格,33.7335,0.198037,0.00,0.00
2025-12-03T12:07:02.349Z,33.80043735555533,33.7481084833788,33.7335,33.7335,V3 池,33.80043735555533,合约价格,33.7335,0.198037,0.00,0.00
2025-12-03T12:07:02.425Z,33.80043735555533,33.7481084833788,33.7335,33.7335,V3 池,33.80043735555533,合约价格,33.7335,0.198037,0.00,0.00
2025-12-03T12:07:02.672Z,33.80043735555533,33.7481084833788,33.7335,33.7335,V3 池,33.80043735555533,合约价格,33.7335,0.198037,0.00,0.00
2025-12-03T12:07:02.785Z,33.80043735555533,33.7481084833788,33.7335,33.7335,V3 池,33.80043735555533,合约价格,33.7335,0.198037,0.00,0.00
2025-12-03T12:07:02.918Z,33.80043735555533,33.7481084833788,33.7335,33.7335,V3 池,33.80043735555533,合约价格,33.7335,0.198037,0.00,0.00
2025-12-03T12:07:06.366Z,33.80043735555533,33.7481084833788,33.7365,33.7365,V3 池,33.80043735555533,合约价格,33.7365,0.189161,0.00,0.00
2025-12-03T12:07:06.455Z,33.80043735555533,33.7481084833788,33.7365,33.7365,V3 池,33.80043735555533,合约价格,33.7365,0.189161,0.00,0.00
2025-12-03T12:07:06.469Z,33.80043735555533,33.7481084833788,33.7365,33.7365,V3 池,33.80043735555533,合约价格,33.7365,0.189161,0.00,0.00
2025-12-03T12:07:06.538Z,33.80043735555533,33.7481084833788,33.7365,33.7365,V3 池,33.80043735555533,合约价格,33.7365,0.189161,0.00,0.00
2025-12-03T12:07:06.662Z,33.80043735555533,33.7481084833788,33.7365,33.7365,V3 池,33.80043735555533,合约价格,33.7365,0.189161,0.00,0.00
2025-12-03T12:07:06.726Z,33.80043735555533,33.7481084833788,33.7365,33.7365,V3 池,33.80043735555533,合约价格,33.7365,0.189161,0.00,0.00
2025-12-03T12:07:07.135Z,33.80043735555533,33.7481084833788,33.7365,33.7365,V3 池,33.80043735555533,合约价格,33.7365,0.189161,0.00,0.00
2025-12-03T12:07:11.304Z,33.80043735555533,33.7481084833788,33.7415,33.7415,V3 池,33.80043735555533,合约价格,33.7415,0.174369,0.00,0.00
2025-12-03T12:07:11.308Z,33.80043735555533,33.7481084833788,33.7415,33.7415,V3 池,33.80043735555533,合约价格,33.7415,0.174369,0.00,0.00
2025-12-03T12:07:11.392Z,33.80043735555533,33.7481084833788,33.7415,33.7415,V3 池,33.80043735555533,合约价格,33.7415,0.174369,0.00,0.00
2025-12-03T12:07:11.397Z,33.80043735555533,33.7481084833788,33.7415,33.7415,V3 池,33.80043735555533,合约价格,33.7415,0.174369,0.00,0.00
2025-12-03T12:07:11.419Z,33.80043735555533,33.7481084833788,33.7415,33.7415,V3 池,33.80043735555533,合约价格,33.7415,0.174369,0.00,0.00
2025-12-03T12:07:11.528Z,33.80043735555533,33.7481084833788,33.7415,33.7415,V3 池,33.80043735555533,合约价格,33.7415,0.174369,0.00,0.00
2025-12-03T12:07:11.567Z,33.80043735555533,33.7481084833788,33.7415,33.7415,V3 池,33.80043735555533,合约价格,33.7415,0.174369,0.00,0.00
2025-12-03T12:07:16.316Z,33.80043735555533,33.7481084833788,33.7375,33.7375,V3 池,33.80043735555533,合约价格,33.7375,0.186203,0.00,0.00
2025-12-03T12:07:16.321Z,33.80043735555533,33.7481084833788,33.7375,33.7375,V3 池,33.80043735555533,合约价格,33.7375,0.186203,0.00,0.00
2025-12-03T12:07:16.322Z,33.80043735555533,33.7481084833788,33.7375,33.7375,V3 池,33.80043735555533,合约价格,33.7375,0.186203,0.00,0.00
2025-12-03T12:07:16.372Z,33.80043735555533,33.7481084833788,33.7375,33.7375,V3 池,33.80043735555533,合约价格,33.7375,0.186203,0.00,0.00
2025-12-03T12:07:16.421Z,33.80043735555533,33.7481084833788,33.7375,33.7375,V3 池,33.80043735555533,合约价格,33.7375,0.186203,0.00,0.00
2025-12-03T12:07:16.453Z,33.80043735555533,33.7481084833788,33.7375,33.7375,V3 池,33.80043735555533,合约价格,33.7375,0.186203,0.00,0.00
2025-12-03T12:07:16.466Z,33.80043735555533,33.7481084833788,33.7375,33.7375,V3 池,33.80043735555533,合约价格,33.7375,0.186203,0.00,0.00
2025-12-03T12:07:18.138Z,33.7935642558469,33.7481084833788,33.7375,33.7375,V3 池,33.7935642558469,合约价格,33.7375,0.165902,0.00,0.00
2025-12-03T12:07:18.178Z,33.7935642558469,33.7481084833788,33.7375,33.7375,V3 池,33.7935642558469,合约价格,33.7375,0.165902,0.00,0.00
2025-12-03T12:07:18.247Z,33.7935642558469,33.7481084833788,33.7375,33.7375,V3 池,33.7935642558469,合约价格,33.7375,0.165902,0.00,0.00
2025-12-03T12:07:18.255Z,33.7935642558469,33.7481084833788,33.7375,33.7375,V3 池,33.7935642558469,合约价格,33.7375,0.165902,0.00,0.00
2025-12-03T12:07:18.258Z,33.7935642558469,33.7481084833788,33.7375,33.7375,V3 池,33.7935642558469,合约价格,33.7375,0.165902,0.00,0.00
2025-12-03T12:07:18.377Z,33.7935642558469,33.7481084833788,33.7375,33.7375,V3 池,33.7935642558469,合约价格,33.7375,0.165902,0.00,0.00
2025-12-03T12:07:18.400Z,33.7935642558469,33.7481084833788,33.7375,33.7375,V3 池,33.7935642558469,合约价格,33.7375,0.165902,0.00,0.00
2025-12-03T12:07:19.242Z,33.79052765648711,33.7481084833788,33.7375,33.7375,V3 池,33.79052765648711,合约价格,33.7375,0.156931,0.00,0.00
2025-12-03T12:07:19.282Z,33.79052765648711,33.7481084833788,33.7375,33.7375,V3 池,33.79052765648711,合约价格,33.7375,0.156931,0.00,0.00
2025-12-03T12:07:19.330Z,33.79052765648711,33.7481084833788,33.7375,33.7375,V3 池,33.79052765648711,合约价格,33.7375,0.156931,0.00,0.00
2025-12-03T12:07:19.349Z,33.79052765648711,33.7481084833788,33.7375,33.7375,V3 池,33.79052765648711,合约价格,33.7375,0.156931,0.00,0.00
2025-12-03T12:07:19.369Z,33.79052765648711,33.7481084833788,33.7375,33.7375,V3 池,33.79052765648711,合约价格,33.7375,0.156931,0.00,0.00
2025-12-03T12:07:19.421Z,33.79052765648711,33.7481084833788,33.7375,33.7375,V3 池,33.79052765648711,合约价格,33.7375,0.156931,0.00,0.00
2025-12-03T12:07:19.510Z,33.79052765648711,33.7481084833788,33.7375,33.7375,V3 池,33.79052765648711,合约价格,33.7375,0.156931,0.00,0.00
2025-12-03T12:07:20.130Z,33.78064224566844,33.7481084833788,33.7375,33.7375,V3 池,33.78064224566844,合约价格,33.7375,0.127713,0.00,0.00
2025-12-03T12:07:20.153Z,33.78064224566844,33.7481084833788,33.7375,33.7375,V3 池,33.78064224566844,合约价格,33.7375,0.127713,0.00,0.00
2025-12-03T12:07:20.162Z,33.78064224566844,33.7481084833788,33.7375,33.7375,V3 池,33.78064224566844,合约价格,33.7375,0.127713,0.00,0.00
2025-12-03T12:07:20.218Z,33.78064224566844,33.7481084833788,33.7375,33.7375,V3 池,33.78064224566844,合约价格,33.7375,0.127713,0.00,0.00
2025-12-03T12:07:20.290Z,33.78064224566844,33.7481084833788,33.7375,33.7375,V3 池,33.78064224566844,合约价格,33.7375,0.127713,0.00,0.00
2025-12-03T12:07:20.398Z,33.78064224566844,33.7481084833788,33.7375,33.7375,V3 池,33.78064224566844,合约价格,33.7375,0.127713,0.00,0.00
2025-12-03T12:07:20.523Z,33.78064224566844,33.7481084833788,33.7375,33.7375,V3 池,33.78064224566844,合约价格,33.7375,0.127713,0.00,0.00
2025-12-03T12:07:21.387Z,33.78064224566844,33.7481084833788,33.7215,33.7215,V3 池,33.78064224566844,合约价格,33.7215,0.175077,0.00,0.00
2025-12-03T12:07:21.410Z,33.78064224566844,33.7481084833788,33.7215,33.7215,V3 池,33.78064224566844,合约价格,33.7215,0.175077,0.00,0.00
2025-12-03T12:07:21.463Z,33.78064224566844,33.7481084833788,33.7215,33.7215,V3 池,33.78064224566844,合约价格,33.7215,0.175077,0.00,0.00
2025-12-03T12:07:21.512Z,33.78064224566844,33.7481084833788,33.7215,33.7215,V3 池,33.78064224566844,合约价格,33.7215,0.175077,0.00,0.00
2025-12-03T12:07:21.557Z,33.78064224566844,33.7481084833788,33.7215,33.7215,V3 池,33.78064224566844,合约价格,33.7215,0.175077,0.00,0.00
2025-12-03T12:07:21.558Z,33.78064224566844,33.7481084833788,33.7215,33.7215,V3 池,33.78064224566844,合约价格,33.7215,0.175077,0.00,0.00
2025-12-03T12:07:21.597Z,33.78064224566844,33.7481084833788,33.7215,33.7215,V3 池,33.78064224566844,合约价格,33.7215,0.175077,0.00,0.00
2025-12-03T12:07:26.352Z,33.78064224566844,33.7481084833788,33.7335,33.7335,V3 池,33.78064224566844,合约价格,33.7335,0.139554,0.00,0.00
2025-12-03T12:07:26.376Z,33.78064224566844,33.7481084833788,33.7335,33.7335,V3 池,33.78064224566844,合约价格,33.7335,0.139554,0.00,0.00
2025-12-03T12:07:26.401Z,33.78064224566844,33.7481084833788,33.7335,33.7335,V3 池,33.78064224566844,合约价格,33.7335,0.139554,0.00,0.00
2025-12-03T12:07:26.420Z,33.78064224566844,33.7481084833788,33.7335,33.7335,V3 池,33.78064224566844,合约价格,33.7335,0.139554,0.00,0.00
2025-12-03T12:07:26.472Z,33.78064224566844,33.7481084833788,33.7335,33.7335,V3 池,33.78064224566844,合约价格,33.7335,0.139554,0.00,0.00
2025-12-03T12:07:26.531Z,33.78064224566844,33.7481084833788,33.7335,33.7335,V3 池,33.78064224566844,合约价格,33.7335,0.139554,0.00,0.00
2025-12-03T12:07:26.539Z,33.78064224566844,33.7481084833788,33.7335,33.7335,V3 池,33.78064224566844,合约价格,33.7335,0.139554,0.00,0.00
2025-12-03T12:07:41.569Z,33.78064224566844,33.7481084833788,33.7425,33.7425,V3 池,33.78064224566844,合约价格,33.7425,0.112912,0.00,0.00
2025-12-03T12:07:41.571Z,33.78064224566844,33.7481084833788,33.7425,33.7425,V3 池,33.78064224566844,合约价格,33.7425,0.112912,0.00,0.00
2025-12-03T12:07:41.582Z,33.78064224566844,33.7481084833788,33.7425,33.7425,V3 池,33.78064224566844,合约价格,33.7425,0.112912,0.00,0.00
2025-12-03T12:07:41.637Z,33.78064224566844,33.7481084833788,33.7425,33.7425,V3 池,33.78064224566844,合约价格,33.7425,0.112912,0.00,0.00
2025-12-03T12:07:41.639Z,33.78064224566844,33.7481084833788,33.7425,33.7425,V3 池,33.78064224566844,合约价格,33.7425,0.112912,0.00,0.00
2025-12-03T12:07:41.718Z,33.78064224566844,33.7481084833788,33.7425,33.7425,V3 池,33.78064224566844,合约价格,33.7425,0.112912,0.00,0.00
2025-12-03T12:07:41.755Z,33.78064224566844,33.7481084833788,33.7425,33.7425,V3 池,33.78064224566844,合约价格,33.7425,0.112912,0.00,0.00
2025-12-03T12:07:46.446Z,33.78064224566844,33.7481084833788,33.7425,33.7425,V3 池,33.78064224566844,合约价格,33.7425,0.112912,0.00,0.00
2025-12-03T12:07:46.456Z,33.78064224566844,33.7481084833788,33.7425,33.7425,V3 池,33.78064224566844,合约价格,33.7425,0.112912,0.00,0.00
2025-12-03T12:07:46.504Z,33.78064224566844,33.7481084833788,33.7425,33.7425,V3 池,33.78064224566844,合约价格,33.7425,0.112912,0.00,0.00
2025-12-03T12:07:46.542Z,33.78064224566844,33.7481084833788,33.7425,33.7425,V3 池,33.78064224566844,合约价格,33.7425,0.112912,0.00,0.00
2025-12-03T12:07:46.604Z,33.78064224566844,33.7481084833788,33.7425,33.7425,V3 池,33.78064224566844,合约价格,33.7425,0.112912,0.00,0.00
2025-12-03T12:07:46.611Z,33.78064224566844,33.7481084833788,33.7425,33.7425,V3 池,33.78064224566844,合约价格,33.7425,0.112912,0.00,0.00
2025-12-03T12:07:46.700Z,33.78064224566844,33.7481084833788,33.7425,33.7425,V3 池,33.78064224566844,合约价格,33.7425,0.112912,0.00,0.00
2025-12-03T12:07:56.390Z,33.78064224566844,33.7481084833788,33.7435,33.7435,V3 池,33.78064224566844,合约价格,33.7435,0.109951,0.00,0.00
2025-12-03T12:07:56.417Z,33.78064224566844,33.7481084833788,33.7435,33.7435,V3 池,33.78064224566844,合约价格,33.7435,0.109951,0.00,0.00
2025-12-03T12:07:56.421Z,33.78064224566844,33.7481084833788,33.7435,33.7435,V3 池,33.78064224566844,合约价格,33.7435,0.109951,0.00,0.00
2025-12-03T12:07:56.453Z,33.78064224566844,33.7481084833788,33.7435,33.7435,V3 池,33.78064224566844,合约价格,33.7435,0.109951,0.00,0.00
2025-12-03T12:07:56.479Z,33.78064224566844,33.7481084833788,33.7435,33.7435,V3 池,33.78064224566844,合约价格,33.7435,0.109951,0.00,0.00
2025-12-03T12:07:56.507Z,33.78064224566844,33.7481084833788,33.7435,33.7435,V3 池,33.78064224566844,合约价格,33.7435,0.109951,0.00,0.00
2025-12-03T12:07:56.556Z,33.78064224566844,33.7481084833788,33.7435,33.7435,V3 池,33.78064224566844,合约价格,33.7435,0.109951,0.00,0.00
2025-12-03T12:08:01.470Z,33.78064224566844,33.7481084833788,33.7435,33.7435,V3 池,33.78064224566844,合约价格,33.7435,0.109951,0.00,0.00
2025-12-03T12:08:01.552Z,33.78064224566844,33.7481084833788,33.7435,33.7435,V3 池,33.78064224566844,合约价格,33.7435,0.109951,0.00,0.00
2025-12-03T12:08:01.556Z,33.78064224566844,33.7481084833788,33.7435,33.7435,V3 池,33.78064224566844,合约价格,33.7435,0.109951,0.00,0.00
2025-12-03T12:08:01.684Z,33.78064224566844,33.7481084833788,33.7435,33.7435,V3 池,33.78064224566844,合约价格,33.7435,0.109951,0.00,0.00
2025-12-03T12:08:01.711Z,33.78064224566844,33.7481084833788,33.7435,33.7435,V3 池,33.78064224566844,合约价格,33.7435,0.109951,0.00,0.00
2025-12-03T12:08:01.718Z,33.78064224566844,33.7481084833788,33.7435,33.7435,V3 池,33.78064224566844,合约价格,33.7435,0.109951,0.00,0.00
2025-12-03T12:08:01.778Z,33.78064224566844,33.7481084833788,33.7435,33.7435,V3 池,33.78064224566844,合约价格,33.7435,0.109951,0.00,0.00
2025-12-03T12:08:06.397Z,33.78064224566844,33.7481084833788,33.7435,33.7435,V3 池,33.78064224566844,合约价格,33.7435,0.109951,0.00,0.00
2025-12-03T12:08:06.448Z,33.78064224566844,33.7481084833788,33.7435,33.7435,V3 池,33.78064224566844,合约价格,33.7435,0.109951,0.00,0.00
2025-12-03T12:08:06.468Z,33.78064224566844,33.7481084833788,33.7435,33.7435,V3 池,33.78064224566844,合约价格,33.7435,0.109951,0.00,0.00
2025-12-03T12:08:06.470Z,33.78064224566844,33.7481084833788,33.7435,33.7435,V3 池,33.78064224566844,合约价格,33.7435,0.109951,0.00,0.00
2025-12-03T12:08:06.490Z,33.78064224566844,33.7481084833788,33.7435,33.7435,V3 池,33.78064224566844,合约价格,33.7435,0.109951,0.00,0.00
2025-12-03T12:08:06.527Z,33.78064224566844,33.7481084833788,33.7435,33.7435,V3 池,33.78064224566844,合约价格,33.7435,0.109951,0.00,0.00
2025-12-03T12:08:06.552Z,33.78064224566844,33.7481084833788,33.7435,33.7435,V3 池,33.78064224566844,合约价格,33.7435,0.109951,0.00,0.00
2025-12-03T12:08:11.347Z,33.78064224566844,33.7481084833788,33.7355,33.7355,V3 池,33.78064224566844,合约价格,33.7355,0.133633,0.00,0.00
2025-12-03T12:08:11.429Z,33.78064224566844,33.7481084833788,33.7355,33.7355,V3 池,33.78064224566844,合约价格,33.7355,0.133633,0.00,0.00
2025-12-03T12:08:11.444Z,33.78064224566844,33.7481084833788,33.7355,33.7355,V3 池,33.78064224566844,合约价格,33.7355,0.133633,0.00,0.00
2025-12-03T12:08:11.512Z,33.78064224566844,33.7481084833788,33.7355,33.7355,V3 池,33.78064224566844,合约价格,33.7355,0.133633,0.00,0.00
2025-12-03T12:08:11.571Z,33.78064224566844,33.7481084833788,33.7355,33.7355,V3 池,33.78064224566844,合约价格,33.7355,0.133633,0.00,0.00
2025-12-03T12:08:11.571Z,33.78064224566844,33.7481084833788,33.7355,33.7355,V3 池,33.78064224566844,合约价格,33.7355,0.133633,0.00,0.00
2025-12-03T12:08:11.585Z,33.78064224566844,33.7481084833788,33.7355,33.7355,V3 池,33.78064224566844,合约价格,33.7355,0.133633,0.00,0.00
2025-12-03T12:08:15.957Z,33.78064224566844,33.763530683830645,33.7355,33.7355,V3 池,33.78064224566844,合约价格,33.7355,0.133633,0.00,0.00
2025-12-03T12:08:15.968Z,33.78064224566844,33.763530683830645,33.7355,33.7355,V3 池,33.78064224566844,合约价格,33.7355,0.133633,0.00,0.00
2025-12-03T12:08:15.989Z,33.78064224566844,33.763530683830645,33.7355,33.7355,V3 池,33.78064224566844,合约价格,33.7355,0.133633,0.00,0.00
2025-12-03T12:08:16.077Z,33.78064224566844,33.763530683830645,33.7355,33.7355,V3 池,33.78064224566844,合约价格,33.7355,0.133633,0.00,0.00
2025-12-03T12:08:16.097Z,33.78064224566844,33.763530683830645,33.7355,33.7355,V3 池,33.78064224566844,合约价格,33.7355,0.133633,0.00,0.00
2025-12-03T12:08:16.106Z,33.78064224566844,33.763530683830645,33.7355,33.7355,V3 池,33.78064224566844,合约价格,33.7355,0.133633,0.00,0.00
2025-12-03T12:08:16.107Z,33.78064224566844,33.763530683830645,33.7355,33.7355,V3 池,33.78064224566844,合约价格,33.7355,0.133633,0.00,0.00
2025-12-03T12:08:16.390Z,33.78064224566844,33.763530683830645,33.7355,33.7355,V3 池,33.78064224566844,合约价格,33.7355,0.133633,0.00,0.00
2025-12-03T12:08:16.437Z,33.78064224566844,33.763530683830645,33.7355,33.7355,V3 池,33.78064224566844,合约价格,33.7355,0.133633,0.00,0.00
2025-12-03T12:08:16.468Z,33.78064224566844,33.763530683830645,33.7355,33.7355,V3 池,33.78064224566844,合约价格,33.7355,0.133633,0.00,0.00
2025-12-03T12:08:16.521Z,33.78064224566844,33.763530683830645,33.7355,33.7355,V3 池,33.78064224566844,合约价格,33.7355,0.133633,0.00,0.00
2025-12-03T12:08:16.582Z,33.78064224566844,33.763530683830645,33.7355,33.7355,V3 池,33.78064224566844,合约价格,33.7355,0.133633,0.00,0.00
2025-12-03T12:08:16.642Z,33.78064224566844,33.763530683830645,33.7355,33.7355,V3 池,33.78064224566844,合约价格,33.7355,0.133633,0.00,0.00
2025-12-03T12:08:16.656Z,33.78064224566844,33.763530683830645,33.7355,33.7355,V3 池,33.78064224566844,合约价格,33.7355,0.133633,0.00,0.00
2025-12-03T12:08:21.408Z,33.78064224566844,33.763530683830645,33.7355,33.7355,V3 池,33.78064224566844,合约价格,33.7355,0.133633,0.00,0.00
2025-12-03T12:08:21.438Z,33.78064224566844,33.763530683830645,33.7355,33.7355,V3 池,33.78064224566844,合约价格,33.7355,0.133633,0.00,0.00
2025-12-03T12:08:21.465Z,33.78064224566844,33.763530683830645,33.7355,33.7355,V3 池,33.78064224566844,合约价格,33.7355,0.133633,0.00,0.00
2025-12-03T12:08:21.467Z,33.78064224566844,33.763530683830645,33.7355,33.7355,V3 池,33.78064224566844,合约价格,33.7355,0.133633,0.00,0.00
2025-12-03T12:08:21.513Z,33.78064224566844,33.763530683830645,33.7355,33.7355,V3 池,33.78064224566844,合约价格,33.7355,0.133633,0.00,0.00
2025-12-03T12:08:21.526Z,33.78064224566844,33.763530683830645,33.7355,33.7355,V3 池,33.78064224566844,合约价格,33.7355,0.133633,0.00,0.00
2025-12-03T12:08:21.576Z,33.78064224566844,33.763530683830645,33.7355,33.7355,V3 池,33.78064224566844,合约价格,33.7355,0.133633,0.00,0.00
2025-12-03T12:08:26.460Z,33.78064224566844,33.763530683830645,33.7215,33.7215,V3 池,33.78064224566844,合约价格,33.7215,0.175077,0.00,0.00
2025-12-03T12:08:26.494Z,33.78064224566844,33.763530683830645,33.7215,33.7215,V3 池,33.78064224566844,合约价格,33.7215,0.175077,0.00,0.00
2025-12-03T12:08:26.495Z,33.78064224566844,33.763530683830645,33.7215,33.7215,V3 池,33.78064224566844,合约价格,33.7215,0.175077,0.00,0.00
2025-12-03T12:08:26.549Z,33.78064224566844,33.763530683830645,33.7215,33.7215,V3 池,33.78064224566844,合约价格,33.7215,0.175077,0.00,0.00
2025-12-03T12:08:26.604Z,33.78064224566844,33.763530683830645,33.7215,33.7215,V3 池,33.78064224566844,合约价格,33.7215,0.175077,0.00,0.00
2025-12-03T12:08:26.925Z,33.78064224566844,33.763530683830645,33.7215,33.7215,V3 池,33.78064224566844,合约价格,33.7215,0.175077,0.00,0.00
2025-12-03T12:08:26.961Z,33.78064224566844,33.763530683830645,33.7215,33.7215,V3 池,33.78064224566844,合约价格,33.7215,0.175077,0.00,0.00
2025-12-03T12:08:31.369Z,33.78064224566844,33.763530683830645,33.7145,33.7145,V3 池,33.78064224566844,合约价格,33.7145,0.195799,0.00,0.00
2025-12-03T12:08:31.420Z,33.78064224566844,33.763530683830645,33.7145,33.7145,V3 池,33.78064224566844,合约价格,33.7145,0.195799,0.00,0.00
2025-12-03T12:08:31.503Z,33.78064224566844,33.763530683830645,33.7115,33.7115,V3 池,33.78064224566844,合约价格,33.7115,0.204680,0.00,0.00
2025-12-03T12:08:31.536Z,33.78064224566844,33.763530683830645,33.7115,33.7115,V3 池,33.78064224566844,合约价格,33.7115,0.204680,0.00,0.00
2025-12-03T12:08:31.587Z,33.78064224566844,33.763530683830645,33.7115,33.7115,V3 池,33.78064224566844,合约价格,33.7115,0.204680,0.00,0.00
2025-12-03T12:08:31.699Z,33.78064224566844,33.763530683830645,33.7115,33.7115,V3 池,33.78064224566844,合约价格,33.7115,0.204680,0.00,0.00
2025-12-03T12:08:31.728Z,33.78064224566844,33.763530683830645,33.7115,33.7115,V3 池,33.78064224566844,合约价格,33.7115,0.204680,0.00,0.00
2025-12-03T12:08:33.314Z,33.77835487530189,33.763530683830645,33.7145,33.7145,V3 池,33.77835487530189,合约价格,33.7145,0.189041,0.00,0.00
2025-12-03T12:08:33.375Z,33.77835487530189,33.763530683830645,33.7115,33.7115,V3 池,33.77835487530189,合约价格,33.7115,0.197922,0.00,0.00
2025-12-03T12:08:33.424Z,33.77835487530189,33.763530683830645,33.7115,33.7115,V3 池,33.77835487530189,合约价格,33.7115,0.197922,0.00,0.00
2025-12-03T12:08:33.455Z,33.77835487530189,33.763530683830645,33.7115,33.7115,V3 池,33.77835487530189,合约价格,33.7115,0.197922,0.00,0.00
2025-12-03T12:08:33.458Z,33.77835487530189,33.763530683830645,33.7115,33.7115,V3 池,33.77835487530189,合约价格,33.7115,0.197922,0.00,0.00
2025-12-03T12:08:33.533Z,33.77835487530189,33.763530683830645,33.7145,33.7145,V3 池,33.77835487530189,合约价格,33.7145,0.189041,0.00,0.00
2025-12-03T12:08:33.610Z,33.77835487530189,33.763530683830645,33.7115,33.7115,V3 池,33.77835487530189,合约价格,33.7115,0.197922,0.00,0.00
2025-12-03T12:08:36.381Z,33.77835487530189,33.763530683830645,33.7115,33.7115,V3 池,33.77835487530189,合约价格,33.7115,0.197922,0.00,0.00
2025-12-03T12:08:36.404Z,33.77835487530189,33.763530683830645,33.7115,33.7115,V3 池,33.77835487530189,合约价格,33.7115,0.197922,0.00,0.00
2025-12-03T12:08:36.412Z,33.77835487530189,33.763530683830645,33.7115,33.7115,V3 池,33.77835487530189,合约价格,33.7115,0.197922,0.00,0.00
2025-12-03T12:08:36.433Z,33.77835487530189,33.763530683830645,33.7115,33.7115,V3 池,33.77835487530189,合约价格,33.7115,0.197922,0.00,0.00
2025-12-03T12:08:36.496Z,33.77835487530189,33.763530683830645,33.7115,33.7115,V3 池,33.77835487530189,合约价格,33.7115,0.197922,0.00,0.00
2025-12-03T12:08:36.584Z,33.77835487530189,33.763530683830645,33.7115,33.7115,V3 池,33.77835487530189,合约价格,33.7115,0.197922,0.00,0.00
2025-12-03T12:08:36.736Z,33.77835487530189,33.763530683830645,33.7115,33.7115,V3 池,33.77835487530189,合约价格,33.7115,0.197922,0.00,0.00
2025-12-03T12:08:41.214Z,33.76951951462736,33.763530683830645,33.7115,33.7115,V3 池,33.76951951462736,合约价格,33.7115,0.171810,0.00,0.00
2025-12-03T12:08:41.283Z,33.76951951462736,33.763530683830645,33.7115,33.7115,V3 池,33.76951951462736,合约价格,33.7115,0.171810,0.00,0.00
2025-12-03T12:08:41.288Z,33.76951951462736,33.763530683830645,33.7115,33.7115,V3 池,33.76951951462736,合约价格,33.7115,0.171810,0.00,0.00
2025-12-03T12:08:41.289Z,33.76951951462736,33.763530683830645,33.7115,33.7115,V3 池,33.76951951462736,合约价格,33.7115,0.171810,0.00,0.00
2025-12-03T12:08:41.294Z,33.76951951462736,33.763530683830645,33.7115,33.7115,V3 池,33.76951951462736,合约价格,33.7115,0.171810,0.00,0.00
2025-12-03T12:08:41.342Z,33.76951951462736,33.763530683830645,33.7115,33.7115,V3 池,33.76951951462736,合约价格,33.7115,0.171810,0.00,0.00
2025-12-03T12:08:41.354Z,33.76951951462736,33.763530683830645,33.7065,33.7065,V3 池,33.76951951462736,合约价格,33.7065,0.186617,0.00,0.00
2025-12-03T12:08:41.379Z,33.76951951462736,33.763530683830645,33.7115,33.7115,V3 池,33.76951951462736,合约价格,33.7115,0.171810,0.00,0.00
2025-12-03T12:08:41.550Z,33.76951951462736,33.763530683830645,33.7065,33.7065,V3 池,33.76951951462736,合约价格,33.7065,0.186617,0.00,0.00
2025-12-03T12:08:41.582Z,33.76951951462736,33.763530683830645,33.7065,33.7065,V3 池,33.76951951462736,合约价格,33.7065,0.186617,0.00,0.00
2025-12-03T12:08:41.586Z,33.76951951462736,33.763530683830645,33.7065,33.7065,V3 池,33.76951951462736,合约价格,33.7065,0.186617,0.00,0.00
2025-12-03T12:08:41.588Z,33.76951951462736,33.763530683830645,33.7065,33.7065,V3 池,33.76951951462736,合约价格,33.7065,0.186617,0.00,0.00
2025-12-03T12:08:41.588Z,33.76951951462736,33.763530683830645,33.7065,33.7065,V3 池,33.76951951462736,合约价格,33.7065,0.186617,0.00,0.00
2025-12-03T12:08:41.711Z,33.76951951462736,33.763530683830645,33.7065,33.7065,V3 池,33.76951951462736,合约价格,33.7065,0.186617,0.00,0.00
2025-12-03T12:08:42.094Z,33.76342650572838,33.763530683830645,33.7065,33.7065,V4 池,33.763530683830645,合约价格,33.7065,0.168912,0.00,0.00
2025-12-03T12:08:42.095Z,33.76342650572838,33.763530683830645,33.7065,33.7065,V4 池,33.763530683830645,合约价格,33.7065,0.168912,0.00,0.00
2025-12-03T12:08:42.123Z,33.76342650572838,33.763530683830645,33.7065,33.7065,V4 池,33.763530683830645,合约价格,33.7065,0.168912,0.00,0.00
2025-12-03T12:08:42.197Z,33.76342650572838,33.763530683830645,33.7065,33.7065,V4 池,33.763530683830645,合约价格,33.7065,0.168912,0.00,0.00
2025-12-03T12:08:42.780Z,33.76342650572838,33.763530683830645,33.7065,33.7065,V4 池,33.763530683830645,合约价格,33.7065,0.168912,0.00,0.00
2025-12-03T12:08:42.806Z,33.76342650572838,33.763530683830645,33.7065,33.7065,V4 池,33.763530683830645,合约价格,33.7065,0.168912,0.00,0.00
2025-12-03T12:08:42.993Z,33.76342650572838,33.763530683830645,33.7065,33.7065,V4 池,33.763530683830645,合约价格,33.7065,0.168912,0.00,0.00
2025-12-03T12:08:46.398Z,33.76342650572838,33.763530683830645,33.711,33.711,V4 池,33.763530683830645,合约价格,33.711,0.155584,0.00,0.00
2025-12-03T12:08:46.411Z,33.76342650572838,33.763530683830645,33.711,33.711,V4 池,33.763530683830645,合约价格,33.711,0.155584,0.00,0.00
2025-12-03T12:08:46.476Z,33.76342650572838,33.763530683830645,33.711,33.711,V4 池,33.763530683830645,合约价格,33.711,0.155584,0.00,0.00
2025-12-03T12:08:46.509Z,33.76342650572838,33.763530683830645,33.711,33.711,V4 池,33.763530683830645,合约价格,33.711,0.155584,0.00,0.00
2025-12-03T12:08:46.520Z,33.76342650572838,33.763530683830645,33.711,33.711,V4 池,33.763530683830645,合约价格,33.711,0.155584,0.00,0.00
2025-12-03T12:08:46.522Z,33.76342650572838,33.763530683830645,33.711,33.711,V4 池,33.763530683830645,合约价格,33.711,0.155584,0.00,0.00
2025-12-03T12:08:46.541Z,33.76342650572838,33.763530683830645,33.711,33.711,V4 池,33.763530683830645,合约价格,33.711,0.155584,0.00,0.00
2025-12-03T12:08:51.457Z,33.76342650572838,33.763530683830645,33.703,33.703,V4 池,33.763530683830645,合约价格,33.703,0.179278,0.00,0.00
2025-12-03T12:08:51.517Z,33.76342650572838,33.763530683830645,33.703,33.703,V4 池,33.763530683830645,合约价格,33.703,0.179278,0.00,0.00
2025-12-03T12:08:51.539Z,33.76342650572838,33.763530683830645,33.703,33.703,V4 池,33.763530683830645,合约价格,33.703,0.179278,0.00,0.00
2025-12-03T12:08:51.558Z,33.76342650572838,33.763530683830645,33.703,33.703,V4 池,33.763530683830645,合约价格,33.703,0.179278,0.00,0.00
2025-12-03T12:08:51.636Z,33.76342650572838,33.763530683830645,33.703,33.703,V4 池,33.763530683830645,合约价格,33.703,0.179278,0.00,0.00
2025-12-03T12:08:51.831Z,33.76342650572838,33.763530683830645,33.703,33.703,V4 池,33.763530683830645,合约价格,33.703,0.179278,0.00,0.00
2025-12-03T12:08:51.873Z,33.76342650572838,33.763530683830645,33.703,33.703,V4 池,33.763530683830645,合约价格,33.703,0.179278,0.00,0.00
2025-12-03T12:08:56.370Z,33.76342650572838,33.763530683830645,33.6915,33.6915,V4 池,33.763530683830645,合约价格,33.6915,0.213339,0.00,0.00
2025-12-03T12:08:56.391Z,33.76342650572838,33.763530683830645,33.6915,33.6915,V4 池,33.763530683830645,合约价格,33.6915,0.213339,0.00,0.00
2025-12-03T12:08:56.437Z,33.76342650572838,33.763530683830645,33.6915,33.6915,V4 池,33.763530683830645,合约价格,33.6915,0.213339,0.00,0.00
2025-12-03T12:08:56.461Z,33.76342650572838,33.763530683830645,33.6915,33.6915,V4 池,33.763530683830645,合约价格,33.6915,0.213339,0.00,0.00
2025-12-03T12:08:56.467Z,33.76342650572838,33.763530683830645,33.6915,33.6915,V4 池,33.763530683830645,合约价格,33.6915,0.213339,0.00,0.00
2025-12-03T12:08:56.483Z,33.76342650572838,33.763530683830645,33.6915,33.6915,V4 池,33.763530683830645,合约价格,33.6915,0.213339,0.00,0.00
2025-12-03T12:08:56.501Z,33.76342650572838,33.763530683830645,33.6915,33.6915,V4 池,33.763530683830645,合约价格,33.6915,0.213339,0.00,0.00
2025-12-03T12:09:01.351Z,33.76342650572838,33.763530683830645,33.696,33.696,V4 池,33.763530683830645,合约价格,33.696,0.200011,0.00,0.00
2025-12-03T12:09:01.425Z,33.76342650572838,33.763530683830645,33.696,33.696,V4 池,33.763530683830645,合约价格,33.696,0.200011,0.00,0.00
2025-12-03T12:09:01.504Z,33.76342650572838,33.763530683830645,33.696,33.696,V4 池,33.763530683830645,合约价格,33.696,0.200011,0.00,0.00
2025-12-03T12:09:01.505Z,33.76342650572838,33.763530683830645,33.6955,33.6955,V4 池,33.763530683830645,合约价格,33.6955,0.201492,0.00,0.00
2025-12-03T12:09:01.570Z,33.76342650572838,33.763530683830645,33.6955,33.6955,V4 池,33.763530683830645,合约价格,33.6955,0.201492,0.00,0.00
2025-12-03T12:09:01.595Z,33.76342650572838,33.763530683830645,33.6955,33.6955,V4 池,33.763530683830645,合约价格,33.6955,0.201492,0.00,0.00
2025-12-03T12:09:01.604Z,33.76342650572838,33.763530683830645,33.6955,33.6955,V4 池,33.763530683830645,合约价格,33.6955,0.201492,0.00,0.00
2025-12-03T12:09:03.267Z,33.75954185963046,33.763530683830645,33.696,33.696,V4 池,33.763530683830645,合约价格,33.696,0.200011,0.00,0.00
2025-12-03T12:09:03.676Z,33.75954185963046,33.763530683830645,33.696,33.696,V4 池,33.763530683830645,合约价格,33.696,0.200011,0.00,0.00
2025-12-03T12:09:03.799Z,33.75954185963046,33.763530683830645,33.6955,33.6955,V4 池,33.763530683830645,合约价格,33.6955,0.201492,0.00,0.00
2025-12-03T12:09:03.812Z,33.75954185963046,33.763530683830645,33.6955,33.6955,V4 池,33.763530683830645,合约价格,33.6955,0.201492,0.00,0.00
2025-12-03T12:09:04.002Z,33.75954185963046,33.763530683830645,33.6955,33.6955,V4 池,33.763530683830645,合约价格,33.6955,0.201492,0.00,0.00
2025-12-03T12:09:04.081Z,33.75954185963046,33.763530683830645,33.6955,33.6955,V4 池,33.763530683830645,合约价格,33.6955,0.201492,0.00,0.00
2025-12-03T12:09:04.099Z,33.75954185963046,33.763530683830645,33.696,33.696,V4 池,33.763530683830645,合约价格,33.696,0.200011,0.00,0.00
2025-12-03T12:09:06.339Z,33.75954185963046,33.763530683830645,33.6895,33.6895,V4 池,33.763530683830645,合约价格,33.6895,0.219262,0.00,0.00
2025-12-03T12:09:06.397Z,33.75954185963046,33.763530683830645,33.6895,33.6895,V4 池,33.763530683830645,合约价格,33.6895,0.219262,0.00,0.00
2025-12-03T12:09:06.419Z,33.75954185963046,33.763530683830645,33.6895,33.6895,V4 池,33.763530683830645,合约价格,33.6895,0.219262,0.00,0.00
2025-12-03T12:09:06.509Z,33.75954185963046,33.763530683830645,33.6895,33.6895,V4 池,33.763530683830645,合约价格,33.6895,0.219262,0.00,0.00
2025-12-03T12:09:06.529Z,33.75954185963046,33.763530683830645,33.6895,33.6895,V4 池,33.763530683830645,合约价格,33.6895,0.219262,0.00,0.00
2025-12-03T12:09:06.573Z,33.75954185963046,33.763530683830645,33.6895,33.6895,V4 池,33.763530683830645,合约价格,33.6895,0.219262,0.00,0.00
2025-12-03T12:09:06.622Z,33.75954185963046,33.763530683830645,33.6895,33.6895,V4 池,33.763530683830645,合约价格,33.6895,0.219262,0.00,0.00
2025-12-03T12:09:11.329Z,33.75954185963046,33.763530683830645,33.692,33.692,V4 池,33.763530683830645,合约价格,33.692,0.211858,0.00,0.00
2025-12-03T12:09:11.354Z,33.75954185963046,33.763530683830645,33.692,33.692,V4 池,33.763530683830645,合约价格,33.692,0.211858,0.00,0.00
2025-12-03T12:09:11.372Z,33.75954185963046,33.763530683830645,33.692,33.692,V4 池,33.763530683830645,合约价格,33.692,0.211858,0.00,0.00
2025-12-03T12:09:11.456Z,33.75954185963046,33.763530683830645,33.692,33.692,V4 池,33.763530683830645,合约价格,33.692,0.211858,0.00,0.00
2025-12-03T12:09:11.551Z,33.75954185963046,33.763530683830645,33.692,33.692,V4 池,33.763530683830645,合约价格,33.692,0.211858,0.00,0.00
2025-12-03T12:09:11.603Z,33.75954185963046,33.763530683830645,33.692,33.692,V4 池,33.763530683830645,合约价格,33.692,0.211858,0.00,0.00
2025-12-03T12:09:11.634Z,33.75954185963046,33.763530683830645,33.692,33.692,V4 池,33.763530683830645,合约价格,33.692,0.211858,0.00,0.00
2025-12-03T12:09:16.310Z,33.75954185963046,33.763530683830645,33.709,33.709,V4 池,33.763530683830645,合约价格,33.709,0.161508,0.00,0.00
2025-12-03T12:09:16.312Z,33.75954185963046,33.763530683830645,33.709,33.709,V4 池,33.763530683830645,合约价格,33.709,0.161508,0.00,0.00
2025-12-03T12:09:16.375Z,33.75954185963046,33.763530683830645,33.709,33.709,V4 池,33.763530683830645,合约价格,33.709,0.161508,0.00,0.00
2025-12-03T12:09:16.398Z,33.75954185963046,33.763530683830645,33.709,33.709,V4 池,33.763530683830645,合约价格,33.709,0.161508,0.00,0.00
2025-12-03T12:09:16.513Z,33.75954185963046,33.763530683830645,33.709,33.709,V4 池,33.763530683830645,合约价格,33.709,0.161508,0.00,0.00
2025-12-03T12:09:16.530Z,33.75954185963046,33.763530683830645,33.709,33.709,V4 池,33.763530683830645,合约价格,33.709,0.161508,0.00,0.00
2025-12-03T12:09:16.589Z,33.75954185963046,33.763530683830645,33.709,33.709,V4 池,33.763530683830645,合约价格,33.709,0.161508,0.00,0.00
2025-12-03T12:09:21.398Z,33.75954185963046,33.763530683830645,33.7205,33.7205,V4 池,33.763530683830645,合约价格,33.7205,0.127447,0.00,0.00
2025-12-03T12:09:21.398Z,33.75954185963046,33.763530683830645,33.7205,33.7205,V4 池,33.763530683830645,合约价格,33.7205,0.127447,0.00,0.00
2025-12-03T12:09:21.446Z,33.75954185963046,33.763530683830645,33.7205,33.7205,V4 池,33.763530683830645,合约价格,33.7205,0.127447,0.00,0.00
2025-12-03T12:09:21.459Z,33.75954185963046,33.763530683830645,33.7205,33.7205,V4 池,33.763530683830645,合约价格,33.7205,0.127447,0.00,0.00
2025-12-03T12:09:21.475Z,33.75954185963046,33.763530683830645,33.7205,33.7205,V4 池,33.763530683830645,合约价格,33.7205,0.127447,0.00,0.00
2025-12-03T12:09:21.497Z,33.75954185963046,33.763530683830645,33.7205,33.7205,V4 池,33.763530683830645,合约价格,33.7205,0.127447,0.00,0.00
2025-12-03T12:09:21.536Z,33.75954185963046,33.763530683830645,33.7205,33.7205,V4 池,33.763530683830645,合约价格,33.7205,0.127447,0.00,0.00
2025-12-03T12:09:26.406Z,33.75954185963046,33.763530683830645,33.724,33.724,V4 池,33.763530683830645,合约价格,33.724,0.117081,0.00,0.00
2025-12-03T12:09:26.409Z,33.75954185963046,33.763530683830645,33.724,33.724,V4 池,33.763530683830645,合约价格,33.724,0.117081,0.00,0.00
2025-12-03T12:09:26.455Z,33.75954185963046,33.763530683830645,33.724,33.724,V4 池,33.763530683830645,合约价格,33.724,0.117081,0.00,0.00
2025-12-03T12:09:26.505Z,33.75954185963046,33.763530683830645,33.724,33.724,V4 池,33.763530683830645,合约价格,33.724,0.117081,0.00,0.00
2025-12-03T12:09:26.511Z,33.75954185963046,33.763530683830645,33.724,33.724,V4 池,33.763530683830645,合约价格,33.724,0.117081,0.00,0.00
2025-12-03T12:09:26.530Z,33.75954185963046,33.763530683830645,33.724,33.724,V4 池,33.763530683830645,合约价格,33.724,0.117081,0.00,0.00
2025-12-03T12:09:26.574Z,33.75954185963046,33.763530683830645,33.724,33.724,V4 池,33.763530683830645,合约价格,33.724,0.117081,0.00,0.00
2025-12-03T12:09:31.327Z,33.75954185963046,33.763530683830645,33.724,33.724,V4 池,33.763530683830645,合约价格,33.724,0.117081,0.00,0.00
2025-12-03T12:09:31.370Z,33.75954185963046,33.763530683830645,33.724,33.724,V4 池,33.763530683830645,合约价格,33.724,0.117081,0.00,0.00
2025-12-03T12:09:31.375Z,33.75954185963046,33.763530683830645,33.724,33.724,V4 池,33.763530683830645,合约价格,33.724,0.117081,0.00,0.00
2025-12-03T12:09:31.430Z,33.75954185963046,33.763530683830645,33.724,33.724,V4 池,33.763530683830645,合约价格,33.724,0.117081,0.00,0.00
2025-12-03T12:09:31.430Z,33.75954185963046,33.763530683830645,33.724,33.724,V4 池,33.763530683830645,合约价格,33.724,0.117081,0.00,0.00
2025-12-03T12:09:31.467Z,33.75954185963046,33.763530683830645,33.724,33.724,V4 池,33.763530683830645,合约价格,33.724,0.117081,0.00,0.00
2025-12-03T12:09:31.622Z,33.75954185963046,33.763530683830645,33.724,33.724,V4 池,33.763530683830645,合约价格,33.724,0.117081,0.00,0.00
2025-12-03T12:09:36.378Z,33.75954185963046,33.763530683830645,33.711,33.711,V4 池,33.763530683830645,合约价格,33.711,0.155584,0.00,0.00
2025-12-03T12:09:36.382Z,33.75954185963046,33.763530683830645,33.711,33.711,V4 池,33.763530683830645,合约价格,33.711,0.155584,0.00,0.00
2025-12-03T12:09:36.393Z,33.75954185963046,33.763530683830645,33.711,33.711,V4 池,33.763530683830645,合约价格,33.711,0.155584,0.00,0.00
2025-12-03T12:09:36.419Z,33.75954185963046,33.763530683830645,33.711,33.711,V4 池,33.763530683830645,合约价格,33.711,0.155584,0.00,0.00
2025-12-03T12:09:36.444Z,33.75954185963046,33.763530683830645,33.711,33.711,V4 池,33.763530683830645,合约价格,33.711,0.155584,0.00,0.00
2025-12-03T12:09:36.466Z,33.75954185963046,33.763530683830645,33.711,33.711,V4 池,33.763530683830645,合约价格,33.711,0.155584,0.00,0.00
2025-12-03T12:09:36.713Z,33.75954185963046,33.763530683830645,33.711,33.711,V4 池,33.763530683830645,合约价格,33.711,0.155584,0.00,0.00
2025-12-03T12:09:41.412Z,33.75954185963046,33.763530683830645,33.722,33.722,V4 池,33.763530683830645,合约价格,33.722,0.123005,0.00,0.00
2025-12-03T12:09:41.448Z,33.75954185963046,33.763530683830645,33.722,33.722,V4 池,33.763530683830645,合约价格,33.722,0.123005,0.00,0.00
2025-12-03T12:09:41.454Z,33.75954185963046,33.763530683830645,33.722,33.722,V4 池,33.763530683830645,合约价格,33.722,0.123005,0.00,0.00
2025-12-03T12:09:41.512Z,33.75954185963046,33.763530683830645,33.722,33.722,V4 池,33.763530683830645,合约价格,33.722,0.123005,0.00,0.00
2025-12-03T12:09:41.516Z,33.75954185963046,33.763530683830645,33.722,33.722,V4 池,33.763530683830645,合约价格,33.722,0.123005,0.00,0.00
2025-12-03T12:09:41.558Z,33.75954185963046,33.763530683830645,33.722,33.722,V4 池,33.763530683830645,合约价格,33.722,0.123005,0.00,0.00
2025-12-03T12:09:41.638Z,33.75954185963046,33.763530683830645,33.722,33.722,V4 池,33.763530683830645,合约价格,33.722,0.123005,0.00,0.00
2025-12-03T12:09:46.338Z,33.75954185963046,33.763530683830645,33.7245,33.7245,V4 池,33.763530683830645,合约价格,33.7245,0.115600,0.00,0.00
2025-12-03T12:09:46.439Z,33.75954185963046,33.763530683830645,33.7245,33.7245,V4 池,33.763530683830645,合约价格,33.7245,0.115600,0.00,0.00
2025-12-03T12:09:46.549Z,33.75954185963046,33.763530683830645,33.7245,33.7245,V4 池,33.763530683830645,合约价格,33.7245,0.115600,0.00,0.00
2025-12-03T12:09:46.561Z,33.75954185963046,33.763530683830645,33.7245,33.7245,V4 池,33.763530683830645,合约价格,33.7245,0.115600,0.00,0.00
2025-12-03T12:09:46.608Z,33.75954185963046,33.763530683830645,33.7245,33.7245,V4 池,33.763530683830645,合约价格,33.7245,0.115600,0.00,0.00
2025-12-03T12:09:46.629Z,33.75954185963046,33.763530683830645,33.7245,33.7245,V4 池,33.763530683830645,合约价格,33.7245,0.115600,0.00,0.00
2025-12-03T12:09:46.725Z,33.75954185963046,33.763530683830645,33.7245,33.7245,V4 池,33.763530683830645,合约价格,33.7245,0.115600,0.00,0.00
